<Stats deaths="232" kills="25" player_kills="0" player_projectile_count="0" >
  <death_map>
    <E key="NULL | $damage_drowning" value="4" >
    </E>
    <E key="NULL | $damage_electricity" value="4" >
    </E>
    <E key="NULL | $damage_explosion" value="65" >
    </E>
    <E key="NULL | $damage_fire" value="12" >
    </E>
    <E key="NULL | $damage_physicshit" value="4" >
    </E>
    <E key="NULL | damage from material: acid" value="4" >
    </E>
    <E key="NULL | damage from material: lava" value="3" >
    </E>
    <E key="NULL | damage from material: toxic rock" value="9" >
    </E>
    <E key="acidshooter | $damage_projectile" value="1" >
    </E>
    <E key="blob | $damage_melee" value="1" >
    </E>
    <E key="death_ghost | $damage_curse" value="1" >
    </E>
    <E key="effect_curse_cloud_01_temporary | $damage_explosion" value="1" >
    </E>
    <E key="frog_big | $damage_melee" value="2" >
    </E>
    <E key="homunculus | $damage_projectile" value="8" >
    </E>
    <E key="necromancer_super | $damage_explosion" value="1" >
    </E>
    <E key="orb_laseremitter_cutter | $damage_plasmabeam" value="1" >
    </E>
    <E key="player | $damage_drill" value="1" >
    </E>
    <E key="player | $damage_electricity" value="2" >
    </E>
    <E key="player | $damage_explosion" value="3" >
    </E>
    <E key="player | $damage_fire" value="1" >
    </E>
    <E key="player | $damage_ice" value="1" >
    </E>
    <E key="player | $damage_plasmabeam" value="3" >
    </E>
    <E key="player | $damage_projectile" value="71" >
    </E>
    <E key="player | $damage_slice" value="6" >
    </E>
    <E key="player | hit" value="1" >
    </E>
    <E key="player_rng_items | $damage_explosion" value="1" >
    </E>
    <E key="playerghost | $damage_projectile" value="2" >
    </E>
    <E key="roboguard | $damage_explosion" value="2" >
    </E>
    <E key="roboguard | $damage_projectile" value="1" >
    </E>
    <E key="scavenger_invis | $damage_explosion" value="1" >
    </E>
    <E key="scavenger_leader | $damage_projectile" value="1" >
    </E>
    <E key="scavenger_poison | $damage_projectile" value="1" >
    </E>
    <E key="skygazer | $damage_projectile" value="1" >
    </E>
    <E key="slimeshooter_nontoxic | $damage_melee" value="1" >
    </E>
    <E key="slimeshooter_nontoxic | $damage_projectile" value="3" >
    </E>
    <E key="tank_rocket | $damage_explosion" value="1" >
    </E>
    <E key="thundermage | $damage_electricity" value="1" >
    </E>
    <E key="wizard_swapper | $damage_projectile" value="1" >
    </E>
    <E key="wizard_swapper | $damage_slice" value="2" >
    </E>
    <E key="wizard_tele | $damage_explosion" value="1" >
    </E>
    <E key="worm | worm bite" value="1" >
    </E>
    <E key="worm_big | worm bite" value="1" >
    </E>
  </death_map>
  <kill_map>
    <E key="acidshooter" value="1" >
    </E>
    <E key="alchemist" value="1" >
    </E>
    <E key="blob" value="2" >
    </E>
    <E key="drone_physics" value="1" >
    </E>
    <E key="frog" value="1" >
    </E>
    <E key="miniblob" value="8" >
    </E>
    <E key="rat" value="1" >
    </E>
    <E key="scavenger_invis" value="1" >
    </E>
    <E key="tentacler" value="1" >
    </E>
    <E key="tentacler_small" value="2" >
    </E>
    <E key="zombie" value="6" >
    </E>
  </kill_map>
</Stats>
