<Stats deaths="153" kills="130" player_kills="1" player_projectile_count="0" >
  <death_map>
    <E key="NULL | $damage_electricity" value="2" >
    </E>
    <E key="NULL | $damage_explosion" value="27" >
    </E>
    <E key="NULL | $damage_physicshit" value="13" >
    </E>
    <E key="NULL | damage from material: concentrated mana" value="1" >
    </E>
    <E key="drone_lasership | $damage_projectile" value="2" >
    </E>
    <E key="homunculus | $damage_projectile" value="1" >
    </E>
    <E key="iceskull | $damage_ice" value="1" >
    </E>
    <E key="player | $damage_electricity" value="5" >
    </E>
    <E key="player | $damage_explosion" value="12" >
    </E>
    <E key="player | $damage_physicshit" value="1" >
    </E>
    <E key="player | $damage_projectile" value="75" >
    </E>
    <E key="player | $damage_slice" value="3" >
    </E>
    <E key="pollen | $damage_rock_curse" value="1" >
    </E>
    <E key="scavenger_grenade | $damage_projectile" value="2" >
    </E>
    <E key="tank_rocket | $damage_explosion" value="2" >
    </E>
    <E key="worm_big | worm bite" value="3" >
    </E>
    <E key="worm_tiny | worm bite" value="2" >
    </E>
  </death_map>
  <kill_map>
    <E key="acidshooter" value="1" >
    </E>
    <E key="acidshot" value="1" >
    </E>
    <E key="berserkspirit" value="1" >
    </E>
    <E key="bigzombie" value="3" >
    </E>
    <E key="bigzombiehead" value="3" >
    </E>
    <E key="bigzombietorso" value="1" >
    </E>
    <E key="confusespirit" value="1" >
    </E>
    <E key="drone_lasership" value="2" >
    </E>
    <E key="fish_large" value="1" >
    </E>
    <E key="iceskull" value="21" >
    </E>
    <E key="miniblob" value="4" >
    </E>
    <E key="pebble_physics" value="1" >
    </E>
    <E key="plague_rats_rat" value="1" >
    </E>
    <E key="player" value="1" >
    </E>
    <E key="pollen" value="1" >
    </E>
    <E key="rat" value="70" >
    </E>
    <E key="scavenger_grenade" value="3" >
    </E>
    <E key="scavenger_heal" value="1" >
    </E>
    <E key="scavenger_invis" value="1" >
    </E>
    <E key="scavenger_smg" value="4" >
    </E>
    <E key="shotgunner" value="3" >
    </E>
    <E key="sniper" value="1" >
    </E>
    <E key="tank" value="1" >
    </E>
    <E key="tank_rocket" value="2" >
    </E>
    <E key="thunderskull" value="1" >
    </E>
  </kill_map>
</Stats>
