<Stats deaths="12812" kills="415" player_kills="0" player_projectile_count="0" >
  <death_map>
    <E key="NULL | $damage_drowning" value="289" >
    </E>
    <E key="NULL | $damage_electricity" value="55" >
    </E>
    <E key="NULL | $damage_explosion" value="893" >
    </E>
    <E key="NULL | $damage_fire" value="612" >
    </E>
    <E key="NULL | $damage_ice" value="15" >
    </E>
    <E key="NULL | $damage_melee" value="8" >
    </E>
    <E key="NULL | $damage_physicshit" value="436" >
    </E>
    <E key="NULL | $damage_plasmabeam" value="3" >
    </E>
    <E key="NULL | $damage_projectile" value="21" >
    </E>
    <E key="NULL | damage from material: Poison" value="1" >
    </E>
    <E key="NULL | damage from material: acid" value="65" >
    </E>
    <E key="NULL | damage from material: freezing liquid" value="31" >
    </E>
    <E key="NULL | damage from material: freezing vapour" value="116" >
    </E>
    <E key="NULL | damage from material: frozen acid" value="1" >
    </E>
    <E key="NULL | damage from material: lava" value="75" >
    </E>
    <E key="NULL | damage from material: toxic gas" value="9" >
    </E>
    <E key="NULL | damage from material: toxic rock" value="85" >
    </E>
    <E key="acidshooter | $damage_melee" value="5" >
    </E>
    <E key="acidshooter | $damage_projectile" value="27" >
    </E>
    <E key="ant | $damage_melee" value="19" >
    </E>
    <E key="assassin | $damage_melee" value="5" >
    </E>
    <E key="bat | $damage_melee" value="314" >
    </E>
    <E key="bigbat | $damage_melee" value="27" >
    </E>
    <E key="bigfirebug | $damage_fire" value="3" >
    </E>
    <E key="bigfirebug | $damage_melee" value="7" >
    </E>
    <E key="bigfirebug | $damage_projectile" value="19" >
    </E>
    <E key="bigzombie | $damage_melee" value="2" >
    </E>
    <E key="blob | $damage_melee" value="167" >
    </E>
    <E key="boss_meat | $damage_projectile" value="1" >
    </E>
    <E key="boss_pit | $damage_projectile" value="1" >
    </E>
    <E key="bubbleshot | $damage_plasmabeam" value="1" >
    </E>
    <E key="chest_mimic | $damage_melee" value="4" >
    </E>
    <E key="cloud_thunder | $damage_explosion" value="1" >
    </E>
    <E key="contact_damage | $damage_curse" value="8" >
    </E>
    <E key="death_ghost | $damage_curse" value="30" >
    </E>
    <E key="drone_lasership | $damage_explosion" value="1" >
    </E>
    <E key="drone_physics | $damage_explosion" value="13" >
    </E>
    <E key="drone_physics | $damage_projectile" value="34" >
    </E>
    <E key="firebug | $damage_fire" value="102" >
    </E>
    <E key="firebug | $damage_melee" value="42" >
    </E>
    <E key="fireskull | $damage_melee" value="28" >
    </E>
    <E key="fly | $damage_melee" value="18" >
    </E>
    <E key="frog | $damage_melee" value="21" >
    </E>
    <E key="frog_big | $damage_melee" value="10" >
    </E>
    <E key="fungus | $damage_melee" value="4" >
    </E>
    <E key="giant | $damage_melee" value="48" >
    </E>
    <E key="giantshooter | $damage_melee" value="3" >
    </E>
    <E key="goblin_bomb | $damage_explosion" value="39" >
    </E>
    <E key="goblin_bomb | $damage_melee" value="73" >
    </E>
    <E key="homunculus | $damage_projectile" value="25" >
    </E>
    <E key="icemage | $damage_explosion" value="32" >
    </E>
    <E key="icemage | $damage_ice" value="28" >
    </E>
    <E key="icemage | $damage_melee" value="2" >
    </E>
    <E key="iceskull | $damage_explosion" value="131" >
    </E>
    <E key="iceskull | $damage_ice" value="428" >
    </E>
    <E key="iceskull | $damage_melee" value="199" >
    </E>
    <E key="lukki | hit" value="23" >
    </E>
    <E key="lukki_minion | $damage_curse" value="5" >
    </E>
    <E key="maggot | $damage_explosion" value="1" >
    </E>
    <E key="maggot | $damage_melee" value="1" >
    </E>
    <E key="meatmaggot | worm bite" value="14" >
    </E>
    <E key="miner | $damage_explosion" value="181" >
    </E>
    <E key="miner | $damage_melee" value="118" >
    </E>
    <E key="miner | $damage_projectile" value="1" >
    </E>
    <E key="miner_hell | $damage_explosion" value="9" >
    </E>
    <E key="miner_hell | $damage_melee" value="1" >
    </E>
    <E key="miner_weak | $damage_explosion" value="4" >
    </E>
    <E key="miniblob | $damage_melee" value="118" >
    </E>
    <E key="monk | $damage_projectile" value="13" >
    </E>
    <E key="necrobot | $damage_projectile" value="7" >
    </E>
    <E key="necromancer | $damage_melee" value="1" >
    </E>
    <E key="orb_laseremitter_cutter | $damage_plasmabeam" value="4" >
    </E>
    <E key="physics_die | $damage_melee" value="2" >
    </E>
    <E key="physics_ragdoll_part_exploding | $damage_explosion" value="20" >
    </E>
    <E key="player | $damage_curse" value="11" >
    </E>
    <E key="player | $damage_drill" value="1" >
    </E>
    <E key="player | $damage_electricity" value="4" >
    </E>
    <E key="player | $damage_explosion" value="76" >
    </E>
    <E key="player | $damage_fire" value="4" >
    </E>
    <E key="player | $damage_ice" value="17" >
    </E>
    <E key="player | $damage_melee" value="2" >
    </E>
    <E key="player | $damage_physicshit" value="2" >
    </E>
    <E key="player | $damage_plasmabeam" value="12" >
    </E>
    <E key="player | $damage_projectile" value="838" >
    </E>
    <E key="player | $damage_slice" value="179" >
    </E>
    <E key="player | hit" value="5" >
    </E>
    <E key="player_rng_items | $damage_explosion" value="4" >
    </E>
    <E key="player_rng_items | $damage_projectile" value="8" >
    </E>
    <E key="playerghost | $damage_melee" value="2" >
    </E>
    <E key="playerghost | $damage_projectile" value="3" >
    </E>
    <E key="playerghost | $damage_slice" value="2" >
    </E>
    <E key="rat | $damage_melee" value="104" >
    </E>
    <E key="roboguard | $damage_explosion" value="25" >
    </E>
    <E key="roboguard | $damage_melee" value="22" >
    </E>
    <E key="roboguard | $damage_projectile" value="40" >
    </E>
    <E key="scavenger_clusterbomb | $damage_melee" value="2" >
    </E>
    <E key="scavenger_glue | $damage_explosion" value="1" >
    </E>
    <E key="scavenger_glue | $damage_melee" value="69" >
    </E>
    <E key="scavenger_glue | $damage_projectile" value="30" >
    </E>
    <E key="scavenger_grenade | $damage_explosion" value="1" >
    </E>
    <E key="scavenger_grenade | $damage_melee" value="236" >
    </E>
    <E key="scavenger_grenade | $damage_projectile" value="608" >
    </E>
    <E key="scavenger_grenade | $damage_slice" value="1" >
    </E>
    <E key="scavenger_invis | $damage_explosion" value="1" >
    </E>
    <E key="scavenger_leader | $damage_explosion" value="21" >
    </E>
    <E key="scavenger_leader | $damage_melee" value="8" >
    </E>
    <E key="scavenger_leader | $damage_projectile" value="55" >
    </E>
    <E key="scavenger_mine | $damage_melee" value="2" >
    </E>
    <E key="scavenger_mine | $damage_projectile" value="2" >
    </E>
    <E key="scavenger_poison | $damage_explosion" value="1" >
    </E>
    <E key="scavenger_poison | $damage_melee" value="3" >
    </E>
    <E key="scavenger_poison | $damage_projectile" value="3" >
    </E>
    <E key="scavenger_smg | $damage_explosion" value="253" >
    </E>
    <E key="scavenger_smg | $damage_melee" value="186" >
    </E>
    <E key="scavenger_smg | $damage_projectile" value="420" >
    </E>
    <E key="shooterflower | $damage_projectile" value="1" >
    </E>
    <E key="shotgunner | $damage_explosion" value="6" >
    </E>
    <E key="shotgunner | $damage_fire" value="1" >
    </E>
    <E key="shotgunner | $damage_melee" value="349" >
    </E>
    <E key="shotgunner | $damage_projectile" value="1012" >
    </E>
    <E key="shotgunner_hell | $damage_melee" value="4" >
    </E>
    <E key="shotgunner_hell | $damage_projectile" value="13" >
    </E>
    <E key="slimeshooter | $damage_explosion" value="135" >
    </E>
    <E key="slimeshooter | $damage_melee" value="23" >
    </E>
    <E key="slimeshooter | $damage_projectile" value="315" >
    </E>
    <E key="slimeshooter_nontoxic | $damage_explosion" value="1" >
    </E>
    <E key="slimeshooter_nontoxic | $damage_projectile" value="5" >
    </E>
    <E key="sniper | $damage_explosion" value="75" >
    </E>
    <E key="sniper | $damage_ice" value="1" >
    </E>
    <E key="sniper | $damage_melee" value="186" >
    </E>
    <E key="sniper | $damage_projectile" value="530" >
    </E>
    <E key="sniper_hell | $damage_explosion" value="5" >
    </E>
    <E key="sniper_hell | $damage_melee" value="2" >
    </E>
    <E key="sniper_hell | $damage_projectile" value="15" >
    </E>
    <E key="tank | $damage_explosion" value="61" >
    </E>
    <E key="tank | $damage_projectile" value="216" >
    </E>
    <E key="tank_rocket | $damage_explosion" value="24" >
    </E>
    <E key="tank_rocket | $damage_projectile" value="46" >
    </E>
    <E key="tank_super | $damage_projectile" value="2" >
    </E>
    <E key="tentacle_portal | $damage_melee" value="1" >
    </E>
    <E key="tentacler | $damage_melee" value="84" >
    </E>
    <E key="tentacler_small | $damage_melee" value="95" >
    </E>
    <E key="thundermage | $damage_electricity" value="64" >
    </E>
    <E key="thundermage | $damage_explosion" value="77" >
    </E>
    <E key="thundermage | $damage_melee" value="8" >
    </E>
    <E key="thundermage | $damage_projectile" value="3" >
    </E>
    <E key="thundermage | $damage_slice" value="4" >
    </E>
    <E key="thunderskull | $damage_electricity" value="8" >
    </E>
    <E key="thunderskull | $damage_explosion" value="5" >
    </E>
    <E key="thunderskull | $damage_melee" value="6" >
    </E>
    <E key="walleye | $damage_explosion" value="9" >
    </E>
    <E key="walleye | $damage_projectile" value="13" >
    </E>
    <E key="wallmouth | $damage_melee" value="1" >
    </E>
    <E key="wizard_dark | $damage_explosion" value="3" >
    </E>
    <E key="wizard_dark | $damage_projectile" value="95" >
    </E>
    <E key="wizard_dark | $damage_slice" value="2" >
    </E>
    <E key="wizard_hearty | $damage_projectile" value="3" >
    </E>
    <E key="wizard_neutral | $damage_projectile" value="18" >
    </E>
    <E key="wizard_swapper | $damage_projectile" value="3" >
    </E>
    <E key="wizard_swapper | $damage_slice" value="2" >
    </E>
    <E key="wizard_tele | $damage_explosion" value="5" >
    </E>
    <E key="wizard_tele | $damage_projectile" value="166" >
    </E>
    <E key="wizard_tele | $damage_slice" value="3" >
    </E>
    <E key="wizard_twitchy | $damage_projectile" value="9" >
    </E>
    <E key="worm | worm bite" value="76" >
    </E>
    <E key="worm_big | worm bite" value="276" >
    </E>
    <E key="worm_big_worm_rain | worm bite" value="13" >
    </E>
    <E key="worm_tiny | worm bite" value="179" >
    </E>
    <E key="zombie | $damage_melee" value="129" >
    </E>
  </death_map>
  <kill_map>
    <E key="alchemist" value="1" >
    </E>
    <E key="bat" value="65" >
    </E>
    <E key="bigfirebug" value="1" >
    </E>
    <E key="drone_physics" value="1" >
    </E>
    <E key="elk" value="1" >
    </E>
    <E key="firebug" value="68" >
    </E>
    <E key="fish" value="1" >
    </E>
    <E key="fish_large" value="6" >
    </E>
    <E key="frog" value="4" >
    </E>
    <E key="giant" value="1" >
    </E>
    <E key="goblin_bomb" value="1" >
    </E>
    <E key="iceskull" value="1" >
    </E>
    <E key="miner" value="21" >
    </E>
    <E key="miniblob" value="4" >
    </E>
    <E key="phantom_a" value="1" >
    </E>
    <E key="rat" value="104" >
    </E>
    <E key="scavenger_grenade" value="12" >
    </E>
    <E key="scavenger_smg" value="18" >
    </E>
    <E key="sheep" value="1" >
    </E>
    <E key="shotgunner" value="28" >
    </E>
    <E key="slimeshooter" value="16" >
    </E>
    <E key="sniper" value="2" >
    </E>
    <E key="tentacler_small" value="12" >
    </E>
    <E key="worm_tiny" value="2" >
    </E>
    <E key="zombie" value="43" >
    </E>
  </kill_map>
</Stats>
