<Stats deaths="32" kills="0" player_kills="0" player_projectile_count="0" >
  <death_map>
    <E key="NULL | $damage_electricity" value="7" >
    </E>
    <E key="NULL | $damage_explosion" value="11" >
    </E>
    <E key="rat | $damage_melee" value="4" >
    </E>
    <E key="sniper | $damage_projectile" value="4" >
    </E>
    <E key="worm | worm bite" value="1" >
    </E>
    <E key="worm_big | worm bite" value="5" >
    </E>
  </death_map>
  <kill_map>
  </kill_map>
</Stats>
