<Stats deaths="11" kills="5" player_kills="0" player_projectile_count="0" >
  <death_map>
    <E key="NULL | $damage_explosion" value="5" >
    </E>
    <E key="NULL | $damage_physicshit" value="2" >
    </E>
    <E key="player | $damage_explosion" value="1" >
    </E>
    <E key="player | $damage_hitfx_curse" value="1" >
    </E>
    <E key="player | $damage_slice" value="2" >
    </E>
  </death_map>
  <kill_map>
    <E key="glue" value="2" >
    </E>
    <E key="miniblob" value="1" >
    </E>
    <E key="scavenger_glue" value="2" >
    </E>
  </kill_map>
</Stats>
