<Stats deaths="13" kills="61" player_kills="0" player_projectile_count="0" >
  <death_map>
    <E key="NULL | $damage_physicshit" value="1" >
    </E>
    <E key="boss_meat | $damage_explosion" value="1" >
    </E>
    <E key="meatmaggot | worm bite" value="3" >
    </E>
    <E key="miner_hell | $damage_explosion" value="2" >
    </E>
    <E key="player | $damage_explosion" value="1" >
    </E>
    <E key="sniper_hell | $damage_melee" value="1" >
    </E>
    <E key="walleye | $damage_explosion" value="1" >
    </E>
    <E key="worm | worm bite" value="2" >
    </E>
    <E key="worm_big | worm bite" value="1" >
    </E>
  </death_map>
  <kill_map>
    <E key="failed_alchemist" value="1" >
    </E>
    <E key="meatmaggot" value="4" >
    </E>
    <E key="miner_hell" value="6" >
    </E>
    <E key="rat" value="22" >
    </E>
    <E key="shotgunner_hell" value="3" >
    </E>
    <E key="tnt_hell" value="23" >
    </E>
    <E key="walleye" value="1" >
    </E>
    <E key="wallmouth" value="1" >
    </E>
  </kill_map>
</Stats>
