<Stats deaths="40" kills="12" player_kills="0" player_projectile_count="0" >
  <death_map>
    <E key="NULL | $damage_explosion" value="3" >
    </E>
    <E key="NULL | $damage_fire" value="5" >
    </E>
    <E key="NULL | $damage_physicshit" value="1" >
    </E>
    <E key="NULL | damage from material: Cursed rock" value="1" >
    </E>
    <E key="phantom_a | $damage_projectile" value="1" >
    </E>
    <E key="player | $damage_projectile" value="26" >
    </E>
    <E key="player | $damage_slice" value="3" >
    </E>
  </death_map>
  <kill_map>
    <E key="scorpion" value="12" >
    </E>
  </kill_map>
</Stats>
