<Stats deaths="7" kills="14" player_kills="0" player_projectile_count="0" >
  <death_map>
    <E key="death_ghost | $damage_curse" value="1" >
    </E>
    <E key="homunculus | $damage_projectile" value="1" >
    </E>
    <E key="player | $damage_projectile" value="5" >
    </E>
  </death_map>
  <kill_map>
    <E key="polyshot" value="2" >
    </E>
    <E key="scavenger_grenade" value="2" >
    </E>
    <E key="scavenger_smg" value="2" >
    </E>
    <E key="thunderskull" value="4" >
    </E>
    <E key="wizard_neutral" value="1" >
    </E>
    <E key="wizard_swapper" value="1" >
    </E>
    <E key="wizard_tele" value="2" >
    </E>
  </kill_map>
</Stats>
