<Stats deaths="1180" kills="611" player_kills="0" player_projectile_count="0" >
  <death_map>
    <E key="NULL | $damage_drowning" value="1" >
    </E>
    <E key="NULL | $damage_explosion" value="40" >
    </E>
    <E key="NULL | $damage_physicshit" value="14" >
    </E>
    <E key="NULL | $damage_projectile" value="2" >
    </E>
    <E key="NULL | damage from material: acid" value="2" >
    </E>
    <E key="NULL | damage from material: freezing liquid" value="2" >
    </E>
    <E key="NULL | damage from material: freezing vapour" value="273" >
    </E>
    <E key="NULL | damage from material: lava" value="1" >
    </E>
    <E key="NULL | physics body damaged" value="3" >
    </E>
    <E key="death_ghost | $damage_curse" value="6" >
    </E>
    <E key="giant | $damage_explosion" value="1" >
    </E>
    <E key="icemage | $damage_explosion" value="1" >
    </E>
    <E key="orb_laseremitter_cutter | $damage_plasmabeam" value="7" >
    </E>
    <E key="pebble_physics | $damage_explosion" value="609" >
    </E>
    <E key="player | $damage_electricity" value="4" >
    </E>
    <E key="player | $damage_explosion" value="6" >
    </E>
    <E key="player | $damage_plasmabeam" value="1" >
    </E>
    <E key="player | $damage_projectile" value="160" >
    </E>
    <E key="player | $damage_slice" value="12" >
    </E>
    <E key="scavenger_grenade | $damage_projectile" value="4" >
    </E>
    <E key="scavenger_smg | $damage_projectile" value="2" >
    </E>
    <E key="shotgunner | $damage_projectile" value="4" >
    </E>
    <E key="slimeshooter | $damage_projectile" value="3" >
    </E>
    <E key="sniper | $damage_projectile" value="8" >
    </E>
    <E key="spearbot | $damage_projectile" value="2" >
    </E>
    <E key="tank | $damage_projectile" value="2" >
    </E>
    <E key="tank_rocket | $damage_projectile" value="1" >
    </E>
    <E key="thundermage | $damage_electricity" value="1" >
    </E>
    <E key="thundermage | $damage_explosion" value="1" >
    </E>
    <E key="thundermage | $damage_projectile" value="2" >
    </E>
    <E key="wizard_neutral | $damage_projectile" value="5" >
    </E>
  </death_map>
  <kill_map>
    <E key="iceskull" value="1" >
    </E>
    <E key="pebble_physics" value="609" >
    </E>
    <E key="shotgunner" value="1" >
    </E>
  </kill_map>
</Stats>
