<Stats deaths="161" kills="35" player_kills="1" player_projectile_count="0" >
  <death_map>
    <E key="NULL | $damage_drowning" value="2" >
    </E>
    <E key="NULL | $damage_electricity" value="1" >
    </E>
    <E key="NULL | $damage_explosion" value="6" >
    </E>
    <E key="NULL | $damage_fire" value="5" >
    </E>
    <E key="NULL | $damage_physicshit" value="1" >
    </E>
    <E key="NULL | damage from material: Cursed rock" value="3" >
    </E>
    <E key="NULL | damage from material: acid" value="1" >
    </E>
    <E key="NULL | damage from material: lava" value="3" >
    </E>
    <E key="homunculus | $damage_projectile" value="3" >
    </E>
    <E key="necromancer | $damage_melee" value="1" >
    </E>
    <E key="orb_laseremitter_cutter | $damage_plasmabeam" value="1" >
    </E>
    <E key="player | $damage_electricity" value="6" >
    </E>
    <E key="player | $damage_explosion" value="5" >
    </E>
    <E key="player | $damage_ice" value="4" >
    </E>
    <E key="player | $damage_projectile" value="104" >
    </E>
    <E key="player | $damage_slice" value="8" >
    </E>
    <E key="slimeshooter_boss_limbs | $damage_projectile" value="1" >
    </E>
    <E key="spitmonster | $damage_projectile" value="1" >
    </E>
    <E key="tentacler_small | $damage_melee" value="1" >
    </E>
    <E key="wizard_returner | $damage_explosion" value="1" >
    </E>
    <E key="worm | worm bite" value="1" >
    </E>
    <E key="wraith_glowing | $damage_holy" value="2" >
    </E>
  </death_map>
  <kill_map>
    <E key="acidshooter" value="3" >
    </E>
    <E key="acidshot" value="6" >
    </E>
    <E key="alchemist" value="1" >
    </E>
    <E key="enlightened_alchemist" value="1" >
    </E>
    <E key="failed_alchemist_b" value="2" >
    </E>
    <E key="longleg" value="1" >
    </E>
    <E key="maggot" value="1" >
    </E>
    <E key="necromancer" value="2" >
    </E>
    <E key="pipe_bomb" value="1" >
    </E>
    <E key="plague_rats_rat" value="1" >
    </E>
    <E key="player" value="1" >
    </E>
    <E key="potion_aggressive" value="1" >
    </E>
    <E key="scorpion" value="5" >
    </E>
    <E key="skullrat" value="1" >
    </E>
    <E key="tentacler" value="1" >
    </E>
    <E key="tentacler_small" value="5" >
    </E>
    <E key="wizard_swapper" value="1" >
    </E>
    <E key="wizard_twitchy" value="1" >
    </E>
  </kill_map>
</Stats>
