<Stats deaths="767" kills="178" player_kills="0" player_projectile_count="0" >
  <death_map>
    <E key="NULL | $damage_drowning" value="19" >
    </E>
    <E key="NULL | $damage_electricity" value="22" >
    </E>
    <E key="NULL | $damage_explosion" value="111" >
    </E>
    <E key="NULL | $damage_fire" value="26" >
    </E>
    <E key="NULL | $damage_physicshit" value="19" >
    </E>
    <E key="NULL | $damage_projectile" value="1" >
    </E>
    <E key="NULL | damage from material: Cursed rock" value="3" >
    </E>
    <E key="NULL | damage from material: acid" value="16" >
    </E>
    <E key="NULL | damage from material: freezing vapour" value="1" >
    </E>
    <E key="NULL | damage from material: lava" value="5" >
    </E>
    <E key="NULL | damage from material: toxic rock" value="38" >
    </E>
    <E key="ant | $damage_melee" value="2" >
    </E>
    <E key="assassin | $damage_melee" value="1" >
    </E>
    <E key="bloom | $damage_projectile" value="1" >
    </E>
    <E key="crystal_physics | $damage_projectile" value="5" >
    </E>
    <E key="death_ghost | $damage_curse" value="4" >
    </E>
    <E key="drone_lasership | $damage_projectile" value="2" >
    </E>
    <E key="drone_physics | $damage_explosion" value="1" >
    </E>
    <E key="drone_physics | $damage_projectile" value="1" >
    </E>
    <E key="enlightened_alchemist | $damage_projectile" value="2" >
    </E>
    <E key="firebug | $damage_melee" value="1" >
    </E>
    <E key="fly | $damage_melee" value="7" >
    </E>
    <E key="homunculus | $damage_projectile" value="9" >
    </E>
    <E key="longleg | $damage_melee" value="1" >
    </E>
    <E key="lukki_minion | $damage_curse" value="2" >
    </E>
    <E key="maggot | $damage_explosion" value="1" >
    </E>
    <E key="miner | $damage_explosion" value="1" >
    </E>
    <E key="miniblob | $damage_melee" value="1" >
    </E>
    <E key="monk | $damage_projectile" value="1" >
    </E>
    <E key="orb_laseremitter_cutter | $damage_plasmabeam" value="1" >
    </E>
    <E key="phantom_a | $damage_melee" value="1" >
    </E>
    <E key="phantom_a | $damage_projectile" value="6" >
    </E>
    <E key="phantom_b | $damage_melee" value="1" >
    </E>
    <E key="phantom_b | $damage_projectile" value="3" >
    </E>
    <E key="physics_ragdoll_part_exploding | $damage_explosion" value="1" >
    </E>
    <E key="player | $damage_curse" value="1" >
    </E>
    <E key="player | $damage_electricity" value="13" >
    </E>
    <E key="player | $damage_explosion" value="15" >
    </E>
    <E key="player | $damage_ice" value="12" >
    </E>
    <E key="player | $damage_kick" value="2" >
    </E>
    <E key="player | $damage_melee" value="1" >
    </E>
    <E key="player | $damage_plasmabeam" value="4" >
    </E>
    <E key="player | $damage_projectile" value="260" >
    </E>
    <E key="player | $damage_rock_curse" value="4" >
    </E>
    <E key="player | $damage_slice" value="26" >
    </E>
    <E key="player | bzzt!" value="1" >
    </E>
    <E key="player | hit" value="2" >
    </E>
    <E key="player_rng_items | $damage_explosion" value="3" >
    </E>
    <E key="rat | $damage_melee" value="12" >
    </E>
    <E key="roboguard | $damage_melee" value="4" >
    </E>
    <E key="roboguard | $damage_projectile" value="16" >
    </E>
    <E key="scavenger_invis | $damage_projectile" value="1" >
    </E>
    <E key="scavenger_invis | $damage_slice" value="1" >
    </E>
    <E key="skullfly | $damage_fire" value="3" >
    </E>
    <E key="skullfly | $damage_projectile" value="2" >
    </E>
    <E key="skullrat | $damage_melee" value="10" >
    </E>
    <E key="slimeshooter_nontoxic | $damage_projectile" value="2" >
    </E>
    <E key="sniper | $damage_melee" value="1" >
    </E>
    <E key="sniper | $damage_projectile" value="6" >
    </E>
    <E key="sunbaby | $damage_sun" value="1" >
    </E>
    <E key="sunegg | $damage_sun" value="3" >
    </E>
    <E key="tentacler | $damage_melee" value="15" >
    </E>
    <E key="tentacler_small | $damage_explosion" value="1" >
    </E>
    <E key="thundermage | $damage_explosion" value="2" >
    </E>
    <E key="wizard_dark | $damage_explosion" value="2" >
    </E>
    <E key="wizard_dark | $damage_projectile" value="1" >
    </E>
    <E key="wizard_neutral | $damage_projectile" value="2" >
    </E>
    <E key="wizard_swapper | $damage_explosion" value="1" >
    </E>
    <E key="wizard_tele | $damage_fire" value="1" >
    </E>
    <E key="wizard_tele | $damage_projectile" value="3" >
    </E>
    <E key="wizard_twitchy | $damage_projectile" value="1" >
    </E>
    <E key="worm_skull | worm bite" value="8" >
    </E>
    <E key="worm_tiny | worm bite" value="1" >
    </E>
    <E key="zombie | $damage_melee" value="6" >
    </E>
  </death_map>
  <kill_map>
    <E key="alchemist" value="1" >
    </E>
    <E key="ant" value="8" >
    </E>
    <E key="bigzombie" value="1" >
    </E>
    <E key="bigzombiehead" value="1" >
    </E>
    <E key="bigzombietorso" value="1" >
    </E>
    <E key="bloom" value="2" >
    </E>
    <E key="drone_physics" value="1" >
    </E>
    <E key="enlightened_alchemist" value="2" >
    </E>
    <E key="frog" value="2" >
    </E>
    <E key="fungus" value="7" >
    </E>
    <E key="rat" value="95" >
    </E>
    <E key="scorpion" value="29" >
    </E>
    <E key="skullfly" value="1" >
    </E>
    <E key="skullrat" value="6" >
    </E>
    <E key="tentacler_small" value="1" >
    </E>
    <E key="wand_ghost_charmed" value="1" >
    </E>
    <E key="wizard_dark" value="2" >
    </E>
    <E key="wizard_swapper" value="3" >
    </E>
    <E key="zombie" value="14" >
    </E>
  </kill_map>
</Stats>
