<Stats deaths="136" kills="27" player_kills="0" player_projectile_count="0" >
  <death_map>
    <E key="NULL | $damage_drowning" value="4" >
    </E>
    <E key="NULL | $damage_electricity" value="2" >
    </E>
    <E key="NULL | $damage_explosion" value="7" >
    </E>
    <E key="NULL | $damage_midas" value="4" >
    </E>
    <E key="NULL | $damage_physicshit" value="7" >
    </E>
    <E key="NULL | $damage_projectile" value="1" >
    </E>
    <E key="NULL | damage from material: Cursed rock" value="5" >
    </E>
    <E key="NULL | damage from material: acid" value="2" >
    </E>
    <E key="NULL | damage from material: lava" value="7" >
    </E>
    <E key="bat | $damage_melee" value="1" >
    </E>
    <E key="bigfirebug | $damage_projectile" value="1" >
    </E>
    <E key="black_hole_big | " value="4" >
    </E>
    <E key="miner_weak | $damage_explosion" value="1" >
    </E>
    <E key="newsun | $damage_sun" value="46" >
    </E>
    <E key="orb_green | $damage_projectile" value="1" >
    </E>
    <E key="phantom_a | $damage_projectile" value="1" >
    </E>
    <E key="player | $damage_explosion" value="6" >
    </E>
    <E key="player | $damage_plasmabeam" value="18" >
    </E>
    <E key="player | $damage_projectile" value="1" >
    </E>
    <E key="scavenger_grenade | $damage_projectile" value="3" >
    </E>
    <E key="scavenger_smg | $damage_explosion" value="1" >
    </E>
    <E key="scavenger_smg | $damage_melee" value="1" >
    </E>
    <E key="shotgunner | $damage_melee" value="1" >
    </E>
    <E key="shotgunner | $damage_projectile" value="1" >
    </E>
    <E key="skullfly | $damage_projectile" value="1" >
    </E>
    <E key="skullrat | $damage_melee" value="2" >
    </E>
    <E key="slimeshooter | $damage_projectile" value="1" >
    </E>
    <E key="sniper | $damage_explosion" value="1" >
    </E>
    <E key="sniper | $damage_projectile" value="1" >
    </E>
    <E key="tank | $damage_projectile" value="2" >
    </E>
    <E key="tank_rocket | $damage_explosion" value="1" >
    </E>
    <E key="wizard_neutral | $damage_projectile" value="1" >
    </E>
  </death_map>
  <kill_map>
    <E key="bat" value="9" >
    </E>
    <E key="bigfirebug" value="2" >
    </E>
    <E key="crystal_physics" value="1" >
    </E>
    <E key="failed_alchemist" value="1" >
    </E>
    <E key="firebug" value="1" >
    </E>
    <E key="firemage" value="1" >
    </E>
    <E key="frog" value="1" >
    </E>
    <E key="miner" value="1" >
    </E>
    <E key="miner_fire" value="1" >
    </E>
    <E key="scavenger_grenade" value="2" >
    </E>
    <E key="scavenger_smg" value="2" >
    </E>
    <E key="skullrat" value="1" >
    </E>
    <E key="wizard_dark" value="1" >
    </E>
    <E key="wizard_neutral" value="1" >
    </E>
    <E key="wizard_returner" value="1" >
    </E>
    <E key="worm_tiny" value="1" >
    </E>
  </kill_map>
</Stats>
