<Stats deaths="7062" kills="268" player_kills="3" player_projectile_count="0" >
  <death_map>
    <E key="NULL | $damage_drowning" value="195" >
    </E>
    <E key="NULL | $damage_electricity" value="250" >
    </E>
    <E key="NULL | $damage_explosion" value="2355" >
    </E>
    <E key="NULL | $damage_fire" value="3" >
    </E>
    <E key="NULL | $damage_melee" value="3" >
    </E>
    <E key="NULL | $damage_physicshit" value="139" >
    </E>
    <E key="NULL | $damage_plasmabeam" value="22" >
    </E>
    <E key="NULL | $damage_projectile" value="60" >
    </E>
    <E key="acidshooter | $damage_melee" value="1" >
    </E>
    <E key="ant | $damage_melee" value="98" >
    </E>
    <E key="assassin | $damage_melee" value="1" >
    </E>
    <E key="basebot_hidden | $damage_fire" value="1" >
    </E>
    <E key="beam_from_sky | $damage_plasmabeam" value="2" >
    </E>
    <E key="bigzombie | $damage_explosion" value="2" >
    </E>
    <E key="bigzombie | $damage_melee" value="14" >
    </E>
    <E key="bigzombiehead | $damage_melee" value="1" >
    </E>
    <E key="bigzombietorso | $damage_melee" value="5" >
    </E>
    <E key="blob | $damage_melee" value="56" >
    </E>
    <E key="bloom | $damage_projectile" value="1" >
    </E>
    <E key="chest_mimic | $damage_melee" value="1" >
    </E>
    <E key="contact_damage | $damage_curse" value="31" >
    </E>
    <E key="death_ghost | $damage_curse" value="156" >
    </E>
    <E key="drone_lasership | $damage_explosion" value="3" >
    </E>
    <E key="drone_lasership | $damage_projectile" value="12" >
    </E>
    <E key="drone_physics | $damage_explosion" value="14" >
    </E>
    <E key="drone_physics | $damage_projectile" value="5" >
    </E>
    <E key="firebug | $damage_fire" value="2" >
    </E>
    <E key="firebug | $damage_melee" value="4" >
    </E>
    <E key="firemage | $damage_explosion" value="4" >
    </E>
    <E key="firemage | $damage_melee" value="5" >
    </E>
    <E key="flamer | $damage_fire" value="3" >
    </E>
    <E key="fly | $damage_melee" value="16" >
    </E>
    <E key="frog_big | $damage_melee" value="17" >
    </E>
    <E key="fungus_big | $damage_melee" value="1" >
    </E>
    <E key="fungus_giga | $damage_melee" value="6" >
    </E>
    <E key="fungus_giga | $damage_projectile" value="9" >
    </E>
    <E key="fungus_tiny | $damage_melee" value="6" >
    </E>
    <E key="goblin_bomb | $damage_melee" value="1" >
    </E>
    <E key="homunculus | $damage_projectile" value="9" >
    </E>
    <E key="icer | $damage_explosion" value="1" >
    </E>
    <E key="longleg | $damage_melee" value="3" >
    </E>
    <E key="lukki_minion | $damage_curse" value="7" >
    </E>
    <E key="maggot | $damage_explosion" value="14" >
    </E>
    <E key="miner | $damage_explosion" value="11" >
    </E>
    <E key="miner_weak | $damage_explosion" value="1" >
    </E>
    <E key="miner_weak | $damage_melee" value="4" >
    </E>
    <E key="miniblob | $damage_melee" value="48" >
    </E>
    <E key="missilecrab | $damage_projectile" value="2" >
    </E>
    <E key="monk | $damage_projectile" value="1" >
    </E>
    <E key="necromancer_super | $damage_explosion" value="2" >
    </E>
    <E key="necromancer_super | $damage_projectile" value="2" >
    </E>
    <E key="orb_laseremitter_cutter | $damage_plasmabeam" value="30" >
    </E>
    <E key="orb_laseremitter_four | $damage_plasmabeam" value="1" >
    </E>
    <E key="phantom_b | $damage_projectile" value="1" >
    </E>
    <E key="physics_die | $damage_explosion" value="2" >
    </E>
    <E key="physics_die | $damage_melee" value="8" >
    </E>
    <E key="physics_ragdoll_part_exploding | $damage_explosion" value="74" >
    </E>
    <E key="player | $damage_curse" value="9" >
    </E>
    <E key="player | $damage_drill" value="4" >
    </E>
    <E key="player | $damage_electricity" value="10" >
    </E>
    <E key="player | $damage_explosion" value="132" >
    </E>
    <E key="player | $damage_fire" value="1" >
    </E>
    <E key="player | $damage_ice" value="4" >
    </E>
    <E key="player | $damage_melee" value="2" >
    </E>
    <E key="player | $damage_plasmabeam" value="36" >
    </E>
    <E key="player | $damage_projectile" value="2537" >
    </E>
    <E key="player | $damage_rock_curse" value="5" >
    </E>
    <E key="player | $damage_slice" value="142" >
    </E>
    <E key="player | bzzt!" value="1" >
    </E>
    <E key="player | hit" value="2" >
    </E>
    <E key="player_rng_items | $damage_explosion" value="9" >
    </E>
    <E key="player_rng_items | $damage_projectile" value="8" >
    </E>
    <E key="playerghost | $damage_melee" value="13" >
    </E>
    <E key="playerghost | $damage_projectile" value="4" >
    </E>
    <E key="rat | $damage_melee" value="4" >
    </E>
    <E key="roboguard | $damage_explosion" value="14" >
    </E>
    <E key="roboguard | $damage_melee" value="22" >
    </E>
    <E key="roboguard | $damage_projectile" value="15" >
    </E>
    <E key="rock_curse | $damage_rock_curse" value="25" >
    </E>
    <E key="scavenger_clusterbomb | $damage_melee" value="1" >
    </E>
    <E key="scavenger_glue | $damage_melee" value="56" >
    </E>
    <E key="scavenger_grenade | $damage_melee" value="2" >
    </E>
    <E key="scavenger_invis | $damage_explosion" value="3" >
    </E>
    <E key="scavenger_invis | $damage_projectile" value="4" >
    </E>
    <E key="scavenger_invis | $damage_slice" value="1" >
    </E>
    <E key="scavenger_leader | $damage_explosion" value="1" >
    </E>
    <E key="scavenger_leader | $damage_projectile" value="1" >
    </E>
    <E key="scavenger_mine | $damage_melee" value="5" >
    </E>
    <E key="scavenger_poison | $damage_melee" value="3" >
    </E>
    <E key="scavenger_smg | $damage_melee" value="2" >
    </E>
    <E key="scavenger_smg | $damage_projectile" value="1" >
    </E>
    <E key="shooterflower | $damage_projectile" value="3" >
    </E>
    <E key="shotgunner | $damage_melee" value="5" >
    </E>
    <E key="shotgunner | $damage_projectile" value="3" >
    </E>
    <E key="slimeshooter_nontoxic | $damage_explosion" value="7" >
    </E>
    <E key="slimeshooter_nontoxic | $damage_melee" value="1" >
    </E>
    <E key="slimeshooter_nontoxic | $damage_projectile" value="4" >
    </E>
    <E key="sniper | $damage_explosion" value="23" >
    </E>
    <E key="sniper | $damage_melee" value="35" >
    </E>
    <E key="sniper | $damage_projectile" value="26" >
    </E>
    <E key="tank | $damage_explosion" value="2" >
    </E>
    <E key="tank | $damage_projectile" value="3" >
    </E>
    <E key="tank_rocket | $damage_explosion" value="1" >
    </E>
    <E key="tank_rocket | $damage_projectile" value="3" >
    </E>
    <E key="tank_super | $damage_projectile" value="1" >
    </E>
    <E key="tentacler | $damage_melee" value="6" >
    </E>
    <E key="thundermage | $damage_electricity" value="2" >
    </E>
    <E key="thundermage | $damage_explosion" value="12" >
    </E>
    <E key="thundermage | $damage_melee" value="13" >
    </E>
    <E key="thundermage | $damage_projectile" value="1" >
    </E>
    <E key="thunderskull | $damage_electricity" value="1" >
    </E>
    <E key="thunderskull | $damage_explosion" value="6" >
    </E>
    <E key="wizard_dark | $damage_projectile" value="19" >
    </E>
    <E key="wizard_hearty | $damage_projectile" value="1" >
    </E>
    <E key="wizard_swapper | $damage_explosion" value="4" >
    </E>
    <E key="wizard_swapper | $damage_projectile" value="3" >
    </E>
    <E key="wizard_swapper | $damage_slice" value="1" >
    </E>
    <E key="wizard_tele | $damage_explosion" value="1" >
    </E>
    <E key="wizard_tele | $damage_projectile" value="3" >
    </E>
    <E key="wizard_tele | $damage_slice" value="2" >
    </E>
    <E key="wizard_twitchy | $damage_explosion" value="1" >
    </E>
    <E key="wizard_twitchy | $damage_projectile" value="1" >
    </E>
    <E key="worm | worm bite" value="23" >
    </E>
    <E key="zombie | $damage_melee" value="39" >
    </E>
    <E key="zombie_weak | $damage_melee" value="1" >
    </E>
  </death_map>
  <kill_map>
    <E key="ant" value="2" >
    </E>
    <E key="bigzombie" value="1" >
    </E>
    <E key="blob" value="4" >
    </E>
    <E key="firebug" value="6" >
    </E>
    <E key="frog_big" value="1" >
    </E>
    <E key="fungus_giga" value="1" >
    </E>
    <E key="fungus_tiny" value="12" >
    </E>
    <E key="longleg" value="4" >
    </E>
    <E key="miner_weak" value="4" >
    </E>
    <E key="miniblob" value="48" >
    </E>
    <E key="player" value="3" >
    </E>
    <E key="rat" value="118" >
    </E>
    <E key="sheep" value="5" >
    </E>
    <E key="sheep_bat" value="1" >
    </E>
    <E key="tentacler_small" value="1" >
    </E>
    <E key="thundermage" value="1" >
    </E>
    <E key="wizard_dark" value="4" >
    </E>
    <E key="wizard_swapper" value="4" >
    </E>
    <E key="zombie" value="47" >
    </E>
    <E key="zombie_weak" value="1" >
    </E>
  </kill_map>
</Stats>
