<Stats deaths="46" kills="147" player_kills="1" player_projectile_count="0" >
  <death_map>
    <E key="NULL | $damage_electricity" value="2" >
    </E>
    <E key="NULL | $damage_explosion" value="3" >
    </E>
    <E key="NULL | $damage_physicshit" value="8" >
    </E>
    <E key="acidshooter | $damage_melee" value="1" >
    </E>
    <E key="blob | $damage_melee" value="1" >
    </E>
    <E key="firemage | $damage_explosion" value="1" >
    </E>
    <E key="firemage_weak | $damage_explosion" value="1" >
    </E>
    <E key="orb_laseremitter_cutter | $damage_plasmabeam" value="1" >
    </E>
    <E key="player | $damage_electricity" value="1" >
    </E>
    <E key="player | $damage_explosion" value="6" >
    </E>
    <E key="player | $damage_projectile" value="13" >
    </E>
    <E key="player | $damage_slice" value="3" >
    </E>
    <E key="scavenger_poison | $damage_melee" value="1" >
    </E>
    <E key="skullrat | $damage_melee" value="1" >
    </E>
    <E key="sniper | $damage_explosion" value="1" >
    </E>
    <E key="sniper | $damage_projectile" value="1" >
    </E>
    <E key="tank | $damage_explosion" value="1" >
    </E>
  </death_map>
  <kill_map>
    <E key="bat" value="11" >
    </E>
    <E key="bigbat" value="2" >
    </E>
    <E key="bigfirebug" value="2" >
    </E>
    <E key="blob" value="2" >
    </E>
    <E key="firebug" value="10" >
    </E>
    <E key="firebugnest" value="2" >
    </E>
    <E key="fly" value="1" >
    </E>
    <E key="frog" value="2" >
    </E>
    <E key="giantshooter" value="1" >
    </E>
    <E key="goblin_bomb" value="3" >
    </E>
    <E key="iceskull" value="1" >
    </E>
    <E key="longleg" value="8" >
    </E>
    <E key="miner" value="10" >
    </E>
    <E key="miner_fire" value="2" >
    </E>
    <E key="miner_weak" value="8" >
    </E>
    <E key="miniblob" value="17" >
    </E>
    <E key="player" value="1" >
    </E>
    <E key="radioactive_blob_trail" value="1" >
    </E>
    <E key="rat" value="7" >
    </E>
    <E key="scavenger_glue" value="1" >
    </E>
    <E key="scavenger_grenade" value="5" >
    </E>
    <E key="scavenger_invis" value="2" >
    </E>
    <E key="scavenger_mine" value="2" >
    </E>
    <E key="scavenger_smg" value="3" >
    </E>
    <E key="shotgunner" value="20" >
    </E>
    <E key="shotgunner_weak" value="1" >
    </E>
    <E key="slimeshooter" value="8" >
    </E>
    <E key="slimeshooter_weak" value="3" >
    </E>
    <E key="spidernest" value="2" >
    </E>
    <E key="tnt" value="1" >
    </E>
    <E key="worm_tiny" value="1" >
    </E>
    <E key="zombie" value="2" >
    </E>
    <E key="zombie_weak" value="5" >
    </E>
  </kill_map>
</Stats>
