<Stats deaths="76" kills="34" player_kills="0" player_projectile_count="0" >
  <death_map>
    <E key="NULL | $damage_explosion" value="5" >
    </E>
    <E key="NULL | $damage_physicshit" value="1" >
    </E>
    <E key="NULL | $damage_water" value="3" >
    </E>
    <E key="NULL | damage from material: Water" value="2" >
    </E>
    <E key="NULL | damage from material: acid" value="3" >
    </E>
    <E key="NULL | damage from material: freezing vapour" value="1" >
    </E>
    <E key="death_ghost | $damage_curse" value="2" >
    </E>
    <E key="homunculus | $damage_projectile" value="2" >
    </E>
    <E key="physics_ragdoll_part_exploding | $damage_explosion" value="1" >
    </E>
    <E key="plague_rats_rat | $damage_melee" value="1" >
    </E>
    <E key="player | $damage_electricity" value="2" >
    </E>
    <E key="player | $damage_ice" value="2" >
    </E>
    <E key="player | $damage_projectile" value="47" >
    </E>
    <E key="player | $damage_slice" value="2" >
    </E>
    <E key="rock_curse | $damage_rock_curse" value="2" >
    </E>
  </death_map>
  <kill_map>
    <E key="bigzombiehead" value="1" >
    </E>
    <E key="bigzombietorso" value="1" >
    </E>
    <E key="blob" value="2" >
    </E>
    <E key="drone_lasership" value="1" >
    </E>
    <E key="glitter_bomb" value="1" >
    </E>
    <E key="glue" value="1" >
    </E>
    <E key="longleg" value="1" >
    </E>
    <E key="miniblob" value="9" >
    </E>
    <E key="phantom_a" value="1" >
    </E>
    <E key="playerghost" value="1" >
    </E>
    <E key="scavenger_glue" value="2" >
    </E>
    <E key="scorpion" value="9" >
    </E>
    <E key="sheep_bat" value="1" >
    </E>
    <E key="tentacler" value="1" >
    </E>
    <E key="turret_right" value="1" >
    </E>
    <E key="wizard_poly" value="1" >
    </E>
  </kill_map>
</Stats>
