<Stats deaths="22" kills="0" player_kills="0" player_projectile_count="0" >
  <death_map>
    <E key="NULL | $damage_drowning" value="1" >
    </E>
    <E key="NULL | $damage_explosion" value="6" >
    </E>
    <E key="NULL | $damage_fire" value="1" >
    </E>
    <E key="NULL | $damage_physicshit" value="1" >
    </E>
    <E key="NULL | damage from material: Cursed rock" value="1" >
    </E>
    <E key="NULL | damage from material: lava" value="1" >
    </E>
    <E key="drone_lasership | $damage_projectile" value="1" >
    </E>
    <E key="homunculus | $damage_projectile" value="1" >
    </E>
    <E key="player | $damage_projectile" value="7" >
    </E>
    <E key="player | $damage_slice" value="1" >
    </E>
    <E key="statue | $damage_melee" value="1" >
    </E>
  </death_map>
  <kill_map>
  </kill_map>
</Stats>
