<Stats deaths="1463" kills="1452" player_kills="20" player_projectile_count="0" >
  <death_map>
    <E key="NULL | $damage_drowning" value="27" >
    </E>
    <E key="NULL | $damage_electricity" value="34" >
    </E>
    <E key="NULL | $damage_explosion" value="241" >
    </E>
    <E key="NULL | $damage_fire" value="75" >
    </E>
    <E key="NULL | $damage_ice" value="3" >
    </E>
    <E key="NULL | $damage_physicshit" value="110" >
    </E>
    <E key="NULL | $damage_projectile" value="2" >
    </E>
    <E key="NULL | $damage_radioactive" value="99" >
    </E>
    <E key="NULL | $damage_slice" value="1" >
    </E>
    <E key="NULL | damage from material: acid" value="23" >
    </E>
    <E key="NULL | damage from material: freezing liquid" value="15" >
    </E>
    <E key="NULL | damage from material: freezing vapour" value="30" >
    </E>
    <E key="NULL | damage from material: lava" value="2" >
    </E>
    <E key="bigzombie | $damage_melee" value="2" >
    </E>
    <E key="chest_mimic | $damage_melee" value="1" >
    </E>
    <E key="contact_damage | $damage_curse" value="2" >
    </E>
    <E key="death_ghost | $damage_curse" value="9" >
    </E>
    <E key="drone_lasership | $damage_explosion" value="1" >
    </E>
    <E key="drone_lasership | $damage_projectile" value="11" >
    </E>
    <E key="effect_curse_cloud_01_temporary | $damage_explosion" value="1" >
    </E>
    <E key="flamer | $damage_explosion" value="7" >
    </E>
    <E key="flamer | $damage_fire" value="3" >
    </E>
    <E key="giant | $damage_melee" value="1" >
    </E>
    <E key="homunculus | $damage_projectile" value="18" >
    </E>
    <E key="icemage | $damage_explosion" value="4" >
    </E>
    <E key="iceskull | $damage_explosion" value="7" >
    </E>
    <E key="iceskull | $damage_ice" value="19" >
    </E>
    <E key="iceskull | $damage_melee" value="4" >
    </E>
    <E key="lukki_minion | $damage_curse" value="2" >
    </E>
    <E key="miner | $damage_explosion" value="1" >
    </E>
    <E key="orb_laseremitter_cutter | $damage_plasmabeam" value="3" >
    </E>
    <E key="orb_laseremitter_four | $damage_plasmabeam" value="1" >
    </E>
    <E key="physics_ragdoll_part_exploding | $damage_explosion" value="3" >
    </E>
    <E key="player | $damage_curse" value="1" >
    </E>
    <E key="player | $damage_drill" value="1" >
    </E>
    <E key="player | $damage_electricity" value="10" >
    </E>
    <E key="player | $damage_explosion" value="44" >
    </E>
    <E key="player | $damage_fire" value="2" >
    </E>
    <E key="player | $damage_ice" value="28" >
    </E>
    <E key="player | $damage_plasmabeam" value="3" >
    </E>
    <E key="player | $damage_projectile" value="415" >
    </E>
    <E key="player | $damage_rock_curse" value="1" >
    </E>
    <E key="player | $damage_slice" value="64" >
    </E>
    <E key="player | hit" value="1" >
    </E>
    <E key="player_rng_items | $damage_explosion" value="1" >
    </E>
    <E key="player_rng_items | $damage_projectile" value="1" >
    </E>
    <E key="rat | $damage_melee" value="2" >
    </E>
    <E key="scavenger_grenade | $damage_melee" value="2" >
    </E>
    <E key="scavenger_grenade | $damage_projectile" value="3" >
    </E>
    <E key="scavenger_leader | $damage_explosion" value="2" >
    </E>
    <E key="scavenger_smg | $damage_explosion" value="1" >
    </E>
    <E key="shotgunner | $damage_explosion" value="1" >
    </E>
    <E key="shotgunner | $damage_projectile" value="1" >
    </E>
    <E key="slimeshooter_nontoxic | $damage_projectile" value="1" >
    </E>
    <E key="sniper | $damage_explosion" value="7" >
    </E>
    <E key="sniper | $damage_melee" value="1" >
    </E>
    <E key="sniper | $damage_projectile" value="9" >
    </E>
    <E key="sniper | $damage_slice" value="1" >
    </E>
    <E key="tank | $damage_projectile" value="1" >
    </E>
    <E key="tank_rocket | $damage_projectile" value="1" >
    </E>
    <E key="tentacle_portal | $damage_melee" value="2" >
    </E>
    <E key="tentacler | $damage_melee" value="1" >
    </E>
    <E key="thundermage | $damage_electricity" value="1" >
    </E>
    <E key="thundermage | $damage_explosion" value="16" >
    </E>
    <E key="thunderskull | $damage_melee" value="1" >
    </E>
    <E key="turret_left | $damage_projectile" value="4" >
    </E>
    <E key="wizard_returner | $damage_projectile" value="1" >
    </E>
    <E key="worm | worm bite" value="11" >
    </E>
    <E key="worm_big | worm bite" value="40" >
    </E>
    <E key="worm_big_worm_rain | worm bite" value="2" >
    </E>
    <E key="worm_tiny | worm bite" value="17" >
    </E>
  </death_map>
  <kill_map>
    <E key="acidshooter" value="6" >
    </E>
    <E key="acidshot" value="1" >
    </E>
    <E key="berserkspirit" value="4" >
    </E>
    <E key="bigzombie" value="5" >
    </E>
    <E key="bigzombiehead" value="2" >
    </E>
    <E key="bigzombietorso" value="4" >
    </E>
    <E key="blob" value="14" >
    </E>
    <E key="chest_mimic" value="1" >
    </E>
    <E key="confusespirit" value="4" >
    </E>
    <E key="coward" value="2" >
    </E>
    <E key="drone_lasership" value="2" >
    </E>
    <E key="firebug" value="1" >
    </E>
    <E key="fish" value="2" >
    </E>
    <E key="fish_large" value="7" >
    </E>
    <E key="flamer" value="1" >
    </E>
    <E key="fungus" value="1" >
    </E>
    <E key="giant" value="2" >
    </E>
    <E key="glue" value="2" >
    </E>
    <E key="iceskull" value="130" >
    </E>
    <E key="miner" value="6" >
    </E>
    <E key="miniblob" value="84" >
    </E>
    <E key="necromancer" value="1" >
    </E>
    <E key="pebble_physics" value="8" >
    </E>
    <E key="pebble_player_physics" value="2" >
    </E>
    <E key="pipe_bomb" value="2" >
    </E>
    <E key="plague_rats_rat" value="2" >
    </E>
    <E key="player" value="20" >
    </E>
    <E key="playerghost" value="2" >
    </E>
    <E key="pollen" value="1" >
    </E>
    <E key="polyshot" value="1" >
    </E>
    <E key="rat" value="792" >
    </E>
    <E key="root_grower" value="1" >
    </E>
    <E key="scavenger_glue" value="2" >
    </E>
    <E key="scavenger_grenade" value="52" >
    </E>
    <E key="scavenger_heal" value="12" >
    </E>
    <E key="scavenger_smg" value="52" >
    </E>
    <E key="shaman" value="2" >
    </E>
    <E key="sheep" value="1" >
    </E>
    <E key="shotgunner" value="49" >
    </E>
    <E key="slimeshooter" value="117" >
    </E>
    <E key="sniper" value="18" >
    </E>
    <E key="tentacler" value="1" >
    </E>
    <E key="tentacler_small" value="7" >
    </E>
    <E key="thundermage" value="4" >
    </E>
    <E key="thunderskull" value="6" >
    </E>
    <E key="wizard_swapper" value="1" >
    </E>
    <E key="wizard_tele" value="1" >
    </E>
    <E key="wizard_twitchy" value="2" >
    </E>
    <E key="worm_big" value="1" >
    </E>
    <E key="worm_tiny" value="11" >
    </E>
  </kill_map>
</Stats>
