<Stats deaths="162" kills="146" player_kills="0" player_projectile_count="0" >
  <death_map>
    <E key="NULL | $damage_drowning" value="11" >
    </E>
    <E key="NULL | $damage_electricity" value="1" >
    </E>
    <E key="NULL | $damage_explosion" value="24" >
    </E>
    <E key="NULL | $damage_fire" value="14" >
    </E>
    <E key="NULL | $damage_physicshit" value="7" >
    </E>
    <E key="NULL | $damage_projectile" value="1" >
    </E>
    <E key="NULL | damage from material: freezing vapour" value="1" >
    </E>
    <E key="NULL | damage from material: lava" value="7" >
    </E>
    <E key="basebot_soldier | $damage_slice" value="1" >
    </E>
    <E key="boss_pit | $damage_explosion" value="1" >
    </E>
    <E key="death_ghost | $damage_curse" value="16" >
    </E>
    <E key="firemage_weak | $damage_explosion" value="1" >
    </E>
    <E key="firemage_weak | $damage_fire" value="1" >
    </E>
    <E key="lukki | hit" value="2" >
    </E>
    <E key="miner_weak | $damage_explosion" value="1" >
    </E>
    <E key="necrobot | $damage_projectile" value="1" >
    </E>
    <E key="orb_laseremitter_cutter | $damage_plasmabeam" value="1" >
    </E>
    <E key="player | $damage_electricity" value="1" >
    </E>
    <E key="player | $damage_explosion" value="15" >
    </E>
    <E key="player | $damage_plasmabeam" value="1" >
    </E>
    <E key="player | $damage_projectile" value="4" >
    </E>
    <E key="player | $damage_rock_curse" value="1" >
    </E>
    <E key="player_rng_items | $damage_projectile" value="1" >
    </E>
    <E key="roboguard | $damage_projectile" value="5" >
    </E>
    <E key="scavenger_leader | $damage_projectile" value="1" >
    </E>
    <E key="shotgunner_weak | $damage_projectile" value="1" >
    </E>
    <E key="sunbaby | $damage_sun" value="10" >
    </E>
    <E key="sunegg | $damage_sun" value="29" >
    </E>
    <E key="workshop_areadamage | $damage_holy_mountains_curse" value="1" >
    </E>
    <E key="worm | worm bite" value="1" >
    </E>
  </death_map>
  <kill_map>
    <E key="acidshooter" value="5" >
    </E>
    <E key="acidshooter_weak" value="3" >
    </E>
    <E key="acidshot" value="36" >
    </E>
    <E key="blob" value="3" >
    </E>
    <E key="bomb" value="1" >
    </E>
    <E key="chest_mimic" value="1" >
    </E>
    <E key="cocktail" value="1" >
    </E>
    <E key="drone_physics" value="1" >
    </E>
    <E key="firemage_weak" value="2" >
    </E>
    <E key="fireskull" value="1" >
    </E>
    <E key="fly" value="2" >
    </E>
    <E key="frog" value="1" >
    </E>
    <E key="fungus" value="1" >
    </E>
    <E key="giantshooter_weak" value="1" >
    </E>
    <E key="glue" value="1" >
    </E>
    <E key="longleg" value="15" >
    </E>
    <E key="miner" value="1" >
    </E>
    <E key="miner_weak" value="10" >
    </E>
    <E key="miniblob" value="12" >
    </E>
    <E key="radioactive_blob" value="3" >
    </E>
    <E key="rat" value="6" >
    </E>
    <E key="scavenger_grenade" value="1" >
    </E>
    <E key="scavenger_invis" value="4" >
    </E>
    <E key="scavenger_smg" value="1" >
    </E>
    <E key="shaman" value="1" >
    </E>
    <E key="shotgunner_weak" value="4" >
    </E>
    <E key="slimeshooter" value="2" >
    </E>
    <E key="slimeshooter_weak" value="7" >
    </E>
    <E key="sniper" value="1" >
    </E>
    <E key="tank" value="1" >
    </E>
    <E key="tentacler" value="1" >
    </E>
    <E key="tentacler_small" value="2" >
    </E>
    <E key="tnt" value="1" >
    </E>
    <E key="zombie" value="3" >
    </E>
    <E key="zombie_weak" value="10" >
    </E>
  </kill_map>
</Stats>
