<Stats deaths="766" kills="162" player_kills="0" player_projectile_count="0" >
  <death_map>
    <E key="NULL | $damage_drowning" value="31" >
    </E>
    <E key="NULL | $damage_electricity" value="3" >
    </E>
    <E key="NULL | $damage_explosion" value="180" >
    </E>
    <E key="NULL | $damage_physicshit" value="39" >
    </E>
    <E key="NULL | $damage_plasmabeam" value="2" >
    </E>
    <E key="NULL | $damage_radioactive" value="150" >
    </E>
    <E key="NULL | damage from material: acid" value="3" >
    </E>
    <E key="NULL | damage from material: freezing vapour" value="1" >
    </E>
    <E key="NULL | damage from material: lava" value="32" >
    </E>
    <E key="NULL | damage from material: toxic gas" value="1" >
    </E>
    <E key="NULL | damage from material: toxic ice" value="1" >
    </E>
    <E key="NULL | damage from material: toxic rock" value="2" >
    </E>
    <E key="bat | $damage_melee" value="9" >
    </E>
    <E key="bigbat | $damage_melee" value="4" >
    </E>
    <E key="bigfirebug | $damage_fire" value="2" >
    </E>
    <E key="blob | $damage_melee" value="2" >
    </E>
    <E key="bloom | $damage_explosion" value="1" >
    </E>
    <E key="death_ghost | $damage_curse" value="3" >
    </E>
    <E key="firebug | $damage_fire" value="4" >
    </E>
    <E key="firebug | $damage_melee" value="1" >
    </E>
    <E key="fly | $damage_melee" value="1" >
    </E>
    <E key="goblin_bomb | $damage_explosion" value="25" >
    </E>
    <E key="homunculus | $damage_projectile" value="1" >
    </E>
    <E key="miner | $damage_explosion" value="5" >
    </E>
    <E key="necromancer_shop | $damage_projectile" value="1" >
    </E>
    <E key="orb_laseremitter_cutter | $damage_plasmabeam" value="1" >
    </E>
    <E key="player | $damage_drill" value="4" >
    </E>
    <E key="player | $damage_electricity" value="3" >
    </E>
    <E key="player | $damage_explosion" value="20" >
    </E>
    <E key="player | $damage_ice" value="3" >
    </E>
    <E key="player | $damage_melee" value="1" >
    </E>
    <E key="player | $damage_physicshit" value="1" >
    </E>
    <E key="player | $damage_plasmabeam" value="3" >
    </E>
    <E key="player | $damage_projectile" value="162" >
    </E>
    <E key="player | $damage_slice" value="32" >
    </E>
    <E key="player_rng_items | $damage_projectile" value="6" >
    </E>
    <E key="player_rng_items | $damage_slice" value="1" >
    </E>
    <E key="playerghost | $damage_explosion" value="1" >
    </E>
    <E key="playerghost | $damage_projectile" value="1" >
    </E>
    <E key="playerghost | $damage_slice" value="1" >
    </E>
    <E key="rat | $damage_melee" value="1" >
    </E>
    <E key="shaman | $damage_projectile" value="1" >
    </E>
    <E key="shotgunner | $damage_projectile" value="1" >
    </E>
    <E key="slimeshooter | $damage_explosion" value="2" >
    </E>
    <E key="slimeshooter | $damage_projectile" value="2" >
    </E>
    <E key="tentacle_portal | $damage_melee" value="1" >
    </E>
    <E key="tentacler | $damage_melee" value="1" >
    </E>
    <E key="worm | worm bite" value="7" >
    </E>
    <E key="worm_big | worm bite" value="1" >
    </E>
    <E key="worm_big_worm_rain | worm bite" value="2" >
    </E>
    <E key="worm_tiny | worm bite" value="3" >
    </E>
  </death_map>
  <kill_map>
    <E key="bat" value="6" >
    </E>
    <E key="firebug" value="3" >
    </E>
    <E key="goblin_bomb" value="25" >
    </E>
    <E key="mine" value="1" >
    </E>
    <E key="miniblob" value="1" >
    </E>
    <E key="rat" value="112" >
    </E>
    <E key="shotgunner" value="2" >
    </E>
    <E key="swarm_wasp" value="5" >
    </E>
    <E key="zombie" value="7" >
    </E>
  </kill_map>
</Stats>
