<Stats deaths="5347" kills="1169" player_kills="25" player_projectile_count="0" >
  <death_map>
    <E key="NULL | $damage_drowning" value="91" >
    </E>
    <E key="NULL | $damage_electricity" value="99" >
    </E>
    <E key="NULL | $damage_explosion" value="853" >
    </E>
    <E key="NULL | $damage_fire" value="126" >
    </E>
    <E key="NULL | $damage_ice" value="10" >
    </E>
    <E key="NULL | $damage_melee" value="3" >
    </E>
    <E key="NULL | $damage_physicshit" value="306" >
    </E>
    <E key="NULL | $damage_plasmabeam" value="3" >
    </E>
    <E key="NULL | $damage_projectile" value="8" >
    </E>
    <E key="NULL | $damage_radioactive" value="114" >
    </E>
    <E key="NULL | damage from material: Poison" value="2" >
    </E>
    <E key="NULL | damage from material: acid" value="25" >
    </E>
    <E key="NULL | damage from material: freezing liquid" value="17" >
    </E>
    <E key="NULL | damage from material: freezing vapour" value="226" >
    </E>
    <E key="NULL | damage from material: lava" value="3" >
    </E>
    <E key="NULL | damage from material: toxic ice" value="4" >
    </E>
    <E key="basebot_neutralizer | $damage_projectile" value="1" >
    </E>
    <E key="bigzombie | $damage_explosion" value="7" >
    </E>
    <E key="bigzombie | $damage_melee" value="2" >
    </E>
    <E key="bigzombiehead | $damage_melee" value="2" >
    </E>
    <E key="bigzombietorso | $damage_explosion" value="3" >
    </E>
    <E key="bigzombietorso | $damage_melee" value="1" >
    </E>
    <E key="blob | $damage_melee" value="5" >
    </E>
    <E key="boss_ghost | $damage_plasmabeam" value="1" >
    </E>
    <E key="bubbleshot | $damage_plasmabeam" value="1" >
    </E>
    <E key="chest_mimic | $damage_melee" value="1" >
    </E>
    <E key="cloud_thunder | $damage_electricity" value="1" >
    </E>
    <E key="contact_damage | $damage_curse" value="2" >
    </E>
    <E key="death_ghost | $damage_curse" value="89" >
    </E>
    <E key="drone_lasership | $damage_explosion" value="2" >
    </E>
    <E key="drone_lasership | $damage_fire" value="1" >
    </E>
    <E key="drone_lasership | $damage_projectile" value="41" >
    </E>
    <E key="firebug | $damage_fire" value="1" >
    </E>
    <E key="fly | $damage_melee" value="2" >
    </E>
    <E key="giant | $damage_melee" value="4" >
    </E>
    <E key="homunculus | $damage_projectile" value="45" >
    </E>
    <E key="icemage | $damage_explosion" value="5" >
    </E>
    <E key="icer | $damage_explosion" value="1" >
    </E>
    <E key="iceskull | $damage_explosion" value="19" >
    </E>
    <E key="iceskull | $damage_ice" value="34" >
    </E>
    <E key="iceskull | $damage_melee" value="6" >
    </E>
    <E key="lukki | $damage_explosion" value="1" >
    </E>
    <E key="lukki_dark | $damage_curse" value="7" >
    </E>
    <E key="lukki_minion | $damage_curse" value="11" >
    </E>
    <E key="maggot | $damage_explosion" value="2" >
    </E>
    <E key="miner | $damage_explosion" value="2" >
    </E>
    <E key="necromancer | $damage_melee" value="2" >
    </E>
    <E key="necromancer_shop | $damage_explosion" value="1" >
    </E>
    <E key="orb_green | $damage_projectile" value="1" >
    </E>
    <E key="orb_laseremitter_cutter | $damage_plasmabeam" value="14" >
    </E>
    <E key="orb_laseremitter_four | $damage_plasmabeam" value="1" >
    </E>
    <E key="phantom_a | $damage_projectile" value="1" >
    </E>
    <E key="phantom_b | $damage_projectile" value="2" >
    </E>
    <E key="physics_ragdoll_part_exploding | $damage_explosion" value="54" >
    </E>
    <E key="plague_rats_rat | $damage_melee" value="2" >
    </E>
    <E key="player | $damage_curse" value="3" >
    </E>
    <E key="player | $damage_drill" value="3" >
    </E>
    <E key="player | $damage_electricity" value="99" >
    </E>
    <E key="player | $damage_explosion" value="179" >
    </E>
    <E key="player | $damage_fire" value="2" >
    </E>
    <E key="player | $damage_ice" value="99" >
    </E>
    <E key="player | $damage_physicshit" value="8" >
    </E>
    <E key="player | $damage_plasmabeam" value="4" >
    </E>
    <E key="player | $damage_projectile" value="2054" >
    </E>
    <E key="player | $damage_rock_curse" value="4" >
    </E>
    <E key="player | $damage_slice" value="185" >
    </E>
    <E key="player | bzzt!" value="1" >
    </E>
    <E key="player_rng_items | $damage_projectile" value="3" >
    </E>
    <E key="playerghost | $damage_melee" value="4" >
    </E>
    <E key="playerghost | $damage_projectile" value="1" >
    </E>
    <E key="rat | $damage_melee" value="12" >
    </E>
    <E key="roboguard | $damage_projectile" value="1" >
    </E>
    <E key="roboguard_big | $damage_projectile" value="1" >
    </E>
    <E key="scavenger_clusterbomb | $damage_explosion" value="1" >
    </E>
    <E key="scavenger_clusterbomb | $damage_melee" value="1" >
    </E>
    <E key="scavenger_clusterbomb | $damage_projectile" value="4" >
    </E>
    <E key="scavenger_grenade | $damage_explosion" value="20" >
    </E>
    <E key="scavenger_grenade | $damage_melee" value="14" >
    </E>
    <E key="scavenger_grenade | $damage_projectile" value="10" >
    </E>
    <E key="scavenger_leader | $damage_explosion" value="14" >
    </E>
    <E key="scavenger_leader | $damage_melee" value="11" >
    </E>
    <E key="scavenger_leader | $damage_projectile" value="11" >
    </E>
    <E key="scavenger_leader | $damage_slice" value="1" >
    </E>
    <E key="scavenger_mine | $damage_fire" value="1" >
    </E>
    <E key="scavenger_poison | $damage_melee" value="1" >
    </E>
    <E key="scavenger_smg | $damage_explosion" value="4" >
    </E>
    <E key="scavenger_smg | $damage_melee" value="27" >
    </E>
    <E key="scavenger_smg | $damage_projectile" value="2" >
    </E>
    <E key="shaman | $damage_projectile" value="2" >
    </E>
    <E key="shooterflower | $damage_projectile" value="5" >
    </E>
    <E key="shotgunner | $damage_projectile" value="4" >
    </E>
    <E key="skullrat | $damage_melee" value="1" >
    </E>
    <E key="slimeshooter | $damage_explosion" value="3" >
    </E>
    <E key="slimeshooter | $damage_projectile" value="2" >
    </E>
    <E key="slimeshooter_nontoxic | $damage_projectile" value="1" >
    </E>
    <E key="sniper | $damage_explosion" value="4" >
    </E>
    <E key="sniper | $damage_projectile" value="48" >
    </E>
    <E key="tank | $damage_projectile" value="4" >
    </E>
    <E key="tank_rocket | $damage_explosion" value="1" >
    </E>
    <E key="tank_rocket | $damage_projectile" value="2" >
    </E>
    <E key="tank_super | $damage_explosion" value="1" >
    </E>
    <E key="tentacle_portal | $damage_melee" value="6" >
    </E>
    <E key="tentacler | $damage_melee" value="1" >
    </E>
    <E key="thundermage | $damage_electricity" value="3" >
    </E>
    <E key="thundermage | $damage_explosion" value="3" >
    </E>
    <E key="thundermage | $damage_projectile" value="1" >
    </E>
    <E key="thundermage_big | $damage_electricity" value="1" >
    </E>
    <E key="thundermage_big | $damage_explosion" value="1" >
    </E>
    <E key="thunderskull | $damage_explosion" value="2" >
    </E>
    <E key="thunderskull | $damage_melee" value="1" >
    </E>
    <E key="turret_left | $damage_projectile" value="6" >
    </E>
    <E key="turret_right | $damage_projectile" value="2" >
    </E>
    <E key="wizard_twitchy | $damage_projectile" value="1" >
    </E>
    <E key="worm | worm bite" value="51" >
    </E>
    <E key="worm_big | worm bite" value="106" >
    </E>
    <E key="worm_big_worm_rain | worm bite" value="12" >
    </E>
    <E key="worm_tiny | worm bite" value="19" >
    </E>
  </death_map>
  <kill_map>
    <E key="bat" value="1" >
    </E>
    <E key="berserkspirit" value="2" >
    </E>
    <E key="bigzombie" value="2" >
    </E>
    <E key="bigzombiehead" value="3" >
    </E>
    <E key="bomb" value="1" >
    </E>
    <E key="bomb_small" value="1" >
    </E>
    <E key="coward" value="2" >
    </E>
    <E key="drone_lasership" value="3" >
    </E>
    <E key="exploding_deer" value="1" >
    </E>
    <E key="firebug" value="2" >
    </E>
    <E key="fish" value="8" >
    </E>
    <E key="fish_large" value="2" >
    </E>
    <E key="fly" value="2" >
    </E>
    <E key="glue" value="8" >
    </E>
    <E key="iceskull" value="84" >
    </E>
    <E key="miner" value="4" >
    </E>
    <E key="miniblob" value="2" >
    </E>
    <E key="monk" value="1" >
    </E>
    <E key="pebble_physics" value="4" >
    </E>
    <E key="physics_barrel_oil" value="1" >
    </E>
    <E key="plague_rats_rat" value="3" >
    </E>
    <E key="player" value="25" >
    </E>
    <E key="player_rng_items" value="1" >
    </E>
    <E key="potion" value="4" >
    </E>
    <E key="rat" value="846" >
    </E>
    <E key="scavenger_grenade" value="44" >
    </E>
    <E key="scavenger_heal" value="10" >
    </E>
    <E key="scavenger_leader" value="1" >
    </E>
    <E key="scavenger_smg" value="51" >
    </E>
    <E key="scorpion" value="2" >
    </E>
    <E key="sheep" value="2" >
    </E>
    <E key="shooterflower" value="1" >
    </E>
    <E key="shotgunner" value="4" >
    </E>
    <E key="slimeshooter" value="13" >
    </E>
    <E key="slimespirit" value="1" >
    </E>
    <E key="sniper" value="5" >
    </E>
    <E key="tank_rocket" value="2" >
    </E>
    <E key="thunderskull" value="5" >
    </E>
    <E key="tnt" value="1" >
    </E>
    <E key="worm_big" value="1" >
    </E>
    <E key="worm_tiny" value="8" >
    </E>
    <E key="zombie" value="4" >
    </E>
    <E key="zombie_weak" value="1" >
    </E>
  </kill_map>
</Stats>
