<Stats deaths="124" kills="3" player_kills="0" player_projectile_count="0" >
  <death_map>
    <E key="NULL | $damage_drowning" value="14" >
    </E>
    <E key="NULL | $damage_electricity" value="2" >
    </E>
    <E key="NULL | $damage_explosion" value="6" >
    </E>
    <E key="NULL | $damage_physicshit" value="5" >
    </E>
    <E key="NULL | $damage_projectile" value="1" >
    </E>
    <E key="NULL | damage from material: acid" value="31" >
    </E>
    <E key="NULL | damage from material: freezing liquid" value="5" >
    </E>
    <E key="NULL | damage from material: freezing vapour" value="4" >
    </E>
    <E key="NULL | damage from material: toxic rock" value="4" >
    </E>
    <E key="bat | $damage_melee" value="1" >
    </E>
    <E key="death_ghost | $damage_curse" value="1" >
    </E>
    <E key="firebug | $damage_melee" value="2" >
    </E>
    <E key="frog_big | $damage_melee" value="1" >
    </E>
    <E key="homunculus | $damage_projectile" value="2" >
    </E>
    <E key="maggot | $damage_explosion" value="1" >
    </E>
    <E key="player | $damage_explosion" value="3" >
    </E>
    <E key="player | $damage_ice" value="3" >
    </E>
    <E key="player | $damage_plasmabeam" value="1" >
    </E>
    <E key="player | $damage_projectile" value="23" >
    </E>
    <E key="player | $damage_rock_curse" value="1" >
    </E>
    <E key="rat | $damage_melee" value="1" >
    </E>
    <E key="scavenger_invis | $damage_projectile" value="1" >
    </E>
    <E key="shotgunner | $damage_projectile" value="1" >
    </E>
    <E key="skullfly | $damage_projectile" value="1" >
    </E>
    <E key="slimeshooter_boss_limbs | $damage_explosion" value="1" >
    </E>
    <E key="tentacler_small | $damage_melee" value="1" >
    </E>
    <E key="wizard_tele | $damage_projectile" value="1" >
    </E>
    <E key="worm | worm bite" value="3" >
    </E>
    <E key="worm_big_worm_rain | worm bite" value="1" >
    </E>
    <E key="worm_tiny | worm bite" value="1" >
    </E>
    <E key="zombie_weak | $damage_melee" value="1" >
    </E>
  </death_map>
  <kill_map>
    <E key="acidshot" value="1" >
    </E>
    <E key="mine" value="1" >
    </E>
    <E key="shotgunner" value="1" >
    </E>
  </kill_map>
</Stats>
