<Stats deaths="226" kills="85" player_kills="1" player_projectile_count="0" >
  <death_map>
    <E key="NULL | $damage_drowning" value="9" >
    </E>
    <E key="NULL | $damage_explosion" value="24" >
    </E>
    <E key="NULL | $damage_physicshit" value="20" >
    </E>
    <E key="NULL | $damage_plasmabeam" value="1" >
    </E>
    <E key="NULL | $damage_radioactive" value="11" >
    </E>
    <E key="NULL | damage from material: acid" value="1" >
    </E>
    <E key="NULL | damage from material: lava" value="1" >
    </E>
    <E key="beam_from_sky | $damage_plasmabeam" value="1" >
    </E>
    <E key="death_ghost | $damage_curse" value="4" >
    </E>
    <E key="drone_lasership | $damage_projectile" value="2" >
    </E>
    <E key="homunculus | $damage_projectile" value="5" >
    </E>
    <E key="lukki_dark | $damage_curse" value="1" >
    </E>
    <E key="necromancer_super | $damage_projectile" value="1" >
    </E>
    <E key="physics_ragdoll_part_exploding | $damage_explosion" value="1" >
    </E>
    <E key="player | $damage_electricity" value="3" >
    </E>
    <E key="player | $damage_explosion" value="11" >
    </E>
    <E key="player | $damage_ice" value="5" >
    </E>
    <E key="player | $damage_melee" value="1" >
    </E>
    <E key="player | $damage_plasmabeam" value="1" >
    </E>
    <E key="player | $damage_projectile" value="110" >
    </E>
    <E key="player | $damage_slice" value="6" >
    </E>
    <E key="scavenger_clusterbomb | $damage_explosion" value="2" >
    </E>
    <E key="scavenger_clusterbomb | $damage_slice" value="1" >
    </E>
    <E key="scavenger_smg | $damage_melee" value="1" >
    </E>
    <E key="shooterflower | $damage_projectile" value="3" >
    </E>
  </death_map>
  <kill_map>
    <E key="acidshooter" value="1" >
    </E>
    <E key="blob" value="1" >
    </E>
    <E key="drone_lasership" value="1" >
    </E>
    <E key="fish" value="12" >
    </E>
    <E key="fly" value="17" >
    </E>
    <E key="fungus" value="1" >
    </E>
    <E key="longleg" value="2" >
    </E>
    <E key="lukki" value="2" >
    </E>
    <E key="lukki_tiny" value="1" >
    </E>
    <E key="mine_scavenger" value="3" >
    </E>
    <E key="miner" value="1" >
    </E>
    <E key="miniblob" value="1" >
    </E>
    <E key="physics_torch_stand" value="1" >
    </E>
    <E key="player" value="1" >
    </E>
    <E key="rat" value="2" >
    </E>
    <E key="root_grower" value="6" >
    </E>
    <E key="scavenger_clusterbomb" value="3" >
    </E>
    <E key="scavenger_grenade" value="6" >
    </E>
    <E key="scavenger_heal" value="5" >
    </E>
    <E key="scavenger_leader" value="1" >
    </E>
    <E key="scavenger_poison" value="2" >
    </E>
    <E key="scavenger_smg" value="2" >
    </E>
    <E key="shooterflower" value="4" >
    </E>
    <E key="wizard_twitchy" value="2" >
    </E>
    <E key="worm" value="1" >
    </E>
    <E key="zombie" value="5" >
    </E>
    <E key="zombie_weak" value="1" >
    </E>
  </kill_map>
</Stats>
