<Stats deaths="255" kills="33" player_kills="0" player_projectile_count="0" >
  <death_map>
    <E key="NULL | $damage_drowning" value="14" >
    </E>
    <E key="NULL | $damage_electricity" value="3" >
    </E>
    <E key="NULL | $damage_explosion" value="77" >
    </E>
    <E key="NULL | $damage_fire" value="19" >
    </E>
    <E key="NULL | $damage_physicshit" value="8" >
    </E>
    <E key="NULL | damage from material: Cursed rock" value="1" >
    </E>
    <E key="NULL | damage from material: acid" value="2" >
    </E>
    <E key="NULL | damage from material: freezing vapour" value="1" >
    </E>
    <E key="NULL | damage from material: lava" value="6" >
    </E>
    <E key="NULL | damage from material: toxic ice" value="1" >
    </E>
    <E key="NULL | damage from material: toxic rock" value="5" >
    </E>
    <E key="acidshooter | $damage_projectile" value="3" >
    </E>
    <E key="bat | $damage_melee" value="1" >
    </E>
    <E key="blob | $damage_melee" value="2" >
    </E>
    <E key="homunculus | $damage_projectile" value="4" >
    </E>
    <E key="maggot | $damage_explosion" value="1" >
    </E>
    <E key="miner | $damage_explosion" value="1" >
    </E>
    <E key="miniblob | $damage_melee" value="4" >
    </E>
    <E key="orb_green | $damage_projectile" value="1" >
    </E>
    <E key="orb_laseremitter_cutter | $damage_plasmabeam" value="1" >
    </E>
    <E key="phantom_b | $damage_melee" value="1" >
    </E>
    <E key="physics_die | $damage_projectile" value="1" >
    </E>
    <E key="player | $damage_electricity" value="1" >
    </E>
    <E key="player | $damage_explosion" value="2" >
    </E>
    <E key="player | $damage_ice" value="2" >
    </E>
    <E key="player | $damage_projectile" value="64" >
    </E>
    <E key="player | $damage_slice" value="7" >
    </E>
    <E key="player_rng_items | $damage_explosion" value="1" >
    </E>
    <E key="roboguard | $damage_melee" value="1" >
    </E>
    <E key="roboguard | $damage_projectile" value="1" >
    </E>
    <E key="scavenger_glue | $damage_projectile" value="1" >
    </E>
    <E key="skullfly | $damage_fire" value="1" >
    </E>
    <E key="skullrat | $damage_melee" value="1" >
    </E>
    <E key="sniper | $damage_projectile" value="1" >
    </E>
    <E key="tentacler | $damage_melee" value="1" >
    </E>
    <E key="tentacler_small | $damage_melee" value="3" >
    </E>
    <E key="thundermage_big | $damage_explosion" value="1" >
    </E>
    <E key="wizard_dark | $damage_projectile" value="2" >
    </E>
    <E key="wizard_neutral | $damage_projectile" value="1" >
    </E>
    <E key="wizard_swapper | $damage_explosion" value="2" >
    </E>
    <E key="worm | worm bite" value="2" >
    </E>
    <E key="zombie | $damage_melee" value="3" >
    </E>
  </death_map>
  <kill_map>
    <E key="blob" value="4" >
    </E>
    <E key="drone_physics" value="1" >
    </E>
    <E key="fungus" value="2" >
    </E>
    <E key="mimic_potion" value="1" >
    </E>
    <E key="miniblob" value="8" >
    </E>
    <E key="potion" value="1" >
    </E>
    <E key="rat" value="5" >
    </E>
    <E key="scavenger_invis" value="3" >
    </E>
    <E key="tentacler" value="2" >
    </E>
    <E key="tentacler_small" value="1" >
    </E>
    <E key="wizard_swapper" value="2" >
    </E>
    <E key="wizard_tele" value="2" >
    </E>
    <E key="zombie" value="1" >
    </E>
  </kill_map>
</Stats>
