<Stats deaths="7" kills="8" player_kills="0" player_projectile_count="0" >
  <death_map>
    <E key="NULL | $damage_electricity" value="3" >
    </E>
    <E key="NULL | $damage_physicshit" value="1" >
    </E>
    <E key="player | $damage_projectile" value="3" >
    </E>
  </death_map>
  <kill_map>
    <E key="duck" value="1" >
    </E>
    <E key="fireskull_weak" value="1" >
    </E>
    <E key="fish_large" value="1" >
    </E>
    <E key="iceskull" value="1" >
    </E>
    <E key="scavenger_invis" value="1" >
    </E>
    <E key="sheep" value="1" >
    </E>
    <E key="thunderskull" value="1" >
    </E>
    <E key="wizard_tele" value="1" >
    </E>
  </kill_map>
</Stats>
