<Stats deaths="28" kills="0" player_kills="0" player_projectile_count="0" >
  <death_map>
    <E key="NULL | $damage_explosion" value="2" >
    </E>
    <E key="NULL | damage from material: freezing vapour" value="1" >
    </E>
    <E key="miner | $damage_explosion" value="1" >
    </E>
    <E key="miner | $damage_projectile" value="1" >
    </E>
    <E key="player | $damage_electricity" value="2" >
    </E>
    <E key="player | $damage_explosion" value="1" >
    </E>
    <E key="player | $damage_projectile" value="14" >
    </E>
    <E key="player_rng_items | $damage_projectile" value="1" >
    </E>
    <E key="scavenger_grenade | $damage_projectile" value="1" >
    </E>
    <E key="shotgunner | $damage_projectile" value="3" >
    </E>
    <E key="sniper_hell | $damage_projectile" value="1" >
    </E>
  </death_map>
  <kill_map>
  </kill_map>
</Stats>
