<Stats deaths="559" kills="79" player_kills="0" player_projectile_count="0" >
  <death_map>
    <E key="NULL | $damage_drowning" value="18" >
    </E>
    <E key="NULL | $damage_electricity" value="2" >
    </E>
    <E key="NULL | $damage_explosion" value="34" >
    </E>
    <E key="NULL | $damage_fire" value="24" >
    </E>
    <E key="NULL | $damage_physicshit" value="14" >
    </E>
    <E key="NULL | damage from material: Cursed rock" value="23" >
    </E>
    <E key="NULL | damage from material: acid" value="4" >
    </E>
    <E key="NULL | damage from material: lava" value="24" >
    </E>
    <E key="death_ghost | $damage_curse" value="5" >
    </E>
    <E key="failed_alchemist | $damage_melee" value="4" >
    </E>
    <E key="homunculus | $damage_projectile" value="9" >
    </E>
    <E key="necromancer | $damage_melee" value="2" >
    </E>
    <E key="orb_green | $damage_projectile" value="1" >
    </E>
    <E key="orb_laseremitter_cutter | $damage_plasmabeam" value="1" >
    </E>
    <E key="phantom_b | $damage_melee" value="1" >
    </E>
    <E key="plague_rats_rat | $damage_melee" value="1" >
    </E>
    <E key="player | $damage_electricity" value="6" >
    </E>
    <E key="player | $damage_explosion" value="23" >
    </E>
    <E key="player | $damage_ice" value="12" >
    </E>
    <E key="player | $damage_plasmabeam" value="5" >
    </E>
    <E key="player | $damage_projectile" value="287" >
    </E>
    <E key="player | $damage_rock_curse" value="1" >
    </E>
    <E key="player | $damage_slice" value="36" >
    </E>
    <E key="skullfly | $damage_projectile" value="1" >
    </E>
    <E key="skullrat | $damage_melee" value="7" >
    </E>
    <E key="slimeshooter_boss_limbs | $damage_projectile" value="1" >
    </E>
    <E key="tentacler | $damage_melee" value="2" >
    </E>
    <E key="tentacler_small | $damage_melee" value="6" >
    </E>
    <E key="wizard_hearty | $damage_projectile" value="1" >
    </E>
    <E key="worm | worm bite" value="1" >
    </E>
    <E key="wraith_glowing | $damage_explosion" value="1" >
    </E>
    <E key="wraith_glowing | $damage_projectile" value="2" >
    </E>
  </death_map>
  <kill_map>
    <E key="acidshooter" value="11" >
    </E>
    <E key="failed_alchemist_b" value="7" >
    </E>
    <E key="longleg" value="2" >
    </E>
    <E key="maggot" value="3" >
    </E>
    <E key="necromancer" value="1" >
    </E>
    <E key="phantom_a" value="1" >
    </E>
    <E key="phantom_b" value="1" >
    </E>
    <E key="plague_rats_rat" value="2" >
    </E>
    <E key="playerghost" value="1" >
    </E>
    <E key="scavenger_grenade" value="1" >
    </E>
    <E key="scorpion" value="24" >
    </E>
    <E key="sheep" value="1" >
    </E>
    <E key="sheep_fly" value="1" >
    </E>
    <E key="skullrat" value="7" >
    </E>
    <E key="tentacler_small" value="10" >
    </E>
    <E key="wizard_dark" value="1" >
    </E>
    <E key="wizard_swapper" value="1" >
    </E>
    <E key="wizard_tele" value="1" >
    </E>
    <E key="wraith_glowing" value="3" >
    </E>
  </kill_map>
</Stats>
