<Stats deaths="35" kills="28" player_kills="1" player_projectile_count="0" >
  <death_map>
    <E key="player | $damage_explosion" value="1" >
    </E>
    <E key="player | $damage_projectile" value="28" >
    </E>
    <E key="player | $damage_slice" value="6" >
    </E>
  </death_map>
  <kill_map>
    <E key="ant" value="1" >
    </E>
    <E key="fish" value="13" >
    </E>
    <E key="fish_large" value="1" >
    </E>
    <E key="fly" value="3" >
    </E>
    <E key="homunculus" value="1" >
    </E>
    <E key="lukki_longleg" value="1" >
    </E>
    <E key="miniblob" value="4" >
    </E>
    <E key="player" value="1" >
    </E>
    <E key="scavenger_clusterbomb" value="1" >
    </E>
    <E key="scavenger_invis" value="1" >
    </E>
    <E key="zombie" value="1" >
    </E>
  </kill_map>
</Stats>
