<Stats deaths="2062" kills="748" player_kills="17" player_projectile_count="0" >
  <death_map>
    <E key="NULL | $damage_drowning" value="29" >
    </E>
    <E key="NULL | $damage_electricity" value="13" >
    </E>
    <E key="NULL | $damage_explosion" value="519" >
    </E>
    <E key="NULL | $damage_fire" value="107" >
    </E>
    <E key="NULL | $damage_ice" value="1" >
    </E>
    <E key="NULL | $damage_melee" value="1" >
    </E>
    <E key="NULL | $damage_physicshit" value="81" >
    </E>
    <E key="NULL | $damage_plasmabeam" value="2" >
    </E>
    <E key="NULL | $damage_projectile" value="3" >
    </E>
    <E key="NULL | damage from material: Poison" value="2" >
    </E>
    <E key="NULL | damage from material: freezing liquid" value="13" >
    </E>
    <E key="NULL | damage from material: freezing vapour" value="33" >
    </E>
    <E key="NULL | damage from material: lava" value="8" >
    </E>
    <E key="ant | $damage_melee" value="2" >
    </E>
    <E key="bigfirebug | $damage_fire" value="5" >
    </E>
    <E key="bigfirebug | $damage_projectile" value="3" >
    </E>
    <E key="chest_mimic | $damage_melee" value="1" >
    </E>
    <E key="death_ghost | $damage_curse" value="10" >
    </E>
    <E key="firebug | $damage_fire" value="6" >
    </E>
    <E key="firebug | $damage_melee" value="5" >
    </E>
    <E key="firemage_weak | $damage_explosion" value="3" >
    </E>
    <E key="fly | $damage_melee" value="2" >
    </E>
    <E key="fungus_giga | $damage_projectile" value="1" >
    </E>
    <E key="homunculus | $damage_projectile" value="15" >
    </E>
    <E key="iceskull | $damage_explosion" value="4" >
    </E>
    <E key="iceskull | $damage_ice" value="21" >
    </E>
    <E key="iceskull | $damage_melee" value="5" >
    </E>
    <E key="miner | $damage_explosion" value="20" >
    </E>
    <E key="miner_weak | $damage_explosion" value="6" >
    </E>
    <E key="necromancer_shop | $damage_explosion" value="1" >
    </E>
    <E key="orb_laseremitter_cutter | $damage_plasmabeam" value="3" >
    </E>
    <E key="phantom_a | $damage_projectile" value="1" >
    </E>
    <E key="physics_die | $damage_melee" value="1" >
    </E>
    <E key="physics_ragdoll_part_exploding | $damage_explosion" value="1" >
    </E>
    <E key="player | $damage_curse" value="2" >
    </E>
    <E key="player | $damage_electricity" value="11" >
    </E>
    <E key="player | $damage_explosion" value="54" >
    </E>
    <E key="player | $damage_fire" value="1" >
    </E>
    <E key="player | $damage_ice" value="1" >
    </E>
    <E key="player | $damage_melee" value="3" >
    </E>
    <E key="player | $damage_plasmabeam" value="11" >
    </E>
    <E key="player | $damage_projectile" value="575" >
    </E>
    <E key="player | $damage_slice" value="86" >
    </E>
    <E key="player | bzzt!" value="3" >
    </E>
    <E key="player | hit" value="2" >
    </E>
    <E key="player_rng_items | $damage_projectile" value="4" >
    </E>
    <E key="player_rng_items | $damage_slice" value="2" >
    </E>
    <E key="playerghost | $damage_melee" value="3" >
    </E>
    <E key="playerghost | $damage_projectile" value="4" >
    </E>
    <E key="playerghost | $damage_slice" value="1" >
    </E>
    <E key="rat | $damage_melee" value="16" >
    </E>
    <E key="roboguard | $damage_explosion" value="1" >
    </E>
    <E key="roboguard | $damage_melee" value="1" >
    </E>
    <E key="roboguard | $damage_projectile" value="5" >
    </E>
    <E key="scavenger_glue | $damage_melee" value="2" >
    </E>
    <E key="scavenger_glue | $damage_projectile" value="1" >
    </E>
    <E key="scavenger_grenade | $damage_projectile" value="13" >
    </E>
    <E key="scavenger_leader | $damage_explosion" value="2" >
    </E>
    <E key="scavenger_leader | $damage_projectile" value="1" >
    </E>
    <E key="scavenger_smg | $damage_explosion" value="1" >
    </E>
    <E key="scavenger_smg | $damage_projectile" value="3" >
    </E>
    <E key="shaman | $damage_projectile" value="1" >
    </E>
    <E key="shotgunner | $damage_explosion" value="1" >
    </E>
    <E key="shotgunner | $damage_melee" value="1" >
    </E>
    <E key="shotgunner | $damage_projectile" value="82" >
    </E>
    <E key="shotgunner_weak | $damage_projectile" value="7" >
    </E>
    <E key="slimeshooter | $damage_explosion" value="14" >
    </E>
    <E key="slimeshooter | $damage_projectile" value="2" >
    </E>
    <E key="slimeshooter_nontoxic | $damage_projectile" value="2" >
    </E>
    <E key="sniper | $damage_projectile" value="117" >
    </E>
    <E key="tank | $damage_projectile" value="17" >
    </E>
    <E key="thundermage | $damage_electricity" value="9" >
    </E>
    <E key="thundermage | $damage_explosion" value="2" >
    </E>
    <E key="thunderskull | $damage_electricity" value="3" >
    </E>
    <E key="wizard_dark | $damage_projectile" value="1" >
    </E>
    <E key="wizard_neutral | $damage_projectile" value="1" >
    </E>
    <E key="wizard_tele | $damage_projectile" value="3" >
    </E>
    <E key="wizard_twitchy | $damage_projectile" value="2" >
    </E>
    <E key="worm | worm bite" value="19" >
    </E>
    <E key="worm_big | worm bite" value="26" >
    </E>
    <E key="worm_skull | worm bite" value="1" >
    </E>
    <E key="worm_tiny | worm bite" value="11" >
    </E>
    <E key="zombie | $damage_melee" value="2" >
    </E>
    <E key="zombie_weak | $damage_melee" value="1" >
    </E>
  </death_map>
  <kill_map>
    <E key="acidshot" value="1" >
    </E>
    <E key="ant" value="5" >
    </E>
    <E key="bat" value="31" >
    </E>
    <E key="bigbat" value="1" >
    </E>
    <E key="bigfirebug" value="7" >
    </E>
    <E key="bomb" value="1" >
    </E>
    <E key="chest_mimic" value="1" >
    </E>
    <E key="dripping_acid_gas" value="1" >
    </E>
    <E key="drone_physics" value="5" >
    </E>
    <E key="firebug" value="52" >
    </E>
    <E key="fireskull" value="1" >
    </E>
    <E key="fish" value="1" >
    </E>
    <E key="fly" value="2" >
    </E>
    <E key="fungus" value="1" >
    </E>
    <E key="giantshooter_weak" value="2" >
    </E>
    <E key="glitter_bomb" value="1" >
    </E>
    <E key="glue" value="1" >
    </E>
    <E key="goblin_bomb" value="4" >
    </E>
    <E key="iceskull" value="6" >
    </E>
    <E key="longleg" value="5" >
    </E>
    <E key="miner" value="7" >
    </E>
    <E key="miner_weak" value="8" >
    </E>
    <E key="pebble_physics" value="3" >
    </E>
    <E key="physics_ragdoll_ai" value="1" >
    </E>
    <E key="plague_rats_rat" value="1" >
    </E>
    <E key="player" value="17" >
    </E>
    <E key="potion" value="3" >
    </E>
    <E key="radioactive_blob_trail" value="10" >
    </E>
    <E key="rat" value="473" >
    </E>
    <E key="scavenger_grenade" value="5" >
    </E>
    <E key="scavenger_smg" value="7" >
    </E>
    <E key="shaman" value="1" >
    </E>
    <E key="shotgunner" value="23" >
    </E>
    <E key="slimeshooter" value="16" >
    </E>
    <E key="swarm_wasp" value="1" >
    </E>
    <E key="thunderskull" value="1" >
    </E>
    <E key="tnt" value="4" >
    </E>
    <E key="wizard_dark" value="1" >
    </E>
    <E key="wizard_tele" value="1" >
    </E>
    <E key="worm_tiny" value="1" >
    </E>
    <E key="zombie" value="27" >
    </E>
    <E key="zombie_weak" value="8" >
    </E>
  </kill_map>
</Stats>
