<Stats deaths="34" kills="0" player_kills="0" player_projectile_count="0" >
  <death_map>
    <E key="NULL | $damage_explosion" value="4" >
    </E>
    <E key="NULL | damage from material: freezing vapour" value="1" >
    </E>
    <E key="NULL | damage from material: lava" value="1" >
    </E>
    <E key="drone_lasership | $damage_projectile" value="2" >
    </E>
    <E key="player | $damage_projectile" value="19" >
    </E>
    <E key="scavenger_smg | $damage_projectile" value="1" >
    </E>
    <E key="slimeshooter_nontoxic | $damage_explosion" value="1" >
    </E>
    <E key="sniper | $damage_projectile" value="4" >
    </E>
    <E key="tank_rocket | $damage_projectile" value="1" >
    </E>
  </death_map>
  <kill_map>
  </kill_map>
</Stats>
