<Stats deaths="25" kills="17" player_kills="6" player_projectile_count="0" >
  <death_map>
    <E key="NULL | $damage_electricity" value="7" >
    </E>
    <E key="NULL | $damage_explosion" value="6" >
    </E>
    <E key="death_ghost | $damage_curse" value="2" >
    </E>
    <E key="player | $damage_electricity" value="3" >
    </E>
    <E key="player | $damage_projectile" value="3" >
    </E>
    <E key="skullrat | $damage_melee" value="3" >
    </E>
    <E key="wraith_glowing | $damage_projectile" value="1" >
    </E>
  </death_map>
  <kill_map>
    <E key="arrowtrap_right" value="1" >
    </E>
    <E key="bigfirebug" value="1" >
    </E>
    <E key="longleg" value="1" >
    </E>
    <E key="physics_torch_stand" value="1" >
    </E>
    <E key="player" value="6" >
    </E>
    <E key="skullfly" value="2" >
    </E>
    <E key="skullrat" value="3" >
    </E>
    <E key="worm_skull" value="1" >
    </E>
    <E key="wraith_glowing" value="1" >
    </E>
  </kill_map>
</Stats>
