<Stats deaths="1332" kills="10" player_kills="0" player_projectile_count="0" >
  <death_map>
    <E key="NULL | $damage_electricity" value="5" >
    </E>
    <E key="NULL | $damage_explosion" value="677" >
    </E>
    <E key="NULL | $damage_fire" value="248" >
    </E>
    <E key="NULL | $damage_physicshit" value="42" >
    </E>
    <E key="NULL | $damage_projectile" value="12" >
    </E>
    <E key="NULL | damage from material: acid" value="31" >
    </E>
    <E key="NULL | damage from material: freezing vapour" value="1" >
    </E>
    <E key="NULL | damage from material: lava" value="2" >
    </E>
    <E key="NULL | damage from material: toxic rock" value="57" >
    </E>
    <E key="acidshooter | $damage_projectile" value="1" >
    </E>
    <E key="bigfirebug | $damage_fire" value="1" >
    </E>
    <E key="blob | $damage_melee" value="1" >
    </E>
    <E key="death_ghost | $damage_curse" value="4" >
    </E>
    <E key="firebug | $damage_fire" value="1" >
    </E>
    <E key="frog_big | $damage_melee" value="1" >
    </E>
    <E key="fungus | $damage_melee" value="1" >
    </E>
    <E key="homunculus | $damage_projectile" value="16" >
    </E>
    <E key="lukki | hit" value="2" >
    </E>
    <E key="lukki_dark | $damage_curse" value="7" >
    </E>
    <E key="lukki_minion | $damage_curse" value="1" >
    </E>
    <E key="miner | $damage_explosion" value="1" >
    </E>
    <E key="miner_weak | $damage_explosion" value="1" >
    </E>
    <E key="orb_laseremitter_cutter | $damage_plasmabeam" value="4" >
    </E>
    <E key="player | $damage_electricity" value="1" >
    </E>
    <E key="player | $damage_explosion" value="28" >
    </E>
    <E key="player | $damage_ice" value="6" >
    </E>
    <E key="player | $damage_projectile" value="144" >
    </E>
    <E key="player | $damage_slice" value="6" >
    </E>
    <E key="player_rng_items | $damage_explosion" value="2" >
    </E>
    <E key="roboguard | $damage_explosion" value="1" >
    </E>
    <E key="roboguard | $damage_melee" value="1" >
    </E>
    <E key="roboguard | $damage_projectile" value="4" >
    </E>
    <E key="rock_curse | $damage_rock_curse" value="1" >
    </E>
    <E key="scavenger_clusterbomb | $damage_explosion" value="1" >
    </E>
    <E key="slimeshooter | $damage_projectile" value="1" >
    </E>
    <E key="slimeshooter_nontoxic | $damage_projectile" value="1" >
    </E>
    <E key="sniper | $damage_projectile" value="1" >
    </E>
    <E key="tentacler | $damage_melee" value="3" >
    </E>
    <E key="tentacler_small | $damage_melee" value="7" >
    </E>
    <E key="thundermage | $damage_explosion" value="1" >
    </E>
    <E key="wizard_dark | $damage_slice" value="1" >
    </E>
    <E key="wizard_returner | $damage_explosion" value="1" >
    </E>
    <E key="wizard_swapper | $damage_fire" value="2" >
    </E>
    <E key="wizard_tele | $damage_electricity" value="1" >
    </E>
    <E key="worm | worm bite" value="1" >
    </E>
  </death_map>
  <kill_map>
    <E key="fungus" value="1" >
    </E>
    <E key="longleg" value="2" >
    </E>
    <E key="rat" value="4" >
    </E>
    <E key="sheep" value="2" >
    </E>
    <E key="zombie_weak" value="1" >
    </E>
  </kill_map>
</Stats>
