<Stats deaths="183" kills="26" player_kills="0" player_projectile_count="0" >
  <death_map>
    <E key="NULL | $damage_electricity" value="5" >
    </E>
    <E key="NULL | $damage_explosion" value="7" >
    </E>
    <E key="NULL | $damage_physicshit" value="2" >
    </E>
    <E key="NULL | damage from material: Cursed rock" value="5" >
    </E>
    <E key="NULL | damage from material: acid" value="1" >
    </E>
    <E key="NULL | damage from material: freezing vapour" value="1" >
    </E>
    <E key="NULL | damage from material: lava" value="6" >
    </E>
    <E key="crystal_physics | $damage_projectile" value="1" >
    </E>
    <E key="death_ghost | $damage_curse" value="1" >
    </E>
    <E key="enlightened_alchemist | $damage_electricity" value="2" >
    </E>
    <E key="failed_alchemist | $damage_melee" value="1" >
    </E>
    <E key="homunculus | $damage_projectile" value="10" >
    </E>
    <E key="iceskull | $damage_explosion" value="1" >
    </E>
    <E key="orb_green | $damage_projectile" value="2" >
    </E>
    <E key="orb_laseremitter_cutter | $damage_plasmabeam" value="1" >
    </E>
    <E key="phantom_a | $damage_melee" value="2" >
    </E>
    <E key="physics_ragdoll_part_exploding | $damage_explosion" value="1" >
    </E>
    <E key="player | $damage_electricity" value="5" >
    </E>
    <E key="player | $damage_explosion" value="12" >
    </E>
    <E key="player | $damage_plasmabeam" value="1" >
    </E>
    <E key="player | $damage_projectile" value="103" >
    </E>
    <E key="player | $damage_slice" value="6" >
    </E>
    <E key="skullrat | $damage_melee" value="1" >
    </E>
    <E key="wizard_hearty | $damage_projectile" value="1" >
    </E>
    <E key="wizard_neutral | $damage_projectile" value="1" >
    </E>
    <E key="wizard_returner | $damage_explosion" value="1" >
    </E>
    <E key="wizard_returner | $damage_projectile" value="3" >
    </E>
  </death_map>
  <kill_map>
    <E key="acidshooter" value="1" >
    </E>
    <E key="maggot" value="1" >
    </E>
    <E key="miniblob" value="1" >
    </E>
    <E key="necromancer" value="2" >
    </E>
    <E key="phantom_a" value="1" >
    </E>
    <E key="polyorb" value="3" >
    </E>
    <E key="scavenger_grenade" value="2" >
    </E>
    <E key="scavenger_smg" value="2" >
    </E>
    <E key="scorpion" value="3" >
    </E>
    <E key="skullrat" value="1" >
    </E>
    <E key="tentacler" value="1" >
    </E>
    <E key="tentacler_small" value="4" >
    </E>
    <E key="wizard_neutral" value="3" >
    </E>
    <E key="wizard_swapper" value="1" >
    </E>
  </kill_map>
</Stats>
