<Stats deaths="224" kills="0" player_kills="0" player_projectile_count="0" >
  <death_map>
    <E key="NULL | $damage_electricity" value="3" >
    </E>
    <E key="NULL | $damage_explosion" value="134" >
    </E>
    <E key="NULL | $damage_fire" value="25" >
    </E>
    <E key="NULL | $damage_physicshit" value="4" >
    </E>
    <E key="NULL | damage from material: acid" value="2" >
    </E>
    <E key="NULL | damage from material: freezing liquid" value="1" >
    </E>
    <E key="NULL | damage from material: freezing vapour" value="1" >
    </E>
    <E key="NULL | damage from material: toxic rock" value="1" >
    </E>
    <E key="icemage | $damage_explosion" value="1" >
    </E>
    <E key="physics_die | $damage_explosion" value="14" >
    </E>
    <E key="physics_die | $damage_fire" value="6" >
    </E>
    <E key="physics_die | $damage_ice" value="2" >
    </E>
    <E key="physics_die | $damage_melee" value="7" >
    </E>
    <E key="physics_die | $damage_projectile" value="4" >
    </E>
    <E key="player | $damage_explosion" value="1" >
    </E>
    <E key="player | $damage_projectile" value="12" >
    </E>
    <E key="player | $damage_slice" value="5" >
    </E>
    <E key="roboguard | $damage_projectile" value="1" >
    </E>
  </death_map>
  <kill_map>
  </kill_map>
</Stats>
