<Stats deaths="35" kills="9" player_kills="0" player_projectile_count="0" >
  <death_map>
    <E key="NULL | $damage_electricity" value="1" >
    </E>
    <E key="NULL | $damage_explosion" value="12" >
    </E>
    <E key="NULL | $damage_physicshit" value="1" >
    </E>
    <E key="player | $damage_electricity" value="4" >
    </E>
    <E key="player | $damage_explosion" value="5" >
    </E>
    <E key="player | $damage_projectile" value="11" >
    </E>
    <E key="tank_super | $damage_explosion" value="1" >
    </E>
  </death_map>
  <kill_map>
    <E key="berserkspirit" value="1" >
    </E>
    <E key="iceskull" value="1" >
    </E>
    <E key="miniblob" value="1" >
    </E>
    <E key="rat" value="2" >
    </E>
    <E key="scavenger_grenade" value="1" >
    </E>
    <E key="scavenger_smg" value="1" >
    </E>
    <E key="shotgunner" value="1" >
    </E>
    <E key="tank_super" value="1" >
    </E>
  </kill_map>
</Stats>
