<Stats deaths="376" kills="33" player_kills="0" player_projectile_count="0" >
  <death_map>
    <E key="NULL | $damage_drowning" value="13" >
    </E>
    <E key="NULL | $damage_explosion" value="42" >
    </E>
    <E key="NULL | $damage_fire" value="119" >
    </E>
    <E key="NULL | $damage_physicshit" value="20" >
    </E>
    <E key="NULL | damage from material: Poison" value="3" >
    </E>
    <E key="NULL | damage from material: acid" value="4" >
    </E>
    <E key="NULL | damage from material: freezing vapour" value="1" >
    </E>
    <E key="NULL | damage from material: lava" value="1" >
    </E>
    <E key="bloom | $damage_explosion" value="3" >
    </E>
    <E key="bloom | $damage_projectile" value="1" >
    </E>
    <E key="death_ghost | $damage_curse" value="2" >
    </E>
    <E key="firemage_weak | $damage_explosion" value="1" >
    </E>
    <E key="fly | $damage_melee" value="3" >
    </E>
    <E key="homunculus | $damage_projectile" value="8" >
    </E>
    <E key="lukki | hit" value="1" >
    </E>
    <E key="lukki_dark | $damage_curse" value="3" >
    </E>
    <E key="player | $damage_electricity" value="2" >
    </E>
    <E key="player | $damage_explosion" value="25" >
    </E>
    <E key="player | $damage_ice" value="3" >
    </E>
    <E key="player | $damage_projectile" value="104" >
    </E>
    <E key="player | $damage_slice" value="4" >
    </E>
    <E key="player | hit" value="1" >
    </E>
    <E key="roboguard | $damage_projectile" value="1" >
    </E>
    <E key="scavenger_leader | $damage_explosion" value="1" >
    </E>
    <E key="tentacler_small | $damage_melee" value="2" >
    </E>
    <E key="worm | worm bite" value="7" >
    </E>
    <E key="worm_big | worm bite" value="1" >
    </E>
  </death_map>
  <kill_map>
    <E key="bloom" value="4" >
    </E>
    <E key="fly" value="7" >
    </E>
    <E key="goblin_bomb" value="1" >
    </E>
    <E key="lukki" value="2" >
    </E>
    <E key="lukki_longleg" value="1" >
    </E>
    <E key="miner" value="1" >
    </E>
    <E key="miniblob" value="1" >
    </E>
    <E key="physics_torch_stand" value="10" >
    </E>
    <E key="root_grower" value="1" >
    </E>
    <E key="shooterflower" value="1" >
    </E>
    <E key="tentacler_small" value="1" >
    </E>
    <E key="wizard_twitchy" value="1" >
    </E>
    <E key="zombie" value="1" >
    </E>
    <E key="zombie_weak" value="1" >
    </E>
  </kill_map>
</Stats>
