<Stats deaths="48" kills="21" player_kills="0" player_projectile_count="0" >
  <death_map>
    <E key="NULL | $damage_fire" value="6" >
    </E>
    <E key="NULL | $damage_physicshit" value="2" >
    </E>
    <E key="NULL | $damage_projectile" value="1" >
    </E>
    <E key="NULL | damage from material: acid" value="10" >
    </E>
    <E key="homunculus | $damage_projectile" value="4" >
    </E>
    <E key="miniblob | $damage_melee" value="1" >
    </E>
    <E key="player | $damage_ice" value="3" >
    </E>
    <E key="player | $damage_projectile" value="21" >
    </E>
  </death_map>
  <kill_map>
    <E key="ant" value="1" >
    </E>
    <E key="blob" value="1" >
    </E>
    <E key="frog_big" value="2" >
    </E>
    <E key="miniblob" value="15" >
    </E>
    <E key="pollen" value="1" >
    </E>
    <E key="slimeshooter" value="1" >
    </E>
  </kill_map>
</Stats>
