<Stats deaths="69" kills="28" player_kills="1" player_projectile_count="0" >
  <death_map>
    <E key="NULL | $damage_electricity" value="2" >
    </E>
    <E key="NULL | $damage_explosion" value="13" >
    </E>
    <E key="NULL | $damage_physicshit" value="7" >
    </E>
    <E key="NULL | damage from material: acid" value="1" >
    </E>
    <E key="NULL | damage from material: concentrated mana" value="1" >
    </E>
    <E key="homunculus | $damage_projectile" value="2" >
    </E>
    <E key="lukki_minion | $damage_curse" value="1" >
    </E>
    <E key="player | $damage_electricity" value="2" >
    </E>
    <E key="player | $damage_explosion" value="4" >
    </E>
    <E key="player | $damage_projectile" value="28" >
    </E>
    <E key="player | $damage_slice" value="1" >
    </E>
    <E key="thunderskull | $damage_explosion" value="1" >
    </E>
    <E key="turret_left | $damage_explosion" value="4" >
    </E>
    <E key="worm_big | worm bite" value="1" >
    </E>
    <E key="worm_big_worm_rain | worm bite" value="1" >
    </E>
  </death_map>
  <kill_map>
    <E key="miner" value="5" >
    </E>
    <E key="player" value="1" >
    </E>
    <E key="scavenger_grenade" value="6" >
    </E>
    <E key="scavenger_smg" value="5" >
    </E>
    <E key="shotgunner" value="2" >
    </E>
    <E key="sniper" value="4" >
    </E>
    <E key="tank" value="1" >
    </E>
    <E key="turret_left" value="4" >
    </E>
  </kill_map>
</Stats>
