<Stats deaths="12" kills="0" player_kills="0" player_projectile_count="0" >
  <death_map>
    <E key="NULL | $damage_explosion" value="2" >
    </E>
    <E key="NULL | damage from material: acid" value="1" >
    </E>
    <E key="NULL | damage from material: lava" value="1" >
    </E>
    <E key="NULL | physics body damaged" value="1" >
    </E>
    <E key="ant | $damage_melee" value="1" >
    </E>
    <E key="roboguard | $damage_projectile" value="1" >
    </E>
    <E key="slimeshooter | $damage_explosion" value="1" >
    </E>
    <E key="tentacler | $damage_melee" value="4" >
    </E>
  </death_map>
  <kill_map>
  </kill_map>
</Stats>
