<Stats deaths="115" kills="43" player_kills="1" player_projectile_count="0" >
  <death_map>
    <E key="NULL | $damage_drowning" value="3" >
    </E>
    <E key="NULL | $damage_fire" value="2" >
    </E>
    <E key="NULL | $damage_physicshit" value="3" >
    </E>
    <E key="NULL | damage from material: Cursed rock" value="4" >
    </E>
    <E key="NULL | damage from material: freezing vapour" value="1" >
    </E>
    <E key="NULL | damage from material: lava" value="6" >
    </E>
    <E key="NULL | damage from material: toxic rock" value="1" >
    </E>
    <E key="crystal_physics | $damage_projectile" value="2" >
    </E>
    <E key="death_ghost | $damage_curse" value="2" >
    </E>
    <E key="lasergun | $damage_projectile" value="1" >
    </E>
    <E key="orb_green | $damage_projectile" value="1" >
    </E>
    <E key="plague_rats_rat | $damage_melee" value="1" >
    </E>
    <E key="player | $damage_electricity" value="5" >
    </E>
    <E key="player | $damage_ice" value="10" >
    </E>
    <E key="player | $damage_projectile" value="63" >
    </E>
    <E key="player | $damage_rock_curse" value="1" >
    </E>
    <E key="player | $damage_slice" value="4" >
    </E>
    <E key="rock_curse | $damage_rock_curse" value="4" >
    </E>
    <E key="worm_skull | worm bite" value="1" >
    </E>
  </death_map>
  <kill_map>
    <E key="arrowtrap_right" value="1" >
    </E>
    <E key="fungus" value="1" >
    </E>
    <E key="lasergun" value="2" >
    </E>
    <E key="longleg" value="2" >
    </E>
    <E key="mimic_physics" value="1" >
    </E>
    <E key="phantom_a" value="12" >
    </E>
    <E key="phantom_b" value="4" >
    </E>
    <E key="physics_torch_stand" value="1" >
    </E>
    <E key="player" value="1" >
    </E>
    <E key="scorpion" value="9" >
    </E>
    <E key="sheep_bat" value="1" >
    </E>
    <E key="sheep_fly" value="1" >
    </E>
    <E key="skullfly" value="1" >
    </E>
    <E key="sniper" value="1" >
    </E>
    <E key="wand_ghost" value="2" >
    </E>
    <E key="wizard_tele" value="1" >
    </E>
    <E key="worm" value="1" >
    </E>
    <E key="zombie" value="1" >
    </E>
  </kill_map>
</Stats>
