<Stats deaths="1958" kills="0" player_kills="0" player_projectile_count="0" >
  <death_map>
    <E key="NULL | $damage_electricity" value="132" >
    </E>
    <E key="NULL | $damage_explosion" value="12" >
    </E>
    <E key="NULL | $damage_fire" value="8" >
    </E>
    <E key="NULL | damage from material: acid" value="11" >
    </E>
    <E key="acidshooter | $damage_projectile" value="1" >
    </E>
    <E key="bat | $damage_melee" value="1" >
    </E>
    <E key="eel | worm bite" value="7" >
    </E>
    <E key="necromancer_shop | $damage_explosion" value="133" >
    </E>
    <E key="necromancer_shop | $damage_projectile" value="17" >
    </E>
    <E key="necromancer_super | $damage_explosion" value="12" >
    </E>
    <E key="necromancer_super | $damage_projectile" value="1" >
    </E>
    <E key="player | $damage_drill" value="4" >
    </E>
    <E key="player | $damage_explosion" value="18" >
    </E>
    <E key="player | $damage_projectile" value="92" >
    </E>
    <E key="player | $damage_slice" value="27" >
    </E>
    <E key="scavenger_grenade | $damage_melee" value="1" >
    </E>
    <E key="sniper | $damage_projectile" value="2" >
    </E>
    <E key="temple_statue_01 | $damage_explosion" value="1" >
    </E>
    <E key="temple_statue_01 | $damage_fire" value="4" >
    </E>
    <E key="workshop_areadamage | $damage_holy_mountains_curse" value="1474" >
    </E>
  </death_map>
  <kill_map>
  </kill_map>
</Stats>
