<Stats deaths="20" kills="1" player_kills="0" player_projectile_count="0" >
  <death_map>
    <E key="NULL | $damage_electricity" value="1" >
    </E>
    <E key="NULL | damage from material: Cursed rock" value="2" >
    </E>
    <E key="NULL | damage from material: lava" value="1" >
    </E>
    <E key="player | $damage_explosion" value="1" >
    </E>
    <E key="player | $damage_ice" value="1" >
    </E>
    <E key="player | $damage_projectile" value="11" >
    </E>
    <E key="thunderskull | $damage_melee" value="1" >
    </E>
    <E key="worm_skull | worm bite" value="1" >
    </E>
    <E key="wraith | $damage_explosion" value="1" >
    </E>
  </death_map>
  <kill_map>
    <E key="wraith" value="1" >
    </E>
  </kill_map>
</Stats>
