<Stats deaths="77" kills="8" player_kills="0" player_projectile_count="0" >
  <death_map>
    <E key="NULL | $damage_explosion" value="1" >
    </E>
    <E key="NULL | $damage_physicshit" value="1" >
    </E>
    <E key="NULL | damage from material: Cursed rock" value="1" >
    </E>
    <E key="NULL | damage from material: lava" value="1" >
    </E>
    <E key="crystal_physics | $damage_projectile" value="1" >
    </E>
    <E key="failed_alchemist | $damage_explosion" value="2" >
    </E>
    <E key="lasergun | $damage_projectile" value="4" >
    </E>
    <E key="meatmaggot | worm bite" value="1" >
    </E>
    <E key="orb_green | $damage_projectile" value="1" >
    </E>
    <E key="plague_rats_rat | $damage_melee" value="1" >
    </E>
    <E key="player | $damage_electricity" value="1" >
    </E>
    <E key="player | $damage_explosion" value="3" >
    </E>
    <E key="player | $damage_ice" value="1" >
    </E>
    <E key="player | $damage_plasmabeam" value="1" >
    </E>
    <E key="player | $damage_projectile" value="50" >
    </E>
    <E key="walleye | $damage_projectile" value="1" >
    </E>
    <E key="wand_ghost | $damage_explosion" value="1" >
    </E>
    <E key="wizard_neutral | $damage_projectile" value="1" >
    </E>
    <E key="worm | worm bite" value="1" >
    </E>
    <E key="worm_skull | worm bite" value="3" >
    </E>
  </death_map>
  <kill_map>
    <E key="failed_alchemist" value="2" >
    </E>
    <E key="phantom_b" value="1" >
    </E>
    <E key="potion" value="1" >
    </E>
    <E key="skullrat" value="4" >
    </E>
  </kill_map>
</Stats>
