<Stats deaths="127" kills="51" player_kills="1" player_projectile_count="0" >
  <death_map>
    <E key="NULL | $damage_drowning" value="5" >
    </E>
    <E key="NULL | $damage_electricity" value="2" >
    </E>
    <E key="NULL | $damage_explosion" value="11" >
    </E>
    <E key="NULL | $damage_fire" value="5" >
    </E>
    <E key="NULL | $damage_physicshit" value="3" >
    </E>
    <E key="NULL | damage from material: Cursed rock" value="1" >
    </E>
    <E key="NULL | damage from material: freezing vapour" value="2" >
    </E>
    <E key="NULL | damage from material: lava" value="5" >
    </E>
    <E key="boss_limbs | $damage_projectile" value="1" >
    </E>
    <E key="death_ghost | $damage_curse" value="2" >
    </E>
    <E key="homunculus | $damage_projectile" value="2" >
    </E>
    <E key="iceskull | $damage_ice" value="1" >
    </E>
    <E key="lasergun | $damage_projectile" value="2" >
    </E>
    <E key="orb_green | $damage_projectile" value="1" >
    </E>
    <E key="phantom_a | $damage_melee" value="1" >
    </E>
    <E key="phantom_b | $damage_melee" value="3" >
    </E>
    <E key="plague_rats_rat | $damage_melee" value="1" >
    </E>
    <E key="player | $damage_electricity" value="3" >
    </E>
    <E key="player | $damage_explosion" value="3" >
    </E>
    <E key="player | $damage_ice" value="1" >
    </E>
    <E key="player | $damage_plasmabeam" value="1" >
    </E>
    <E key="player | $damage_projectile" value="62" >
    </E>
    <E key="player | $damage_slice" value="2" >
    </E>
    <E key="roboguard | $damage_melee" value="1" >
    </E>
    <E key="rock_curse | $damage_rock_curse" value="1" >
    </E>
    <E key="thundermage_big | $damage_explosion" value="1" >
    </E>
    <E key="wizard_homing | $damage_explosion" value="1" >
    </E>
    <E key="worm_big | worm bite" value="1" >
    </E>
    <E key="worm_tiny | worm bite" value="2" >
    </E>
  </death_map>
  <kill_map>
    <E key="failed_alchemist" value="1" >
    </E>
    <E key="frog" value="2" >
    </E>
    <E key="giant" value="1" >
    </E>
    <E key="pebble_physics" value="5" >
    </E>
    <E key="phantom_b" value="1" >
    </E>
    <E key="physics_torch_stand" value="1" >
    </E>
    <E key="plague_rats_rat" value="1" >
    </E>
    <E key="player" value="1" >
    </E>
    <E key="rat" value="18" >
    </E>
    <E key="scorpion" value="15" >
    </E>
    <E key="slimeshooter" value="1" >
    </E>
    <E key="tentacler_small" value="2" >
    </E>
    <E key="wizard_swapper" value="1" >
    </E>
    <E key="zombie" value="1" >
    </E>
  </kill_map>
</Stats>
