<Stats deaths="97" kills="28" player_kills="0" player_projectile_count="0" >
  <death_map>
    <E key="NULL | $damage_explosion" value="4" >
    </E>
    <E key="NULL | $damage_fire" value="2" >
    </E>
    <E key="NULL | $damage_physicshit" value="3" >
    </E>
    <E key="NULL | damage from material: acid" value="1" >
    </E>
    <E key="NULL | damage from material: lava" value="1" >
    </E>
    <E key="orb_green | $damage_projectile" value="2" >
    </E>
    <E key="phantom_a | $damage_projectile" value="1" >
    </E>
    <E key="phantom_b | $damage_melee" value="1" >
    </E>
    <E key="phantom_b | $damage_projectile" value="1" >
    </E>
    <E key="player | $damage_electricity" value="1" >
    </E>
    <E key="player | $damage_explosion" value="5" >
    </E>
    <E key="player | $damage_ice" value="3" >
    </E>
    <E key="player | $damage_projectile" value="55" >
    </E>
    <E key="player | $damage_rock_curse" value="1" >
    </E>
    <E key="player | $damage_slice" value="4" >
    </E>
    <E key="skullfly | $damage_fire" value="2" >
    </E>
    <E key="skullrat | $damage_melee" value="1" >
    </E>
    <E key="sniper | $damage_projectile" value="1" >
    </E>
    <E key="worm | worm bite" value="1" >
    </E>
    <E key="worm_big | worm bite" value="1" >
    </E>
    <E key="worm_end | worm bite" value="1" >
    </E>
    <E key="worm_skull | worm bite" value="5" >
    </E>
  </death_map>
  <kill_map>
    <E key="acidshooter" value="1" >
    </E>
    <E key="bat" value="9" >
    </E>
    <E key="rat" value="1" >
    </E>
    <E key="scavenger_grenade" value="2" >
    </E>
    <E key="scorpion" value="12" >
    </E>
    <E key="skullfly" value="1" >
    </E>
    <E key="skullrat" value="2" >
    </E>
  </kill_map>
</Stats>
