<Stats deaths="81" kills="31" player_kills="0" player_projectile_count="0" >
  <death_map>
    <E key="NULL | $damage_electricity" value="8" >
    </E>
    <E key="NULL | $damage_explosion" value="17" >
    </E>
    <E key="NULL | $damage_physicshit" value="6" >
    </E>
    <E key="NULL | damage from material: acid" value="1" >
    </E>
    <E key="death_ghost | $damage_curse" value="2" >
    </E>
    <E key="homunculus | $damage_projectile" value="1" >
    </E>
    <E key="phantom_a | $damage_projectile" value="1" >
    </E>
    <E key="player | $damage_electricity" value="3" >
    </E>
    <E key="player | $damage_explosion" value="5" >
    </E>
    <E key="player | $damage_ice" value="4" >
    </E>
    <E key="player | $damage_projectile" value="28" >
    </E>
    <E key="player | $damage_slice" value="1" >
    </E>
    <E key="sniper | $damage_melee" value="1" >
    </E>
    <E key="tentacler | $damage_melee" value="2" >
    </E>
    <E key="worm | worm bite" value="1" >
    </E>
  </death_map>
  <kill_map>
    <E key="acidshooter" value="2" >
    </E>
    <E key="acidshot" value="3" >
    </E>
    <E key="bigzombie" value="1" >
    </E>
    <E key="fly" value="2" >
    </E>
    <E key="glue" value="3" >
    </E>
    <E key="miniblob" value="3" >
    </E>
    <E key="pebble_player_physics" value="2" >
    </E>
    <E key="sniper" value="10" >
    </E>
    <E key="thunderskull" value="3" >
    </E>
    <E key="wizard_twitchy" value="1" >
    </E>
    <E key="zombie_weak" value="1" >
    </E>
  </kill_map>
</Stats>
