<Stats deaths="980" kills="96" player_kills="2" player_projectile_count="0" >
  <death_map>
    <E key="NULL | $damage_drowning" value="12" >
    </E>
    <E key="NULL | $damage_electricity" value="9" >
    </E>
    <E key="NULL | $damage_explosion" value="178" >
    </E>
    <E key="NULL | $damage_physicshit" value="29" >
    </E>
    <E key="NULL | $damage_projectile" value="1" >
    </E>
    <E key="NULL | damage from material: Poison" value="2" >
    </E>
    <E key="NULL | damage from material: acid" value="7" >
    </E>
    <E key="NULL | damage from material: freezing vapour" value="2" >
    </E>
    <E key="NULL | damage from material: lava" value="7" >
    </E>
    <E key="NULL | damage from material: toxic gas" value="1" >
    </E>
    <E key="acidshooter | $damage_melee" value="1" >
    </E>
    <E key="ant | $damage_melee" value="1" >
    </E>
    <E key="blob | $damage_melee" value="1" >
    </E>
    <E key="bloom | $damage_explosion" value="3" >
    </E>
    <E key="bloom | $damage_projectile" value="4" >
    </E>
    <E key="death_ghost | $damage_curse" value="14" >
    </E>
    <E key="flamer | $damage_fire" value="2" >
    </E>
    <E key="fly | $damage_explosion" value="8" >
    </E>
    <E key="fly | $damage_melee" value="5" >
    </E>
    <E key="frog_big | $damage_melee" value="2" >
    </E>
    <E key="homunculus | $damage_explosion" value="1" >
    </E>
    <E key="homunculus | $damage_projectile" value="7" >
    </E>
    <E key="longleg | $damage_melee" value="1" >
    </E>
    <E key="lukki_dark | $damage_curse" value="5" >
    </E>
    <E key="lukki_longleg | $damage_explosion" value="1" >
    </E>
    <E key="lukki_longleg | hit" value="1" >
    </E>
    <E key="necromancer_super | $damage_projectile" value="3" >
    </E>
    <E key="physics_ragdoll_part_exploding | $damage_explosion" value="2" >
    </E>
    <E key="player | $damage_drill" value="1" >
    </E>
    <E key="player | $damage_electricity" value="2" >
    </E>
    <E key="player | $damage_explosion" value="53" >
    </E>
    <E key="player | $damage_ice" value="25" >
    </E>
    <E key="player | $damage_kick" value="2" >
    </E>
    <E key="player | $damage_physicshit" value="1" >
    </E>
    <E key="player | $damage_plasmabeam" value="3" >
    </E>
    <E key="player | $damage_projectile" value="445" >
    </E>
    <E key="player | $damage_slice" value="26" >
    </E>
    <E key="player_rng_items | $damage_explosion" value="10" >
    </E>
    <E key="playerghost | $damage_projectile" value="1" >
    </E>
    <E key="scavenger_clusterbomb | $damage_explosion" value="8" >
    </E>
    <E key="scavenger_clusterbomb | $damage_melee" value="3" >
    </E>
    <E key="scavenger_clusterbomb | $damage_projectile" value="6" >
    </E>
    <E key="scavenger_grenade | $damage_melee" value="2" >
    </E>
    <E key="scavenger_leader | $damage_projectile" value="1" >
    </E>
    <E key="scavenger_mine | $damage_projectile" value="1" >
    </E>
    <E key="scavenger_poison | $damage_melee" value="2" >
    </E>
    <E key="scavenger_smg | $damage_explosion" value="1" >
    </E>
    <E key="shooterflower | $damage_fire" value="1" >
    </E>
    <E key="shooterflower | $damage_projectile" value="20" >
    </E>
    <E key="slimeshooter | $damage_explosion" value="1" >
    </E>
    <E key="slimeshooter | $damage_melee" value="1" >
    </E>
    <E key="slimeshooter_nontoxic | $damage_explosion" value="2" >
    </E>
    <E key="tentacle_portal | $damage_melee" value="1" >
    </E>
    <E key="tentacler | $damage_melee" value="12" >
    </E>
    <E key="thundermage | $damage_explosion" value="2" >
    </E>
    <E key="thundermage | $damage_fire" value="1" >
    </E>
    <E key="wizard_dark | $damage_projectile" value="4" >
    </E>
    <E key="wizard_tele | $damage_explosion" value="1" >
    </E>
    <E key="wizard_tele | $damage_projectile" value="1" >
    </E>
    <E key="wizard_twitchy | $damage_projectile" value="5" >
    </E>
    <E key="worm | worm bite" value="22" >
    </E>
    <E key="zombie | $damage_melee" value="3" >
    </E>
  </death_map>
  <kill_map>
    <E key="acidshooter" value="3" >
    </E>
    <E key="bloom" value="3" >
    </E>
    <E key="chest_mimic" value="1" >
    </E>
    <E key="fly" value="13" >
    </E>
    <E key="frog" value="1" >
    </E>
    <E key="goblin_bomb" value="1" >
    </E>
    <E key="longleg" value="10" >
    </E>
    <E key="lukki_longleg" value="5" >
    </E>
    <E key="miner" value="1" >
    </E>
    <E key="miniblob" value="16" >
    </E>
    <E key="physics_torch_stand" value="1" >
    </E>
    <E key="player" value="2" >
    </E>
    <E key="rat" value="18" >
    </E>
    <E key="scavenger_grenade" value="2" >
    </E>
    <E key="sheep_fly" value="1" >
    </E>
    <E key="shooterflower" value="1" >
    </E>
    <E key="slimeshooter" value="2" >
    </E>
    <E key="tentacler_small" value="7" >
    </E>
    <E key="wizard_dark" value="1" >
    </E>
    <E key="wizard_tele" value="1" >
    </E>
    <E key="wizard_twitchy" value="1" >
    </E>
    <E key="zombie" value="5" >
    </E>
  </kill_map>
</Stats>
