<Stats deaths="27" kills="11" player_kills="0" player_projectile_count="0" >
  <death_map>
    <E key="NULL | $damage_explosion" value="4" >
    </E>
    <E key="NULL | $damage_physicshit" value="3" >
    </E>
    <E key="player | $damage_electricity" value="9" >
    </E>
    <E key="player | $damage_explosion" value="3" >
    </E>
    <E key="player | $damage_hitfx_curse" value="4" >
    </E>
    <E key="player | $damage_projectile" value="3" >
    </E>
    <E key="player | $damage_slice" value="1" >
    </E>
  </death_map>
  <kill_map>
    <E key="dripping_water" value="1" >
    </E>
    <E key="fungus_tiny" value="1" >
    </E>
    <E key="glue" value="6" >
    </E>
    <E key="scavenger_glue" value="3" >
    </E>
  </kill_map>
</Stats>
