<Stats deaths="457" kills="90" player_kills="5" player_projectile_count="0" >
  <death_map>
    <E key="NULL | $damage_drowning" value="6" >
    </E>
    <E key="NULL | $damage_explosion" value="31" >
    </E>
    <E key="NULL | $damage_physicshit" value="24" >
    </E>
    <E key="NULL | $damage_plasmabeam" value="2" >
    </E>
    <E key="NULL | $damage_projectile" value="1" >
    </E>
    <E key="NULL | $damage_water" value="8" >
    </E>
    <E key="NULL | damage from material: Water" value="92" >
    </E>
    <E key="NULL | damage from material: swamp" value="1" >
    </E>
    <E key="bat | $damage_melee" value="3" >
    </E>
    <E key="bigfirebug | $damage_explosion" value="1" >
    </E>
    <E key="bigfirebug | $damage_fire" value="1" >
    </E>
    <E key="blob | $damage_melee" value="1" >
    </E>
    <E key="death_ghost | $damage_curse" value="6" >
    </E>
    <E key="enlightened_alchemist | $damage_projectile" value="1" >
    </E>
    <E key="homunculus | $damage_projectile" value="3" >
    </E>
    <E key="miner | $damage_explosion" value="10" >
    </E>
    <E key="orb_laseremitter_cutter | $damage_plasmabeam" value="1" >
    </E>
    <E key="plague_rats_rat | $damage_melee" value="2" >
    </E>
    <E key="player | $damage_electricity" value="5" >
    </E>
    <E key="player | $damage_explosion" value="13" >
    </E>
    <E key="player | $damage_ice" value="5" >
    </E>
    <E key="player | $damage_melee" value="1" >
    </E>
    <E key="player | $damage_physicshit" value="1" >
    </E>
    <E key="player | $damage_plasmabeam" value="3" >
    </E>
    <E key="player | $damage_projectile" value="169" >
    </E>
    <E key="player | $damage_slice" value="28" >
    </E>
    <E key="player | bzzt!" value="2" >
    </E>
    <E key="player_rng_items | $damage_projectile" value="3" >
    </E>
    <E key="player_rng_items | $damage_slice" value="1" >
    </E>
    <E key="playerghost | $damage_projectile" value="2" >
    </E>
    <E key="rat | $damage_melee" value="1" >
    </E>
    <E key="shotgunner | $damage_projectile" value="9" >
    </E>
    <E key="slimeshooter | $damage_explosion" value="5" >
    </E>
    <E key="slimeshooter | $damage_projectile" value="2" >
    </E>
    <E key="sunbaby | $damage_sun" value="1" >
    </E>
    <E key="sunegg | $damage_sun" value="1" >
    </E>
    <E key="tentacle_portal | $damage_melee" value="2" >
    </E>
    <E key="worm | worm bite" value="4" >
    </E>
    <E key="worm_big_worm_rain | worm bite" value="1" >
    </E>
    <E key="worm_tiny | worm bite" value="3" >
    </E>
    <E key="wraith_glowing | $damage_projectile" value="1" >
    </E>
  </death_map>
  <kill_map>
    <E key="bat" value="14" >
    </E>
    <E key="bigfirebug" value="2" >
    </E>
    <E key="firebug" value="1" >
    </E>
    <E key="fungus" value="1" >
    </E>
    <E key="glitter_bomb" value="1" >
    </E>
    <E key="goblin_bomb" value="2" >
    </E>
    <E key="miner" value="12" >
    </E>
    <E key="plague_rats_rat" value="1" >
    </E>
    <E key="player" value="5" >
    </E>
    <E key="player_rng_items" value="1" >
    </E>
    <E key="rat" value="29" >
    </E>
    <E key="roboguard" value="1" >
    </E>
    <E key="scavenger_mine" value="1" >
    </E>
    <E key="shotgunner" value="9" >
    </E>
    <E key="slimeshooter" value="8" >
    </E>
    <E key="wizard_tele" value="1" >
    </E>
    <E key="worm" value="1" >
    </E>
  </kill_map>
</Stats>
