<Stats deaths="1440" kills="1526" player_kills="4" player_projectile_count="0" >
  <death_map>
    <E key="NULL | $damage_drowning" value="21" >
    </E>
    <E key="NULL | $damage_electricity" value="6" >
    </E>
    <E key="NULL | $damage_explosion" value="139" >
    </E>
    <E key="NULL | $damage_ice" value="2" >
    </E>
    <E key="NULL | $damage_melee" value="2" >
    </E>
    <E key="NULL | $damage_physicshit" value="115" >
    </E>
    <E key="NULL | $damage_projectile" value="5" >
    </E>
    <E key="NULL | damage from material: acid" value="3" >
    </E>
    <E key="death_ghost | $damage_curse" value="7" >
    </E>
    <E key="homunculus | $damage_projectile" value="11" >
    </E>
    <E key="icemage | $damage_explosion" value="1" >
    </E>
    <E key="iceskull | $damage_explosion" value="194" >
    </E>
    <E key="iceskull | $damage_ice" value="2" >
    </E>
    <E key="iceskull | $damage_melee" value="1" >
    </E>
    <E key="lukki_minion | $damage_curse" value="1" >
    </E>
    <E key="monk | $damage_projectile" value="2" >
    </E>
    <E key="orb_green | $damage_projectile" value="1" >
    </E>
    <E key="orb_laseremitter_cutter | $damage_plasmabeam" value="7" >
    </E>
    <E key="pebble_physics | $damage_explosion" value="1" >
    </E>
    <E key="player | $damage_drill" value="1" >
    </E>
    <E key="player | $damage_electricity" value="6" >
    </E>
    <E key="player | $damage_explosion" value="48" >
    </E>
    <E key="player | $damage_physicshit" value="1" >
    </E>
    <E key="player | $damage_plasmabeam" value="1" >
    </E>
    <E key="player | $damage_projectile" value="318" >
    </E>
    <E key="player | $damage_slice" value="58" >
    </E>
    <E key="player_rng_items | $damage_explosion" value="2" >
    </E>
    <E key="player_rng_items | $damage_projectile" value="1" >
    </E>
    <E key="playerghost | $damage_melee" value="1" >
    </E>
    <E key="rat | $damage_melee" value="1" >
    </E>
    <E key="scavenger_glue | $damage_melee" value="2" >
    </E>
    <E key="scavenger_glue | $damage_projectile" value="2" >
    </E>
    <E key="scavenger_grenade | $damage_melee" value="6" >
    </E>
    <E key="scavenger_grenade | $damage_projectile" value="78" >
    </E>
    <E key="scavenger_leader | $damage_melee" value="1" >
    </E>
    <E key="scavenger_leader | $damage_projectile" value="5" >
    </E>
    <E key="scavenger_poison | $damage_projectile" value="1" >
    </E>
    <E key="scavenger_smg | $damage_explosion" value="9" >
    </E>
    <E key="scavenger_smg | $damage_melee" value="6" >
    </E>
    <E key="scavenger_smg | $damage_projectile" value="43" >
    </E>
    <E key="shotgunner | $damage_explosion" value="1" >
    </E>
    <E key="shotgunner | $damage_melee" value="3" >
    </E>
    <E key="shotgunner | $damage_projectile" value="56" >
    </E>
    <E key="skygazer | $damage_projectile" value="1" >
    </E>
    <E key="slimeshooter | $damage_explosion" value="3" >
    </E>
    <E key="slimeshooter | $damage_melee" value="1" >
    </E>
    <E key="slimeshooter | $damage_projectile" value="2" >
    </E>
    <E key="sniper | $damage_explosion" value="1" >
    </E>
    <E key="sniper | $damage_melee" value="4" >
    </E>
    <E key="sniper | $damage_projectile" value="125" >
    </E>
    <E key="tank | $damage_explosion" value="6" >
    </E>
    <E key="tank | $damage_melee" value="1" >
    </E>
    <E key="tank | $damage_projectile" value="47" >
    </E>
    <E key="tank_rocket | $damage_explosion" value="15" >
    </E>
    <E key="tank_rocket | $damage_projectile" value="6" >
    </E>
    <E key="tank_super | $damage_projectile" value="1" >
    </E>
    <E key="tentacle_portal | $damage_melee" value="1" >
    </E>
    <E key="thundermage | $damage_electricity" value="5" >
    </E>
    <E key="worm | worm bite" value="5" >
    </E>
    <E key="worm_big | worm bite" value="43" >
    </E>
    <E key="worm_tiny | worm bite" value="1" >
    </E>
  </death_map>
  <kill_map>
    <E key="bomb" value="1" >
    </E>
    <E key="drone_physics" value="1" >
    </E>
    <E key="glue" value="162" >
    </E>
    <E key="iceskull" value="197" >
    </E>
    <E key="longleg" value="1" >
    </E>
    <E key="phantom_b" value="1" >
    </E>
    <E key="physics_barrel_oil" value="2" >
    </E>
    <E key="player" value="4" >
    </E>
    <E key="player_rng_items" value="1" >
    </E>
    <E key="pollen" value="6" >
    </E>
    <E key="potion" value="4" >
    </E>
    <E key="rat" value="758" >
    </E>
    <E key="scavenger_glue" value="23" >
    </E>
    <E key="scavenger_grenade" value="59" >
    </E>
    <E key="scavenger_smg" value="87" >
    </E>
    <E key="sheep" value="1" >
    </E>
    <E key="shotgunner" value="91" >
    </E>
    <E key="slimeshooter" value="30" >
    </E>
    <E key="sniper" value="30" >
    </E>
    <E key="swarm_wasp" value="16" >
    </E>
    <E key="tank" value="2" >
    </E>
    <E key="tank_rocket" value="1" >
    </E>
    <E key="wizard_neutral" value="1" >
    </E>
    <E key="worm" value="3" >
    </E>
    <E key="worm_big" value="7" >
    </E>
    <E key="worm_tiny" value="37" >
    </E>
  </kill_map>
</Stats>
