<Stats deaths="7401" kills="434" player_kills="16" player_projectile_count="0" >
  <death_map>
    <E key="NULL | $damage_drowning" value="134" >
    </E>
    <E key="NULL | $damage_electricity" value="64" >
    </E>
    <E key="NULL | $damage_explosion" value="371" >
    </E>
    <E key="NULL | $damage_fire" value="1783" >
    </E>
    <E key="NULL | $damage_physicshit" value="475" >
    </E>
    <E key="NULL | $damage_plasmabeam" value="7" >
    </E>
    <E key="NULL | $damage_projectile" value="10" >
    </E>
    <E key="NULL | $damage_slice" value="1" >
    </E>
    <E key="NULL | damage from material: Cursed rock" value="1" >
    </E>
    <E key="NULL | damage from material: Poison" value="1" >
    </E>
    <E key="NULL | damage from material: acid" value="102" >
    </E>
    <E key="NULL | damage from material: freezing liquid" value="1" >
    </E>
    <E key="NULL | damage from material: freezing vapour" value="8" >
    </E>
    <E key="NULL | damage from material: lava" value="110" >
    </E>
    <E key="NULL | damage from material: toxic gas" value="10" >
    </E>
    <E key="NULL | damage from material: toxic ice" value="2" >
    </E>
    <E key="NULL | damage from material: toxic rock" value="69" >
    </E>
    <E key="acidshooter | $damage_projectile" value="2" >
    </E>
    <E key="acidshooter_weak | $damage_melee" value="3" >
    </E>
    <E key="acidshooter_weak | $damage_projectile" value="8" >
    </E>
    <E key="assassin | $damage_melee" value="2" >
    </E>
    <E key="bat | $damage_melee" value="2" >
    </E>
    <E key="blob | $damage_melee" value="7" >
    </E>
    <E key="broken_wand | $damage_projectile" value="5" >
    </E>
    <E key="broken_wand | $damage_slice" value="1" >
    </E>
    <E key="contact_damage | $damage_curse" value="8" >
    </E>
    <E key="death_ghost | $damage_curse" value="13" >
    </E>
    <E key="disc_bullet_big | bzzt!" value="2" >
    </E>
    <E key="drone_lasership | $damage_projectile" value="1" >
    </E>
    <E key="firemage | $damage_explosion" value="1" >
    </E>
    <E key="firemage_weak | $damage_explosion" value="14" >
    </E>
    <E key="firemage_weak | $damage_fire" value="20" >
    </E>
    <E key="firemage_weak | $damage_melee" value="7" >
    </E>
    <E key="firemage_weak | $damage_projectile" value="1" >
    </E>
    <E key="fireskull | $damage_melee" value="2" >
    </E>
    <E key="fly | $damage_melee" value="10" >
    </E>
    <E key="fungus | $damage_melee" value="2" >
    </E>
    <E key="giantshooter_weak | $damage_melee" value="2" >
    </E>
    <E key="homunculus | $damage_projectile" value="8" >
    </E>
    <E key="iceskull | $damage_ice" value="1" >
    </E>
    <E key="longleg | $damage_melee" value="90" >
    </E>
    <E key="lukki_minion | $damage_curse" value="6" >
    </E>
    <E key="miner_weak | $damage_explosion" value="297" >
    </E>
    <E key="miner_weak | $damage_melee" value="104" >
    </E>
    <E key="miner_weak | $damage_projectile" value="3" >
    </E>
    <E key="miniblob | $damage_melee" value="4" >
    </E>
    <E key="orb_green | $damage_projectile" value="1" >
    </E>
    <E key="orb_laseremitter | $damage_plasmabeam" value="2" >
    </E>
    <E key="orb_laseremitter_cutter | $damage_plasmabeam" value="3" >
    </E>
    <E key="phantom_a | $damage_projectile" value="7" >
    </E>
    <E key="physics_die | $damage_explosion" value="1" >
    </E>
    <E key="physics_die | $damage_projectile" value="3" >
    </E>
    <E key="physics_ragdoll_part_exploding | $damage_explosion" value="6" >
    </E>
    <E key="player | $damage_curse" value="10" >
    </E>
    <E key="player | $damage_drill" value="4" >
    </E>
    <E key="player | $damage_electricity" value="13" >
    </E>
    <E key="player | $damage_explosion" value="170" >
    </E>
    <E key="player | $damage_fire" value="3" >
    </E>
    <E key="player | $damage_ice" value="1" >
    </E>
    <E key="player | $damage_melee" value="12" >
    </E>
    <E key="player | $damage_physicshit" value="1" >
    </E>
    <E key="player | $damage_plasmabeam" value="19" >
    </E>
    <E key="player | $damage_projectile" value="2220" >
    </E>
    <E key="player | $damage_rock_curse" value="9" >
    </E>
    <E key="player | $damage_slice" value="113" >
    </E>
    <E key="player | bzzt!" value="1" >
    </E>
    <E key="player_rng_items | $damage_explosion" value="6" >
    </E>
    <E key="player_rng_items | $damage_projectile" value="52" >
    </E>
    <E key="player_rng_items | $damage_slice" value="7" >
    </E>
    <E key="playerghost | $damage_projectile" value="8" >
    </E>
    <E key="roboguard | $damage_explosion" value="2" >
    </E>
    <E key="roboguard | $damage_melee" value="6" >
    </E>
    <E key="roboguard | $damage_projectile" value="8" >
    </E>
    <E key="scavenger_clusterbomb | $damage_explosion" value="1" >
    </E>
    <E key="scavenger_clusterbomb | $damage_projectile" value="1" >
    </E>
    <E key="shooterflower | $damage_projectile" value="1" >
    </E>
    <E key="shotgunner | $damage_projectile" value="2" >
    </E>
    <E key="shotgunner_weak | $damage_explosion" value="1" >
    </E>
    <E key="shotgunner_weak | $damage_melee" value="38" >
    </E>
    <E key="shotgunner_weak | $damage_projectile" value="148" >
    </E>
    <E key="skullfly | $damage_projectile" value="1" >
    </E>
    <E key="skullrat | $damage_melee" value="2" >
    </E>
    <E key="slimeshooter | $damage_explosion" value="3" >
    </E>
    <E key="slimeshooter | $damage_projectile" value="2" >
    </E>
    <E key="slimeshooter_boss_limbs | $damage_explosion" value="1" >
    </E>
    <E key="slimeshooter_nontoxic | $damage_explosion" value="3" >
    </E>
    <E key="slimeshooter_nontoxic | $damage_projectile" value="12" >
    </E>
    <E key="slimeshooter_weak | $damage_explosion" value="50" >
    </E>
    <E key="slimeshooter_weak | $damage_melee" value="9" >
    </E>
    <E key="slimeshooter_weak | $damage_projectile" value="116" >
    </E>
    <E key="spitmonster | $damage_projectile" value="1" >
    </E>
    <E key="tentacler | $damage_melee" value="4" >
    </E>
    <E key="thunderskull | $damage_electricity" value="2" >
    </E>
    <E key="thunderskull | $damage_melee" value="1" >
    </E>
    <E key="wizard_dark | $damage_projectile" value="1" >
    </E>
    <E key="wizard_returner | $damage_projectile" value="2" >
    </E>
    <E key="wizard_tele | $damage_projectile" value="8" >
    </E>
    <E key="wizard_twitchy | $damage_projectile" value="4" >
    </E>
    <E key="worm | worm bite" value="188" >
    </E>
    <E key="worm_big | worm bite" value="6" >
    </E>
    <E key="worm_tiny | worm bite" value="27" >
    </E>
    <E key="wraith_glowing | $damage_explosion" value="1" >
    </E>
    <E key="zombie | $damage_melee" value="3" >
    </E>
    <E key="zombie_weak | $damage_melee" value="299" >
    </E>
  </death_map>
  <kill_map>
    <E key="acidshooter_weak" value="2" >
    </E>
    <E key="fly" value="1" >
    </E>
    <E key="frog" value="1" >
    </E>
    <E key="longleg" value="90" >
    </E>
    <E key="miner_weak" value="72" >
    </E>
    <E key="miniblob" value="3" >
    </E>
    <E key="player" value="16" >
    </E>
    <E key="player_rng_items" value="1" >
    </E>
    <E key="shotgunner_weak" value="40" >
    </E>
    <E key="slimeshooter_weak" value="15" >
    </E>
    <E key="tentacler_small" value="1" >
    </E>
    <E key="zombie" value="3" >
    </E>
    <E key="zombie_weak" value="189" >
    </E>
  </kill_map>
</Stats>
