<Stats deaths="313" kills="185" player_kills="1" player_projectile_count="0" >
  <death_map>
    <E key="NULL | $damage_drowning" value="18" >
    </E>
    <E key="NULL | $damage_electricity" value="5" >
    </E>
    <E key="NULL | $damage_explosion" value="85" >
    </E>
    <E key="NULL | $damage_fire" value="14" >
    </E>
    <E key="NULL | $damage_physicshit" value="5" >
    </E>
    <E key="NULL | damage from material: Cursed rock" value="2" >
    </E>
    <E key="NULL | damage from material: acid" value="7" >
    </E>
    <E key="NULL | damage from material: lava" value="2" >
    </E>
    <E key="NULL | damage from material: toxic rock" value="11" >
    </E>
    <E key="acidshooter | $damage_projectile" value="1" >
    </E>
    <E key="ant | $damage_melee" value="1" >
    </E>
    <E key="blob | $damage_melee" value="5" >
    </E>
    <E key="fly | $damage_melee" value="1" >
    </E>
    <E key="homunculus | $damage_projectile" value="3" >
    </E>
    <E key="lukki_dark | $damage_curse" value="1" >
    </E>
    <E key="miner | $damage_explosion" value="1" >
    </E>
    <E key="miniblob | $damage_melee" value="4" >
    </E>
    <E key="orb_laseremitter_cutter | $damage_plasmabeam" value="2" >
    </E>
    <E key="physics_die | $damage_explosion" value="1" >
    </E>
    <E key="physics_ragdoll_part_exploding | $damage_explosion" value="1" >
    </E>
    <E key="plague_rats_rat | $damage_melee" value="1" >
    </E>
    <E key="player | $damage_drill" value="1" >
    </E>
    <E key="player | $damage_electricity" value="3" >
    </E>
    <E key="player | $damage_explosion" value="6" >
    </E>
    <E key="player | $damage_ice" value="3" >
    </E>
    <E key="player | $damage_plasmabeam" value="3" >
    </E>
    <E key="player | $damage_projectile" value="96" >
    </E>
    <E key="player | $damage_slice" value="12" >
    </E>
    <E key="player_rng_items | $damage_explosion" value="1" >
    </E>
    <E key="roboguard | $damage_explosion" value="2" >
    </E>
    <E key="roboguard | $damage_melee" value="2" >
    </E>
    <E key="roboguard | $damage_projectile" value="1" >
    </E>
    <E key="shotgunner | $damage_projectile" value="1" >
    </E>
    <E key="skullrat | $damage_melee" value="1" >
    </E>
    <E key="slimeshooter | $damage_projectile" value="1" >
    </E>
    <E key="tentacler_small | $damage_melee" value="2" >
    </E>
    <E key="thundermage | $damage_explosion" value="1" >
    </E>
    <E key="wizard_dark | $damage_explosion" value="2" >
    </E>
    <E key="worm | worm bite" value="2" >
    </E>
    <E key="worm_big | worm bite" value="1" >
    </E>
    <E key="worm_skull | worm bite" value="1" >
    </E>
  </death_map>
  <kill_map>
    <E key="acidshooter" value="2" >
    </E>
    <E key="acidshot" value="18" >
    </E>
    <E key="ant" value="1" >
    </E>
    <E key="blob" value="1" >
    </E>
    <E key="drone_physics" value="1" >
    </E>
    <E key="firebug" value="3" >
    </E>
    <E key="fly" value="4" >
    </E>
    <E key="frog" value="4" >
    </E>
    <E key="fungus" value="1" >
    </E>
    <E key="longleg" value="1" >
    </E>
    <E key="miner" value="1" >
    </E>
    <E key="miniblob" value="19" >
    </E>
    <E key="player" value="1" >
    </E>
    <E key="rat" value="100" >
    </E>
    <E key="scorpion" value="9" >
    </E>
    <E key="sheep" value="3" >
    </E>
    <E key="sheep_bat" value="1" >
    </E>
    <E key="slimeshooter" value="1" >
    </E>
    <E key="tentacler_small" value="3" >
    </E>
    <E key="wizard_dark" value="2" >
    </E>
    <E key="wizard_swapper" value="2" >
    </E>
    <E key="zombie" value="7" >
    </E>
  </kill_map>
</Stats>
