<Stats deaths="173" kills="24" player_kills="1" player_projectile_count="0" >
  <death_map>
    <E key="NULL | $damage_electricity" value="7" >
    </E>
    <E key="NULL | $damage_explosion" value="23" >
    </E>
    <E key="NULL | $damage_physicshit" value="16" >
    </E>
    <E key="NULL | $damage_projectile" value="1" >
    </E>
    <E key="NULL | damage from material: acid" value="9" >
    </E>
    <E key="blob | $damage_melee" value="1" >
    </E>
    <E key="homunculus | $damage_projectile" value="3" >
    </E>
    <E key="maggot | $damage_explosion" value="1" >
    </E>
    <E key="player | $damage_drill" value="1" >
    </E>
    <E key="player | $damage_electricity" value="2" >
    </E>
    <E key="player | $damage_explosion" value="11" >
    </E>
    <E key="player | $damage_melee" value="1" >
    </E>
    <E key="player | $damage_plasmabeam" value="1" >
    </E>
    <E key="player | $damage_projectile" value="87" >
    </E>
    <E key="player | $damage_slice" value="7" >
    </E>
    <E key="scavenger_grenade | $damage_projectile" value="1" >
    </E>
    <E key="worm_tiny | worm bite" value="1" >
    </E>
  </death_map>
  <kill_map>
    <E key="acidshot" value="1" >
    </E>
    <E key="dripping_radioactive" value="1" >
    </E>
    <E key="firebug" value="1" >
    </E>
    <E key="iceskull" value="2" >
    </E>
    <E key="miniblob" value="1" >
    </E>
    <E key="player" value="1" >
    </E>
    <E key="rat" value="13" >
    </E>
    <E key="shotgunner" value="1" >
    </E>
    <E key="tentacler_small" value="1" >
    </E>
    <E key="thunderskull" value="2" >
    </E>
  </kill_map>
</Stats>
