<Stats deaths="578" kills="219" player_kills="0" player_projectile_count="0" >
  <death_map>
    <E key="NULL | $damage_drowning" value="11" >
    </E>
    <E key="NULL | $damage_electricity" value="23" >
    </E>
    <E key="NULL | $damage_explosion" value="51" >
    </E>
    <E key="NULL | $damage_fire" value="27" >
    </E>
    <E key="NULL | $damage_ice" value="1" >
    </E>
    <E key="NULL | $damage_physicshit" value="32" >
    </E>
    <E key="NULL | $damage_plasmabeam" value="12" >
    </E>
    <E key="NULL | damage from material: acid" value="14" >
    </E>
    <E key="NULL | damage from material: freezing liquid" value="9" >
    </E>
    <E key="NULL | damage from material: freezing vapour" value="29" >
    </E>
    <E key="NULL | damage from material: lava" value="1" >
    </E>
    <E key="assassin | $damage_melee" value="1" >
    </E>
    <E key="basebot_hidden | $damage_fire" value="1" >
    </E>
    <E key="basebot_hidden | $damage_radioactive" value="1" >
    </E>
    <E key="basebot_neutralizer | $damage_projectile" value="3" >
    </E>
    <E key="basebot_sentry | $damage_projectile" value="3" >
    </E>
    <E key="basebot_soldier | $damage_explosion" value="4" >
    </E>
    <E key="basebot_soldier | $damage_fire" value="1" >
    </E>
    <E key="basebot_soldier | $damage_slice" value="2" >
    </E>
    <E key="bigzombie | $damage_explosion" value="3" >
    </E>
    <E key="bigzombie | $damage_melee" value="8" >
    </E>
    <E key="bigzombiehead | $damage_melee" value="1" >
    </E>
    <E key="bigzombietorso | $damage_melee" value="3" >
    </E>
    <E key="death_ghost | $damage_curse" value="10" >
    </E>
    <E key="drone_lasership | $damage_projectile" value="1" >
    </E>
    <E key="firemage | $damage_explosion" value="2" >
    </E>
    <E key="homunculus | $damage_projectile" value="10" >
    </E>
    <E key="icemage | $damage_explosion" value="1" >
    </E>
    <E key="iceskull | $damage_explosion" value="8" >
    </E>
    <E key="iceskull | $damage_ice" value="11" >
    </E>
    <E key="iceskull | $damage_melee" value="4" >
    </E>
    <E key="lukki_dark | $damage_curse" value="1" >
    </E>
    <E key="lukki_minion | $damage_curse" value="2" >
    </E>
    <E key="orb_laseremitter_cutter | $damage_plasmabeam" value="3" >
    </E>
    <E key="physics_ragdoll_part_exploding | $damage_explosion" value="2" >
    </E>
    <E key="player | $damage_electricity" value="8" >
    </E>
    <E key="player | $damage_explosion" value="10" >
    </E>
    <E key="player | $damage_ice" value="4" >
    </E>
    <E key="player | $damage_plasmabeam" value="1" >
    </E>
    <E key="player | $damage_projectile" value="192" >
    </E>
    <E key="player | $damage_rock_curse" value="1" >
    </E>
    <E key="player | $damage_slice" value="29" >
    </E>
    <E key="playerghost | $damage_slice" value="1" >
    </E>
    <E key="roboguard | $damage_explosion" value="2" >
    </E>
    <E key="roboguard_big | $damage_projectile" value="2" >
    </E>
    <E key="scavenger_glue | $damage_explosion" value="3" >
    </E>
    <E key="scavenger_glue | $damage_melee" value="3" >
    </E>
    <E key="scavenger_leader | $damage_melee" value="1" >
    </E>
    <E key="sniper | $damage_explosion" value="1" >
    </E>
    <E key="sniper | $damage_projectile" value="1" >
    </E>
    <E key="tentacler | $damage_melee" value="3" >
    </E>
    <E key="thundermage | $damage_electricity" value="1" >
    </E>
    <E key="thundermage | $damage_explosion" value="3" >
    </E>
    <E key="worm_big | worm bite" value="9" >
    </E>
    <E key="worm_big_worm_rain | worm bite" value="2" >
    </E>
    <E key="worm_tiny | worm bite" value="5" >
    </E>
  </death_map>
  <kill_map>
    <E key="acidshot" value="2" >
    </E>
    <E key="bigzombie" value="5" >
    </E>
    <E key="bigzombiehead" value="5" >
    </E>
    <E key="bigzombietorso" value="4" >
    </E>
    <E key="blob" value="8" >
    </E>
    <E key="chest_mimic" value="1" >
    </E>
    <E key="fish_large" value="1" >
    </E>
    <E key="glue" value="15" >
    </E>
    <E key="healerdrone_physics" value="1" >
    </E>
    <E key="iceskull" value="4" >
    </E>
    <E key="lasershooter" value="1" >
    </E>
    <E key="miniblob" value="56" >
    </E>
    <E key="rat" value="100" >
    </E>
    <E key="scavenger_glue" value="6" >
    </E>
    <E key="scavenger_heal" value="1" >
    </E>
    <E key="slimeshooter" value="3" >
    </E>
    <E key="swarm_fly" value="1" >
    </E>
    <E key="wizard_swapper" value="1" >
    </E>
    <E key="worm_tiny" value="4" >
    </E>
  </kill_map>
</Stats>
