<Stats deaths="31" kills="23" player_kills="0" player_projectile_count="0" >
  <death_map>
    <E key="NULL | $damage_projectile" value="1" >
    </E>
    <E key="necrobot | $damage_projectile" value="1" >
    </E>
    <E key="player | $damage_explosion" value="1" >
    </E>
    <E key="player | $damage_projectile" value="20" >
    </E>
    <E key="sniper_hell | $damage_projectile" value="5" >
    </E>
    <E key="walleye | $damage_projectile" value="3" >
    </E>
  </death_map>
  <kill_map>
    <E key="meatmaggot" value="4" >
    </E>
    <E key="rat" value="17" >
    </E>
    <E key="wallmouth" value="1" >
    </E>
    <E key="wizard_hearty" value="1" >
    </E>
  </kill_map>
</Stats>
