<Stats deaths="18" kills="5" player_kills="0" player_projectile_count="0" >
  <death_map>
    <E key="NULL | $damage_explosion" value="3" >
    </E>
    <E key="NULL | $damage_physicshit" value="3" >
    </E>
    <E key="player | $damage_electricity" value="4" >
    </E>
    <E key="player | $damage_explosion" value="2" >
    </E>
    <E key="player | $damage_hitfx_curse" value="5" >
    </E>
    <E key="player | $damage_projectile" value="1" >
    </E>
  </death_map>
  <kill_map>
    <E key="scavenger_glue" value="3" >
    </E>
    <E key="scavenger_grenade" value="1" >
    </E>
    <E key="shotgunner_weak" value="1" >
    </E>
  </kill_map>
</Stats>
