<Stats deaths="35" kills="0" player_kills="0" player_projectile_count="0" >
  <death_map>
    <E key="NULL | $damage_projectile" value="1" >
    </E>
    <E key="NULL | damage from material: lava" value="1" >
    </E>
    <E key="drone_lasership | $damage_projectile" value="2" >
    </E>
    <E key="firemage_weak | $damage_explosion" value="1" >
    </E>
    <E key="miner | $damage_explosion" value="1" >
    </E>
    <E key="miner_weak | $damage_explosion" value="2" >
    </E>
    <E key="player | $damage_projectile" value="4" >
    </E>
    <E key="scavenger_grenade | $damage_melee" value="1" >
    </E>
    <E key="scavenger_grenade | $damage_projectile" value="1" >
    </E>
    <E key="scavenger_leader | $damage_explosion" value="1" >
    </E>
    <E key="scavenger_smg | $damage_explosion" value="4" >
    </E>
    <E key="scavenger_smg | $damage_projectile" value="4" >
    </E>
    <E key="shotgunner | $damage_projectile" value="1" >
    </E>
    <E key="slimeshooter_weak | $damage_explosion" value="1" >
    </E>
    <E key="slimeshooter_weak | $damage_projectile" value="1" >
    </E>
    <E key="sniper | $damage_explosion" value="1" >
    </E>
    <E key="sniper | $damage_melee" value="1" >
    </E>
    <E key="sniper | $damage_projectile" value="2" >
    </E>
    <E key="tank | $damage_explosion" value="1" >
    </E>
    <E key="tank | $damage_projectile" value="1" >
    </E>
    <E key="tank_rocket | $damage_explosion" value="1" >
    </E>
    <E key="tank_super | $damage_projectile" value="1" >
    </E>
    <E key="zombie_weak | $damage_melee" value="1" >
    </E>
  </death_map>
  <kill_map>
  </kill_map>
</Stats>
