<Stats deaths="6" kills="0" player_kills="0" player_projectile_count="0" >
  <death_map>
    <E key="NULL | $damage_fire" value="1" >
    </E>
    <E key="NULL | damage from material: lava" value="1" >
    </E>
    <E key="necromancer_shop | $damage_projectile" value="1" >
    </E>
    <E key="player | $damage_projectile" value="2" >
    </E>
    <E key="player_rng_items | $damage_projectile" value="1" >
    </E>
  </death_map>
  <kill_map>
  </kill_map>
</Stats>
