<Stats deaths="57" kills="10" player_kills="0" player_projectile_count="0" >
  <death_map>
    <E key="NULL | $damage_electricity" value="3" >
    </E>
    <E key="NULL | $damage_explosion" value="11" >
    </E>
    <E key="NULL | $damage_physicshit" value="9" >
    </E>
    <E key="NULL | damage from material: acid" value="1" >
    </E>
    <E key="death_ghost | $damage_curse" value="2" >
    </E>
    <E key="drone_lasership | $damage_projectile" value="1" >
    </E>
    <E key="firemage | $damage_explosion" value="1" >
    </E>
    <E key="homunculus | $damage_projectile" value="1" >
    </E>
    <E key="lukki_minion | $damage_curse" value="1" >
    </E>
    <E key="player | $damage_electricity" value="1" >
    </E>
    <E key="player | $damage_explosion" value="1" >
    </E>
    <E key="player | $damage_projectile" value="20" >
    </E>
    <E key="player | $damage_slice" value="3" >
    </E>
    <E key="thunderskull | $damage_electricity" value="1" >
    </E>
    <E key="worm_big_worm_rain | worm bite" value="1" >
    </E>
  </death_map>
  <kill_map>
    <E key="miner" value="1" >
    </E>
    <E key="scavenger_grenade" value="2" >
    </E>
    <E key="scavenger_heal" value="1" >
    </E>
    <E key="scavenger_smg" value="5" >
    </E>
    <E key="shotgunner" value="1" >
    </E>
  </kill_map>
</Stats>
