<Stats deaths="70" kills="31" player_kills="0" player_projectile_count="0" >
  <death_map>
    <E key="NULL | $damage_drowning" value="4" >
    </E>
    <E key="NULL | $damage_explosion" value="7" >
    </E>
    <E key="NULL | $damage_fire" value="2" >
    </E>
    <E key="NULL | $damage_physicshit" value="1" >
    </E>
    <E key="NULL | damage from material: Cursed rock" value="1" >
    </E>
    <E key="NULL | damage from material: lava" value="1" >
    </E>
    <E key="firemage | $damage_explosion" value="1" >
    </E>
    <E key="maggot | $damage_explosion" value="1" >
    </E>
    <E key="player | $damage_electricity" value="3" >
    </E>
    <E key="player | $damage_explosion" value="1" >
    </E>
    <E key="player | $damage_plasmabeam" value="1" >
    </E>
    <E key="player | $damage_projectile" value="41" >
    </E>
    <E key="player | $damage_slice" value="3" >
    </E>
    <E key="rock_curse | $damage_rock_curse" value="2" >
    </E>
    <E key="worm | worm bite" value="1" >
    </E>
  </death_map>
  <kill_map>
    <E key="acidshot" value="1" >
    </E>
    <E key="ghost_crystal" value="1" >
    </E>
    <E key="physics_torch_stand" value="1" >
    </E>
    <E key="sheep" value="25" >
    </E>
    <E key="sheep_bat" value="2" >
    </E>
    <E key="sheep_fly" value="1" >
    </E>
  </kill_map>
</Stats>
