<Stats deaths="481" kills="3" player_kills="0" player_projectile_count="0" >
  <death_map>
    <E key="NULL | $damage_drowning" value="14" >
    </E>
    <E key="NULL | $damage_electricity" value="17" >
    </E>
    <E key="NULL | $damage_explosion" value="76" >
    </E>
    <E key="NULL | $damage_fire" value="22" >
    </E>
    <E key="NULL | $damage_physicshit" value="20" >
    </E>
    <E key="NULL | $damage_projectile" value="1" >
    </E>
    <E key="NULL | damage from material: Poison" value="1" >
    </E>
    <E key="NULL | damage from material: acid" value="6" >
    </E>
    <E key="NULL | damage from material: freezing vapour" value="18" >
    </E>
    <E key="NULL | damage from material: lava" value="2" >
    </E>
    <E key="NULL | damage from material: toxic ice" value="2" >
    </E>
    <E key="assassin | $damage_melee" value="1" >
    </E>
    <E key="bigzombietorso | $damage_explosion" value="1" >
    </E>
    <E key="death_ghost | $damage_curse" value="10" >
    </E>
    <E key="drone_lasership | $damage_projectile" value="7" >
    </E>
    <E key="homunculus | $damage_projectile" value="9" >
    </E>
    <E key="lukki | hit" value="1" >
    </E>
    <E key="lukki_longleg | hit" value="1" >
    </E>
    <E key="maggot | $damage_explosion" value="1" >
    </E>
    <E key="miner | $damage_explosion" value="1" >
    </E>
    <E key="necromancer_shop | $damage_projectile" value="1" >
    </E>
    <E key="orb_laseremitter_cutter | $damage_plasmabeam" value="1" >
    </E>
    <E key="player | $damage_curse" value="1" >
    </E>
    <E key="player | $damage_drill" value="1" >
    </E>
    <E key="player | $damage_electricity" value="7" >
    </E>
    <E key="player | $damage_explosion" value="17" >
    </E>
    <E key="player | $damage_fire" value="1" >
    </E>
    <E key="player | $damage_ice" value="6" >
    </E>
    <E key="player | $damage_physicshit" value="1" >
    </E>
    <E key="player | $damage_projectile" value="150" >
    </E>
    <E key="player | $damage_slice" value="14" >
    </E>
    <E key="player | hit" value="2" >
    </E>
    <E key="scavenger_clusterbomb | $damage_explosion" value="3" >
    </E>
    <E key="scavenger_clusterbomb | $damage_melee" value="1" >
    </E>
    <E key="scavenger_clusterbomb | $damage_projectile" value="1" >
    </E>
    <E key="scavenger_glue | $damage_projectile" value="1" >
    </E>
    <E key="scavenger_grenade | $damage_melee" value="1" >
    </E>
    <E key="scavenger_grenade | $damage_projectile" value="9" >
    </E>
    <E key="scavenger_heal | $damage_explosion" value="1" >
    </E>
    <E key="scavenger_leader | $damage_explosion" value="3" >
    </E>
    <E key="scavenger_leader | $damage_projectile" value="2" >
    </E>
    <E key="scavenger_mine | $damage_projectile" value="1" >
    </E>
    <E key="scavenger_smg | $damage_explosion" value="2" >
    </E>
    <E key="scavenger_smg | $damage_melee" value="1" >
    </E>
    <E key="scavenger_smg | $damage_projectile" value="7" >
    </E>
    <E key="shotgunner | $damage_projectile" value="6" >
    </E>
    <E key="sniper | $damage_melee" value="1" >
    </E>
    <E key="sniper | $damage_projectile" value="11" >
    </E>
    <E key="tank | $damage_explosion" value="1" >
    </E>
    <E key="tank | $damage_projectile" value="4" >
    </E>
    <E key="tank_rocket | $damage_projectile" value="1" >
    </E>
    <E key="tentacler | $damage_melee" value="1" >
    </E>
    <E key="turret_right | $damage_projectile" value="1" >
    </E>
    <E key="worm | worm bite" value="2" >
    </E>
    <E key="worm_big | worm bite" value="3" >
    </E>
    <E key="worm_big_worm_rain | worm bite" value="2" >
    </E>
    <E key="worm_skull | worm bite" value="1" >
    </E>
    <E key="worm_tiny | worm bite" value="1" >
    </E>
  </death_map>
  <kill_map>
    <E key="mine_scavenger" value="1" >
    </E>
    <E key="scavenger_heal" value="1" >
    </E>
    <E key="tnt" value="1" >
    </E>
  </kill_map>
</Stats>
