<Stats deaths="604" kills="348" player_kills="21" player_projectile_count="0" >
  <death_map>
    <E key="NULL | $damage_drowning" value="11" >
    </E>
    <E key="NULL | $damage_electricity" value="6" >
    </E>
    <E key="NULL | $damage_explosion" value="18" >
    </E>
    <E key="NULL | $damage_physicshit" value="55" >
    </E>
    <E key="NULL | $damage_water" value="216" >
    </E>
    <E key="NULL | damage from material: Water" value="116" >
    </E>
    <E key="NULL | damage from material: acid" value="17" >
    </E>
    <E key="NULL | damage from material: brine" value="1" >
    </E>
    <E key="NULL | damage from material: mud" value="2" >
    </E>
    <E key="NULL | damage from material: swamp" value="3" >
    </E>
    <E key="acidshooter_weak | $damage_projectile" value="1" >
    </E>
    <E key="broken_wand | $damage_projectile" value="2" >
    </E>
    <E key="death_ghost | $damage_curse" value="2" >
    </E>
    <E key="homunculus | $damage_projectile" value="1" >
    </E>
    <E key="orb_laseremitter_cutter | $damage_plasmabeam" value="1" >
    </E>
    <E key="physics_ragdoll_part_exploding | $damage_explosion" value="1" >
    </E>
    <E key="player | $damage_explosion" value="13" >
    </E>
    <E key="player | $damage_kick" value="1" >
    </E>
    <E key="player | $damage_plasmabeam" value="1" >
    </E>
    <E key="player | $damage_projectile" value="83" >
    </E>
    <E key="player | $damage_slice" value="26" >
    </E>
    <E key="player_rng_items | $damage_projectile" value="1" >
    </E>
    <E key="shotgunner_weak | $damage_projectile" value="2" >
    </E>
    <E key="slimeshooter_nontoxic | $damage_explosion" value="2" >
    </E>
    <E key="worm | worm bite" value="19" >
    </E>
    <E key="worm_big | worm bite" value="2" >
    </E>
    <E key="worm_tiny | worm bite" value="1" >
    </E>
  </death_map>
  <kill_map>
    <E key="acidshooter_weak" value="5" >
    </E>
    <E key="acidshot" value="2" >
    </E>
    <E key="bloom" value="1" >
    </E>
    <E key="bomb" value="3" >
    </E>
    <E key="elk" value="1" >
    </E>
    <E key="fireskull" value="6" >
    </E>
    <E key="frog" value="1" >
    </E>
    <E key="frog_big" value="1" >
    </E>
    <E key="giantshooter_weak" value="2" >
    </E>
    <E key="longleg" value="42" >
    </E>
    <E key="mine" value="1" >
    </E>
    <E key="miner" value="1" >
    </E>
    <E key="miner_fire" value="2" >
    </E>
    <E key="miner_weak" value="58" >
    </E>
    <E key="physics_lantern_small" value="2" >
    </E>
    <E key="player" value="21" >
    </E>
    <E key="player_rng_items" value="1" >
    </E>
    <E key="playerghost" value="1" >
    </E>
    <E key="potion_empty" value="1" >
    </E>
    <E key="radioactive_blob" value="1" >
    </E>
    <E key="scorpion" value="1" >
    </E>
    <E key="sheep" value="3" >
    </E>
    <E key="sheep_bat" value="1" >
    </E>
    <E key="sheep_fly" value="2" >
    </E>
    <E key="shotgunner" value="2" >
    </E>
    <E key="shotgunner_weak" value="51" >
    </E>
    <E key="slimeshooter" value="3" >
    </E>
    <E key="slimeshooter_nontoxic" value="2" >
    </E>
    <E key="slimeshooter_weak" value="34" >
    </E>
    <E key="tnt" value="1" >
    </E>
    <E key="worm_tiny" value="4" >
    </E>
    <E key="zombie" value="4" >
    </E>
    <E key="zombie_weak" value="87" >
    </E>
  </kill_map>
</Stats>
