<Stats deaths="11" kills="15" player_kills="0" player_projectile_count="0" >
  <death_map>
    <E key="death_ghost | $damage_curse" value="2" >
    </E>
    <E key="player | $damage_electricity" value="8" >
    </E>
    <E key="player | $damage_slice" value="1" >
    </E>
  </death_map>
  <kill_map>
    <E key="glue" value="6" >
    </E>
    <E key="roboguard_big" value="1" >
    </E>
    <E key="scavenger_glue" value="7" >
    </E>
    <E key="slimeshooter_nontoxic" value="1" >
    </E>
  </kill_map>
</Stats>
