<Stats deaths="204" kills="26" player_kills="1" player_projectile_count="0" >
  <death_map>
    <E key="NULL | $damage_drowning" value="5" >
    </E>
    <E key="NULL | $damage_electricity" value="4" >
    </E>
    <E key="NULL | $damage_explosion" value="27" >
    </E>
    <E key="NULL | $damage_fire" value="47" >
    </E>
    <E key="NULL | $damage_physicshit" value="6" >
    </E>
    <E key="NULL | $damage_plasmabeam" value="1" >
    </E>
    <E key="NULL | $damage_radioactive" value="25" >
    </E>
    <E key="NULL | damage from material: lava" value="2" >
    </E>
    <E key="NULL | damage from material: toxic rock" value="1" >
    </E>
    <E key="bigfirebug | $damage_projectile" value="1" >
    </E>
    <E key="death_ghost | $damage_curse" value="3" >
    </E>
    <E key="homunculus | $damage_projectile" value="6" >
    </E>
    <E key="missilecrab | $damage_projectile" value="1" >
    </E>
    <E key="player | $damage_electricity" value="4" >
    </E>
    <E key="player | $damage_explosion" value="5" >
    </E>
    <E key="player | $damage_ice" value="6" >
    </E>
    <E key="player | $damage_plasmabeam" value="1" >
    </E>
    <E key="player | $damage_projectile" value="49" >
    </E>
    <E key="player | $damage_slice" value="4" >
    </E>
    <E key="playerghost | $damage_slice" value="2" >
    </E>
    <E key="roboguard | $damage_projectile" value="1" >
    </E>
    <E key="scavenger_mine | $damage_explosion" value="1" >
    </E>
    <E key="worm | worm bite" value="1" >
    </E>
    <E key="worm_end | worm bite" value="1" >
    </E>
  </death_map>
  <kill_map>
    <E key="bat" value="1" >
    </E>
    <E key="bigzombie" value="4" >
    </E>
    <E key="bigzombiehead" value="1" >
    </E>
    <E key="bigzombietorso" value="1" >
    </E>
    <E key="dripping_radioactive" value="1" >
    </E>
    <E key="fly" value="1" >
    </E>
    <E key="flynest" value="1" >
    </E>
    <E key="lukki" value="1" >
    </E>
    <E key="mine_scavenger" value="1" >
    </E>
    <E key="miniblob" value="5" >
    </E>
    <E key="player" value="1" >
    </E>
    <E key="rat" value="4" >
    </E>
    <E key="scavenger_grenade" value="1" >
    </E>
    <E key="scavenger_heal" value="1" >
    </E>
    <E key="scavenger_mine" value="1" >
    </E>
    <E key="scavenger_smg" value="1" >
    </E>
  </kill_map>
</Stats>
