<Stats deaths="416" kills="251" player_kills="4" player_projectile_count="0" >
  <death_map>
    <E key="NULL | $damage_drowning" value="30" >
    </E>
    <E key="NULL | $damage_electricity" value="10" >
    </E>
    <E key="NULL | $damage_explosion" value="105" >
    </E>
    <E key="NULL | $damage_fire" value="24" >
    </E>
    <E key="NULL | $damage_melee" value="1" >
    </E>
    <E key="NULL | $damage_physicshit" value="7" >
    </E>
    <E key="NULL | $damage_plasmabeam" value="1" >
    </E>
    <E key="NULL | damage from material: Cursed rock" value="4" >
    </E>
    <E key="NULL | damage from material: acid" value="3" >
    </E>
    <E key="NULL | damage from material: freezing vapour" value="1" >
    </E>
    <E key="NULL | damage from material: lava" value="62" >
    </E>
    <E key="NULL | damage from material: toxic rock" value="14" >
    </E>
    <E key="bigfirebug | $damage_fire" value="1" >
    </E>
    <E key="death_ghost | $damage_curse" value="5" >
    </E>
    <E key="firebug | $damage_fire" value="1" >
    </E>
    <E key="fly | $damage_melee" value="1" >
    </E>
    <E key="homunculus | $damage_projectile" value="10" >
    </E>
    <E key="phantom_a | $damage_projectile" value="1" >
    </E>
    <E key="player | $damage_electricity" value="2" >
    </E>
    <E key="player | $damage_explosion" value="5" >
    </E>
    <E key="player | $damage_ice" value="1" >
    </E>
    <E key="player | $damage_kick" value="1" >
    </E>
    <E key="player | $damage_projectile" value="94" >
    </E>
    <E key="player | $damage_slice" value="8" >
    </E>
    <E key="player_rng_items | $damage_explosion" value="1" >
    </E>
    <E key="player_rng_items | $damage_projectile" value="1" >
    </E>
    <E key="roboguard | $damage_melee" value="1" >
    </E>
    <E key="roboguard | $damage_projectile" value="1" >
    </E>
    <E key="skullrat | $damage_melee" value="1" >
    </E>
    <E key="skygazer | $damage_projectile" value="1" >
    </E>
    <E key="slimeshooter | $damage_explosion" value="1" >
    </E>
    <E key="sniper | $damage_projectile" value="1" >
    </E>
    <E key="spearbot | $damage_projectile" value="3" >
    </E>
    <E key="thundermage_big | $damage_explosion" value="2" >
    </E>
    <E key="wizard_returner | $damage_explosion" value="1" >
    </E>
    <E key="wizard_swapper | $damage_projectile" value="1" >
    </E>
    <E key="wizard_swapper | $damage_slice" value="1" >
    </E>
    <E key="wizard_tele | $damage_explosion" value="7" >
    </E>
    <E key="worm | worm bite" value="1" >
    </E>
  </death_map>
  <kill_map>
    <E key="alchemist" value="1" >
    </E>
    <E key="egg_monster" value="1" >
    </E>
    <E key="firebug" value="2" >
    </E>
    <E key="fly" value="2" >
    </E>
    <E key="frog" value="3" >
    </E>
    <E key="fungus" value="1" >
    </E>
    <E key="longleg" value="8" >
    </E>
    <E key="miniblob" value="6" >
    </E>
    <E key="physics_torch_stand" value="1" >
    </E>
    <E key="player" value="4" >
    </E>
    <E key="rat" value="174" >
    </E>
    <E key="scavenger_invis" value="1" >
    </E>
    <E key="scorpion" value="23" >
    </E>
    <E key="sheep" value="1" >
    </E>
    <E key="sheep_bat" value="2" >
    </E>
    <E key="slimeshooter" value="3" >
    </E>
    <E key="tentacler_small" value="4" >
    </E>
    <E key="wizard_tele" value="7" >
    </E>
    <E key="zombie" value="7" >
    </E>
  </kill_map>
</Stats>
