<Stats deaths="578" kills="208" player_kills="0" player_projectile_count="0" >
  <death_map>
    <E key="NULL | $damage_electricity" value="20" >
    </E>
    <E key="NULL | $damage_explosion" value="72" >
    </E>
    <E key="NULL | $damage_physicshit" value="47" >
    </E>
    <E key="NULL | $damage_projectile" value="2" >
    </E>
    <E key="NULL | damage from material: acid" value="4" >
    </E>
    <E key="bigzombie | $damage_explosion" value="1" >
    </E>
    <E key="death_ghost | $damage_curse" value="10" >
    </E>
    <E key="drone_lasership | $damage_explosion" value="5" >
    </E>
    <E key="firemage | $damage_explosion" value="1" >
    </E>
    <E key="homunculus | $damage_projectile" value="11" >
    </E>
    <E key="lukki_minion | $damage_curse" value="2" >
    </E>
    <E key="lukki_minion | hit" value="1" >
    </E>
    <E key="orb_laseremitter_cutter | $damage_plasmabeam" value="1" >
    </E>
    <E key="physics_ragdoll_part_exploding | $damage_explosion" value="2" >
    </E>
    <E key="player | $damage_electricity" value="27" >
    </E>
    <E key="player | $damage_explosion" value="36" >
    </E>
    <E key="player | $damage_physicshit" value="2" >
    </E>
    <E key="player | $damage_plasmabeam" value="1" >
    </E>
    <E key="player | $damage_projectile" value="300" >
    </E>
    <E key="player | $damage_slice" value="11" >
    </E>
    <E key="roboguard | $damage_explosion" value="1" >
    </E>
    <E key="scavenger_clusterbomb | $damage_projectile" value="1" >
    </E>
    <E key="scavenger_grenade | $damage_projectile" value="3" >
    </E>
    <E key="scavenger_leader | $damage_explosion" value="2" >
    </E>
    <E key="scavenger_leader | $damage_projectile" value="2" >
    </E>
    <E key="scavenger_smg | $damage_melee" value="1" >
    </E>
    <E key="scavenger_smg | $damage_projectile" value="1" >
    </E>
    <E key="sniper | $damage_explosion" value="1" >
    </E>
    <E key="sniper | $damage_projectile" value="1" >
    </E>
    <E key="tank | $damage_explosion" value="1" >
    </E>
    <E key="tank | $damage_projectile" value="4" >
    </E>
    <E key="tank_rocket | $damage_projectile" value="2" >
    </E>
    <E key="worm | worm bite" value="1" >
    </E>
    <E key="worm_big | worm bite" value="1" >
    </E>
  </death_map>
  <kill_map>
    <E key="acidshooter" value="1" >
    </E>
    <E key="acidshot" value="3" >
    </E>
    <E key="berserkspirit" value="2" >
    </E>
    <E key="bigzombie" value="1" >
    </E>
    <E key="blob" value="1" >
    </E>
    <E key="chest_mimic" value="1" >
    </E>
    <E key="confusespirit" value="2" >
    </E>
    <E key="coward" value="1" >
    </E>
    <E key="dripping_water" value="1" >
    </E>
    <E key="drone_lasership" value="5" >
    </E>
    <E key="fish" value="14" >
    </E>
    <E key="glue" value="3" >
    </E>
    <E key="longleg" value="1" >
    </E>
    <E key="miner" value="11" >
    </E>
    <E key="miniblob" value="15" >
    </E>
    <E key="rat" value="1" >
    </E>
    <E key="scavenger_clusterbomb" value="2" >
    </E>
    <E key="scavenger_glue" value="1" >
    </E>
    <E key="scavenger_grenade" value="44" >
    </E>
    <E key="scavenger_heal" value="7" >
    </E>
    <E key="scavenger_shield" value="1" >
    </E>
    <E key="scavenger_smg" value="50" >
    </E>
    <E key="shotgunner" value="16" >
    </E>
    <E key="sniper" value="12" >
    </E>
    <E key="tank" value="1" >
    </E>
    <E key="tank_rocket" value="2" >
    </E>
    <E key="tentacler_small" value="2" >
    </E>
    <E key="thunderskull" value="6" >
    </E>
    <E key="turret_right" value="1" >
    </E>
  </kill_map>
</Stats>
