<Stats deaths="565" kills="420" player_kills="8" player_projectile_count="0" >
  <death_map>
    <E key="NULL | $damage_electricity" value="17" >
    </E>
    <E key="NULL | $damage_explosion" value="79" >
    </E>
    <E key="NULL | $damage_physicshit" value="51" >
    </E>
    <E key="NULL | damage from material: acid" value="5" >
    </E>
    <E key="beam_from_sky | $damage_plasmabeam" value="1" >
    </E>
    <E key="chest_mimic | $damage_melee" value="1" >
    </E>
    <E key="death_ghost | $damage_curse" value="5" >
    </E>
    <E key="drone_lasership | $damage_explosion" value="1" >
    </E>
    <E key="homunculus | $damage_projectile" value="4" >
    </E>
    <E key="iceskull | $damage_melee" value="2" >
    </E>
    <E key="lukki_minion | $damage_curse" value="2" >
    </E>
    <E key="miner | $damage_explosion" value="1" >
    </E>
    <E key="orb_laseremitter_cutter | $damage_plasmabeam" value="4" >
    </E>
    <E key="physics_ragdoll_part_exploding | $damage_explosion" value="1" >
    </E>
    <E key="player | $damage_electricity" value="26" >
    </E>
    <E key="player | $damage_explosion" value="56" >
    </E>
    <E key="player | $damage_physicshit" value="1" >
    </E>
    <E key="player | $damage_plasmabeam" value="1" >
    </E>
    <E key="player | $damage_projectile" value="252" >
    </E>
    <E key="player | $damage_slice" value="10" >
    </E>
    <E key="slimeshooter_nontoxic | $damage_projectile" value="1" >
    </E>
    <E key="tank | $damage_explosion" value="7" >
    </E>
    <E key="tank_rocket | $damage_explosion" value="1" >
    </E>
    <E key="thundermage | $damage_electricity" value="2" >
    </E>
    <E key="thundermage | $damage_explosion" value="3" >
    </E>
    <E key="thunderskull | $damage_electricity" value="1" >
    </E>
    <E key="turret_left | $damage_projectile" value="1" >
    </E>
    <E key="worm | worm bite" value="8" >
    </E>
    <E key="worm_big | worm bite" value="14" >
    </E>
    <E key="worm_big_worm_rain | worm bite" value="1" >
    </E>
    <E key="worm_tiny | worm bite" value="6" >
    </E>
  </death_map>
  <kill_map>
    <E key="bat" value="2" >
    </E>
    <E key="berserkspirit" value="2" >
    </E>
    <E key="bigzombie" value="1" >
    </E>
    <E key="bigzombiehead" value="1" >
    </E>
    <E key="coward" value="1" >
    </E>
    <E key="drone_lasership" value="5" >
    </E>
    <E key="firebug" value="2" >
    </E>
    <E key="fish" value="4" >
    </E>
    <E key="giant" value="1" >
    </E>
    <E key="glue" value="2" >
    </E>
    <E key="iceskull" value="54" >
    </E>
    <E key="miner" value="1" >
    </E>
    <E key="miniblob" value="5" >
    </E>
    <E key="pebble_physics" value="2" >
    </E>
    <E key="pebble_player_physics" value="1" >
    </E>
    <E key="phantom_a" value="1" >
    </E>
    <E key="plague_rats_rat" value="2" >
    </E>
    <E key="player" value="8" >
    </E>
    <E key="playerghost" value="1" >
    </E>
    <E key="rat" value="277" >
    </E>
    <E key="roboguard" value="1" >
    </E>
    <E key="scavenger_grenade" value="4" >
    </E>
    <E key="scavenger_heal" value="5" >
    </E>
    <E key="scavenger_smg" value="5" >
    </E>
    <E key="sheep" value="1" >
    </E>
    <E key="shotgunner" value="2" >
    </E>
    <E key="slimeshooter" value="17" >
    </E>
    <E key="sniper" value="1" >
    </E>
    <E key="tank" value="7" >
    </E>
    <E key="thunderskull" value="3" >
    </E>
    <E key="worm_big" value="1" >
    </E>
  </kill_map>
</Stats>
