<Stats deaths="45" kills="22" player_kills="0" player_projectile_count="0" >
  <death_map>
    <E key="NULL | $damage_explosion" value="4" >
    </E>
    <E key="NULL | $damage_physicshit" value="2" >
    </E>
    <E key="enlightened_alchemist | $damage_explosion" value="2" >
    </E>
    <E key="homunculus | $damage_projectile" value="1" >
    </E>
    <E key="lasergun | $damage_explosion" value="1" >
    </E>
    <E key="lasergun | $damage_projectile" value="2" >
    </E>
    <E key="phantom_a | $damage_projectile" value="1" >
    </E>
    <E key="player | $damage_electricity" value="2" >
    </E>
    <E key="player | $damage_explosion" value="2" >
    </E>
    <E key="player | $damage_ice" value="1" >
    </E>
    <E key="player | $damage_projectile" value="22" >
    </E>
    <E key="player | $damage_slice" value="2" >
    </E>
    <E key="skullfly | $damage_projectile" value="1" >
    </E>
    <E key="tentacler_small | $damage_melee" value="2" >
    </E>
  </death_map>
  <kill_map>
    <E key="acidshooter" value="1" >
    </E>
    <E key="arrowtrap_left" value="1" >
    </E>
    <E key="enlightened_alchemist" value="2" >
    </E>
    <E key="lasergun" value="9" >
    </E>
    <E key="maggot" value="1" >
    </E>
    <E key="phantom_b" value="2" >
    </E>
    <E key="physics_torch_stand" value="1" >
    </E>
    <E key="scorpion" value="3" >
    </E>
    <E key="tentacler_small" value="2" >
    </E>
  </kill_map>
</Stats>
