<Stats deaths="1362" kills="352" player_kills="1" player_projectile_count="0" >
  <death_map>
    <E key="NULL | $damage_drowning" value="7" >
    </E>
    <E key="NULL | $damage_electricity" value="52" >
    </E>
    <E key="NULL | $damage_explosion" value="651" >
    </E>
    <E key="NULL | $damage_melee" value="1" >
    </E>
    <E key="NULL | $damage_physicshit" value="41" >
    </E>
    <E key="NULL | $damage_plasmabeam" value="1" >
    </E>
    <E key="NULL | $damage_projectile" value="5" >
    </E>
    <E key="ant | $damage_melee" value="30" >
    </E>
    <E key="bigzombie | $damage_melee" value="8" >
    </E>
    <E key="blob | $damage_melee" value="6" >
    </E>
    <E key="contact_damage | $damage_curse" value="3" >
    </E>
    <E key="death_ghost | $damage_curse" value="12" >
    </E>
    <E key="drone_lasership | $damage_projectile" value="1" >
    </E>
    <E key="drone_physics | $damage_projectile" value="2" >
    </E>
    <E key="firebug | $damage_melee" value="1" >
    </E>
    <E key="firemage | $damage_explosion" value="1" >
    </E>
    <E key="firemage | $damage_melee" value="1" >
    </E>
    <E key="frog_big | $damage_melee" value="1" >
    </E>
    <E key="fungus_giga | $damage_melee" value="1" >
    </E>
    <E key="fungus_tiny | $damage_melee" value="1" >
    </E>
    <E key="homunculus | $damage_projectile" value="3" >
    </E>
    <E key="maggot | $damage_explosion" value="2" >
    </E>
    <E key="miner | $damage_explosion" value="3" >
    </E>
    <E key="miner_weak | $damage_explosion" value="1" >
    </E>
    <E key="miniblob | $damage_melee" value="4" >
    </E>
    <E key="orb_laseremitter_cutter | $damage_plasmabeam" value="6" >
    </E>
    <E key="physics_die | $damage_explosion" value="1" >
    </E>
    <E key="physics_die | $damage_melee" value="2" >
    </E>
    <E key="physics_ragdoll_part_exploding | $damage_explosion" value="2" >
    </E>
    <E key="player | $damage_curse" value="1" >
    </E>
    <E key="player | $damage_drill" value="2" >
    </E>
    <E key="player | $damage_electricity" value="3" >
    </E>
    <E key="player | $damage_explosion" value="32" >
    </E>
    <E key="player | $damage_fire" value="1" >
    </E>
    <E key="player | $damage_hitfx_curse" value="1" >
    </E>
    <E key="player | $damage_ice" value="12" >
    </E>
    <E key="player | $damage_melee" value="1" >
    </E>
    <E key="player | $damage_plasmabeam" value="7" >
    </E>
    <E key="player | $damage_projectile" value="359" >
    </E>
    <E key="player | $damage_rock_curse" value="1" >
    </E>
    <E key="player | $damage_slice" value="24" >
    </E>
    <E key="player_rng_items | $damage_explosion" value="5" >
    </E>
    <E key="player_rng_items | $damage_projectile" value="1" >
    </E>
    <E key="playerghost | $damage_melee" value="1" >
    </E>
    <E key="playerghost | $damage_projectile" value="1" >
    </E>
    <E key="roboguard | $damage_explosion" value="1" >
    </E>
    <E key="roboguard | $damage_melee" value="1" >
    </E>
    <E key="roboguard | $damage_projectile" value="4" >
    </E>
    <E key="rock_curse | $damage_rock_curse" value="5" >
    </E>
    <E key="scavenger_clusterbomb | $damage_melee" value="1" >
    </E>
    <E key="scavenger_glue | $damage_melee" value="6" >
    </E>
    <E key="scavenger_glue | $damage_projectile" value="2" >
    </E>
    <E key="scavenger_invis | $damage_projectile" value="1" >
    </E>
    <E key="scavenger_invis | $damage_slice" value="1" >
    </E>
    <E key="shotgunner | $damage_melee" value="1" >
    </E>
    <E key="slimeshooter_nontoxic | $damage_projectile" value="3" >
    </E>
    <E key="sniper | $damage_explosion" value="2" >
    </E>
    <E key="sniper | $damage_melee" value="2" >
    </E>
    <E key="sniper | $damage_projectile" value="10" >
    </E>
    <E key="thundermage | $damage_explosion" value="2" >
    </E>
    <E key="thundermage | $damage_melee" value="3" >
    </E>
    <E key="thundermage | $damage_projectile" value="1" >
    </E>
    <E key="thunderskull | $damage_electricity" value="1" >
    </E>
    <E key="wizard_dark | $damage_projectile" value="1" >
    </E>
    <E key="wizard_swapper | $damage_fire" value="1" >
    </E>
    <E key="wizard_swapper | $damage_projectile" value="2" >
    </E>
    <E key="wizard_swapper | $damage_slice" value="1" >
    </E>
    <E key="wizard_twitchy | $damage_projectile" value="1" >
    </E>
    <E key="worm | worm bite" value="3" >
    </E>
    <E key="zombie | $damage_melee" value="4" >
    </E>
  </death_map>
  <kill_map>
    <E key="acidshooter" value="1" >
    </E>
    <E key="ant" value="6" >
    </E>
    <E key="bigfirebug" value="1" >
    </E>
    <E key="bigzombie" value="2" >
    </E>
    <E key="bigzombiehead" value="1" >
    </E>
    <E key="blob" value="6" >
    </E>
    <E key="chest_mimic" value="1" >
    </E>
    <E key="fly" value="1" >
    </E>
    <E key="frog" value="1" >
    </E>
    <E key="fungus" value="1" >
    </E>
    <E key="fungus_tiny" value="6" >
    </E>
    <E key="goblin_bomb" value="2" >
    </E>
    <E key="longleg" value="7" >
    </E>
    <E key="miner" value="1" >
    </E>
    <E key="miner_weak" value="2" >
    </E>
    <E key="miniblob" value="56" >
    </E>
    <E key="missilecrab" value="1" >
    </E>
    <E key="monk" value="1" >
    </E>
    <E key="player" value="1" >
    </E>
    <E key="playerghost" value="1" >
    </E>
    <E key="rat" value="167" >
    </E>
    <E key="scavenger_grenade" value="5" >
    </E>
    <E key="scavenger_invis" value="1" >
    </E>
    <E key="scavenger_smg" value="1" >
    </E>
    <E key="scorpion" value="1" >
    </E>
    <E key="shaman" value="1" >
    </E>
    <E key="sheep" value="9" >
    </E>
    <E key="sheep_bat" value="1" >
    </E>
    <E key="sheep_fly" value="1" >
    </E>
    <E key="shotgunner" value="1" >
    </E>
    <E key="shotgunner_weak" value="2" >
    </E>
    <E key="wizard_dark" value="5" >
    </E>
    <E key="wizard_swapper" value="2" >
    </E>
    <E key="zombie" value="53" >
    </E>
    <E key="zombie_weak" value="3" >
    </E>
  </kill_map>
</Stats>
