<Stats deaths="124" kills="0" player_kills="0" player_projectile_count="0" >
  <death_map>
    <E key="NULL | $damage_electricity" value="12" >
    </E>
    <E key="NULL | $damage_explosion" value="55" >
    </E>
    <E key="NULL | $damage_physicshit" value="3" >
    </E>
    <E key="NULL | physics body damaged" value="21" >
    </E>
    <E key="bigzombie | $damage_explosion" value="1" >
    </E>
    <E key="death_ghost | $damage_curse" value="3" >
    </E>
    <E key="icer | $damage_explosion" value="1" >
    </E>
    <E key="player | $damage_electricity" value="2" >
    </E>
    <E key="player | $damage_explosion" value="3" >
    </E>
    <E key="player | $damage_projectile" value="18" >
    </E>
    <E key="player | $damage_slice" value="1" >
    </E>
    <E key="roboguard | $damage_projectile" value="3" >
    </E>
    <E key="scavenger_glue | $damage_melee" value="1" >
    </E>
  </death_map>
  <kill_map>
  </kill_map>
</Stats>
