<Stats deaths="138" kills="62" player_kills="0" player_projectile_count="0" >
  <death_map>
    <E key="NULL | $damage_drowning" value="2" >
    </E>
    <E key="NULL | $damage_electricity" value="1" >
    </E>
    <E key="NULL | $damage_explosion" value="2" >
    </E>
    <E key="NULL | $damage_physicshit" value="14" >
    </E>
    <E key="death_ghost | $damage_curse" value="2" >
    </E>
    <E key="giant | $damage_explosion" value="1" >
    </E>
    <E key="orb_laseremitter_cutter | $damage_plasmabeam" value="2" >
    </E>
    <E key="player | $damage_drill" value="1" >
    </E>
    <E key="player | $damage_electricity" value="3" >
    </E>
    <E key="player | $damage_explosion" value="2" >
    </E>
    <E key="player | $damage_projectile" value="81" >
    </E>
    <E key="player | $damage_slice" value="9" >
    </E>
    <E key="rat | $damage_melee" value="1" >
    </E>
    <E key="scavenger_smg | $damage_projectile" value="1" >
    </E>
    <E key="sniper | $damage_projectile" value="2" >
    </E>
    <E key="tank | $damage_projectile" value="1" >
    </E>
    <E key="wizard_neutral | $damage_projectile" value="1" >
    </E>
    <E key="worm | worm bite" value="1" >
    </E>
    <E key="worm_big | worm bite" value="6" >
    </E>
    <E key="worm_tiny | worm bite" value="5" >
    </E>
  </death_map>
  <kill_map>
    <E key="giant" value="1" >
    </E>
    <E key="pebble_physics" value="1" >
    </E>
    <E key="rat" value="48" >
    </E>
    <E key="scavenger_grenade" value="4" >
    </E>
    <E key="scavenger_leader" value="1" >
    </E>
    <E key="scavenger_smg" value="1" >
    </E>
    <E key="scorpion" value="1" >
    </E>
    <E key="sniper" value="1" >
    </E>
    <E key="worm_tiny" value="4" >
    </E>
  </kill_map>
</Stats>
