<Stats deaths="194" kills="52" player_kills="3" player_projectile_count="0" >
  <death_map>
    <E key="NULL | $damage_drowning" value="6" >
    </E>
    <E key="NULL | $damage_explosion" value="5" >
    </E>
    <E key="NULL | $damage_fire" value="26" >
    </E>
    <E key="NULL | $damage_physicshit" value="23" >
    </E>
    <E key="NULL | $damage_plasmabeam" value="2" >
    </E>
    <E key="NULL | $damage_projectile" value="1" >
    </E>
    <E key="NULL | damage from material: acid" value="2" >
    </E>
    <E key="NULL | damage from material: lava" value="4" >
    </E>
    <E key="death_ghost | $damage_curse" value="1" >
    </E>
    <E key="homunculus | $damage_projectile" value="1" >
    </E>
    <E key="orb_laseremitter_cutter | $damage_plasmabeam" value="2" >
    </E>
    <E key="player | $damage_electricity" value="3" >
    </E>
    <E key="player | $damage_explosion" value="12" >
    </E>
    <E key="player | $damage_fire" value="3" >
    </E>
    <E key="player | $damage_ice" value="1" >
    </E>
    <E key="player | $damage_plasmabeam" value="3" >
    </E>
    <E key="player | $damage_projectile" value="73" >
    </E>
    <E key="player | $damage_slice" value="15" >
    </E>
    <E key="player_rng_items | $damage_projectile" value="1" >
    </E>
    <E key="player_rng_items | $damage_slice" value="2" >
    </E>
    <E key="playerghost | $damage_explosion" value="2" >
    </E>
    <E key="slimeshooter | $damage_projectile" value="1" >
    </E>
    <E key="tentacler | $damage_melee" value="1" >
    </E>
    <E key="worm | worm bite" value="2" >
    </E>
    <E key="worm_big | worm bite" value="1" >
    </E>
    <E key="worm_big_worm_rain | worm bite" value="1" >
    </E>
  </death_map>
  <kill_map>
    <E key="bat" value="4" >
    </E>
    <E key="firebug" value="9" >
    </E>
    <E key="goblin_bomb" value="4" >
    </E>
    <E key="miner" value="2" >
    </E>
    <E key="player" value="3" >
    </E>
    <E key="rat" value="27" >
    </E>
    <E key="shotgunner" value="3" >
    </E>
  </kill_map>
</Stats>
