<Stats deaths="33" kills="8" player_kills="0" player_projectile_count="0" >
  <death_map>
    <E key="NULL | $damage_electricity" value="3" >
    </E>
    <E key="NULL | $damage_explosion" value="5" >
    </E>
    <E key="NULL | $damage_physicshit" value="2" >
    </E>
    <E key="NULL | damage from material: lava" value="1" >
    </E>
    <E key="blob | $damage_melee" value="1" >
    </E>
    <E key="player | $damage_electricity" value="2" >
    </E>
    <E key="player | $damage_projectile" value="19" >
    </E>
  </death_map>
  <kill_map>
    <E key="acidshooter" value="1" >
    </E>
    <E key="miniblob" value="2" >
    </E>
    <E key="roboguard" value="1" >
    </E>
    <E key="scavenger_mine" value="1" >
    </E>
    <E key="tentacler" value="1" >
    </E>
    <E key="thunderskull" value="2" >
    </E>
  </kill_map>
</Stats>
