<Stats deaths="78" kills="22" player_kills="1" player_projectile_count="0" >
  <death_map>
    <E key="NULL | $damage_drowning" value="17" >
    </E>
    <E key="NULL | $damage_electricity" value="2" >
    </E>
    <E key="NULL | $damage_explosion" value="3" >
    </E>
    <E key="NULL | $damage_fire" value="4" >
    </E>
    <E key="NULL | $damage_physicshit" value="1" >
    </E>
    <E key="NULL | damage from material: acid" value="5" >
    </E>
    <E key="NULL | damage from material: freezing vapour" value="1" >
    </E>
    <E key="acidshooter | $damage_melee" value="1" >
    </E>
    <E key="blob | $damage_melee" value="1" >
    </E>
    <E key="drone_lasership | $damage_projectile" value="1" >
    </E>
    <E key="fly | $damage_melee" value="1" >
    </E>
    <E key="homunculus | $damage_projectile" value="1" >
    </E>
    <E key="lukki_dark | $damage_curse" value="1" >
    </E>
    <E key="necromancer_shop | $damage_explosion" value="1" >
    </E>
    <E key="player | $damage_explosion" value="2" >
    </E>
    <E key="player | $damage_ice" value="2" >
    </E>
    <E key="player | $damage_plasmabeam" value="1" >
    </E>
    <E key="player | $damage_projectile" value="18" >
    </E>
    <E key="player | $damage_slice" value="6" >
    </E>
    <E key="scavenger_glue | $damage_melee" value="1" >
    </E>
    <E key="shotgunner | $damage_projectile" value="1" >
    </E>
    <E key="slimeshooter | $damage_projectile" value="1" >
    </E>
    <E key="slimeshooter_nontoxic | $damage_projectile" value="1" >
    </E>
    <E key="sniper | $damage_projectile" value="1" >
    </E>
    <E key="thundermage | $damage_explosion" value="1" >
    </E>
    <E key="wizard_homing | $damage_projectile" value="1" >
    </E>
    <E key="worm | worm bite" value="1" >
    </E>
    <E key="worm_big_worm_rain | worm bite" value="1" >
    </E>
  </death_map>
  <kill_map>
    <E key="frog" value="1" >
    </E>
    <E key="lukki_longleg" value="1" >
    </E>
    <E key="maggot" value="1" >
    </E>
    <E key="miner" value="1" >
    </E>
    <E key="miniblob" value="1" >
    </E>
    <E key="player" value="1" >
    </E>
    <E key="rat" value="4" >
    </E>
    <E key="scavenger_grenade" value="1" >
    </E>
    <E key="scavenger_smg" value="4" >
    </E>
    <E key="shotgunner" value="4" >
    </E>
    <E key="slimeshooter" value="1" >
    </E>
    <E key="sniper" value="1" >
    </E>
    <E key="tank" value="1" >
    </E>
  </kill_map>
</Stats>
