<Stats deaths="3104" kills="460" player_kills="4" player_projectile_count="0" >
  <death_map>
    <E key="NULL | $damage_curse" value="1" >
    </E>
    <E key="NULL | $damage_drowning" value="87" >
    </E>
    <E key="NULL | $damage_electricity" value="16" >
    </E>
    <E key="NULL | $damage_explosion" value="217" >
    </E>
    <E key="NULL | $damage_fire" value="540" >
    </E>
    <E key="NULL | $damage_physicshit" value="212" >
    </E>
    <E key="NULL | $damage_plasmabeam" value="4" >
    </E>
    <E key="NULL | $damage_projectile" value="4" >
    </E>
    <E key="NULL | damage from material: Poison" value="2" >
    </E>
    <E key="NULL | damage from material: acid" value="9" >
    </E>
    <E key="NULL | damage from material: freezing vapour" value="7" >
    </E>
    <E key="NULL | damage from material: lava" value="98" >
    </E>
    <E key="NULL | damage from material: toxic gas" value="16" >
    </E>
    <E key="NULL | damage from material: toxic ice" value="2" >
    </E>
    <E key="NULL | damage from material: toxic rock" value="7" >
    </E>
    <E key="ant | $damage_melee" value="2" >
    </E>
    <E key="bat | $damage_explosion" value="3" >
    </E>
    <E key="bat | $damage_melee" value="8" >
    </E>
    <E key="bigbat | $damage_melee" value="4" >
    </E>
    <E key="bigfirebug | $damage_fire" value="10" >
    </E>
    <E key="bigfirebug | $damage_projectile" value="4" >
    </E>
    <E key="death_ghost | $damage_curse" value="33" >
    </E>
    <E key="firebug | $damage_fire" value="2" >
    </E>
    <E key="firebug | $damage_melee" value="1" >
    </E>
    <E key="goblin_bomb | $damage_explosion" value="5" >
    </E>
    <E key="goblin_bomb | $damage_melee" value="1" >
    </E>
    <E key="homunculus | $damage_projectile" value="16" >
    </E>
    <E key="miner | $damage_curse" value="1" >
    </E>
    <E key="miner | $damage_explosion" value="15" >
    </E>
    <E key="miner | $damage_melee" value="9" >
    </E>
    <E key="miner | $damage_projectile" value="1" >
    </E>
    <E key="necromancer | $damage_melee" value="9" >
    </E>
    <E key="orb_laseremitter_cutter | $damage_plasmabeam" value="3" >
    </E>
    <E key="physics_ragdoll_part_exploding | $damage_explosion" value="3" >
    </E>
    <E key="plague_rats_rat | $damage_melee" value="9" >
    </E>
    <E key="player | $damage_drill" value="5" >
    </E>
    <E key="player | $damage_electricity" value="12" >
    </E>
    <E key="player | $damage_explosion" value="119" >
    </E>
    <E key="player | $damage_fire" value="1" >
    </E>
    <E key="player | $damage_ice" value="23" >
    </E>
    <E key="player | $damage_melee" value="6" >
    </E>
    <E key="player | $damage_physicshit" value="3" >
    </E>
    <E key="player | $damage_plasmabeam" value="30" >
    </E>
    <E key="player | $damage_projectile" value="1091" >
    </E>
    <E key="player | $damage_rock_curse" value="3" >
    </E>
    <E key="player | $damage_slice" value="166" >
    </E>
    <E key="player | bzzt!" value="12" >
    </E>
    <E key="player | hit" value="2" >
    </E>
    <E key="player_rng_items | $damage_explosion" value="2" >
    </E>
    <E key="player_rng_items | $damage_projectile" value="20" >
    </E>
    <E key="player_rng_items | $damage_slice" value="17" >
    </E>
    <E key="playerghost | $damage_electricity" value="2" >
    </E>
    <E key="playerghost | $damage_explosion" value="3" >
    </E>
    <E key="playerghost | $damage_melee" value="2" >
    </E>
    <E key="playerghost | $damage_projectile" value="3" >
    </E>
    <E key="playerghost | $damage_slice" value="1" >
    </E>
    <E key="rat | $damage_melee" value="65" >
    </E>
    <E key="scavenger_grenade | $damage_projectile" value="1" >
    </E>
    <E key="scavenger_mine | $damage_melee" value="1" >
    </E>
    <E key="shaman | $damage_projectile" value="1" >
    </E>
    <E key="shotgunner | $damage_melee" value="20" >
    </E>
    <E key="shotgunner | $damage_projectile" value="30" >
    </E>
    <E key="slimeshooter | $damage_explosion" value="18" >
    </E>
    <E key="slimeshooter | $damage_melee" value="1" >
    </E>
    <E key="slimeshooter | $damage_projectile" value="12" >
    </E>
    <E key="sunbaby | $damage_sun" value="11" >
    </E>
    <E key="sunegg | $damage_sun" value="11" >
    </E>
    <E key="tank | $damage_projectile" value="2" >
    </E>
    <E key="tentacle_portal | $damage_melee" value="3" >
    </E>
    <E key="tentacler | $damage_melee" value="6" >
    </E>
    <E key="thundermage | $damage_electricity" value="1" >
    </E>
    <E key="thundermage | $damage_explosion" value="1" >
    </E>
    <E key="worm | worm bite" value="17" >
    </E>
    <E key="worm_big | worm bite" value="5" >
    </E>
    <E key="worm_big_worm_rain | worm bite" value="2" >
    </E>
    <E key="worm_tiny | worm bite" value="12" >
    </E>
  </death_map>
  <kill_map>
    <E key="acidshooter_weak" value="1" >
    </E>
    <E key="alchemist" value="1" >
    </E>
    <E key="bat" value="11" >
    </E>
    <E key="bigfirebug" value="3" >
    </E>
    <E key="drone_physics" value="1" >
    </E>
    <E key="firebug" value="66" >
    </E>
    <E key="fireskull" value="1" >
    </E>
    <E key="fish" value="1" >
    </E>
    <E key="goblin_bomb" value="9" >
    </E>
    <E key="longleg" value="2" >
    </E>
    <E key="miner" value="20" >
    </E>
    <E key="plague_rats_rat" value="1" >
    </E>
    <E key="player" value="4" >
    </E>
    <E key="player_rng_items" value="1" >
    </E>
    <E key="rat" value="314" >
    </E>
    <E key="sheep" value="1" >
    </E>
    <E key="sheep_bat" value="1" >
    </E>
    <E key="shotgunner" value="16" >
    </E>
    <E key="wizard_swapper" value="1" >
    </E>
    <E key="zombie" value="5" >
    </E>
  </kill_map>
</Stats>
