<Stats deaths="42" kills="8" player_kills="1" player_projectile_count="0" >
  <death_map>
    <E key="NULL | $damage_explosion" value="4" >
    </E>
    <E key="NULL | $damage_physicshit" value="1" >
    </E>
    <E key="NULL | damage from material: Cursed rock" value="1" >
    </E>
    <E key="NULL | damage from material: lava" value="1" >
    </E>
    <E key="homunculus | $damage_projectile" value="1" >
    </E>
    <E key="orb_laseremitter | $damage_plasmabeam" value="1" >
    </E>
    <E key="player | $damage_explosion" value="8" >
    </E>
    <E key="player | $damage_ice" value="1" >
    </E>
    <E key="player | $damage_projectile" value="16" >
    </E>
    <E key="wand_ghost | $damage_explosion" value="5" >
    </E>
    <E key="wand_ghost | bzzt!" value="1" >
    </E>
    <E key="wizard_returner | $damage_explosion" value="1" >
    </E>
    <E key="wizard_returner | $damage_projectile" value="1" >
    </E>
  </death_map>
  <kill_map>
    <E key="failed_alchemist" value="1" >
    </E>
    <E key="player" value="1" >
    </E>
    <E key="wand_ghost" value="6" >
    </E>
  </kill_map>
</Stats>
