<Stats deaths="33" kills="25" player_kills="0" player_projectile_count="0" >
  <death_map>
    <E key="NULL | $damage_drowning" value="2" >
    </E>
    <E key="NULL | $damage_explosion" value="3" >
    </E>
    <E key="NULL | $damage_radioactive" value="1" >
    </E>
    <E key="meatmaggot | worm bite" value="1" >
    </E>
    <E key="miner_hell | $damage_explosion" value="9" >
    </E>
    <E key="player | $damage_projectile" value="10" >
    </E>
    <E key="walleye | $damage_explosion" value="4" >
    </E>
    <E key="walleye | $damage_projectile" value="2" >
    </E>
    <E key="worm_big | worm bite" value="1" >
    </E>
  </death_map>
  <kill_map>
    <E key="miner_hell" value="9" >
    </E>
    <E key="rat" value="10" >
    </E>
    <E key="tnt_hell" value="3" >
    </E>
    <E key="walleye" value="2" >
    </E>
    <E key="wallmouth" value="1" >
    </E>
  </kill_map>
</Stats>
