<Stats deaths="345" kills="187" player_kills="0" player_projectile_count="0" >
  <death_map>
    <E key="NULL | $damage_drowning" value="9" >
    </E>
    <E key="NULL | $damage_electricity" value="6" >
    </E>
    <E key="NULL | $damage_explosion" value="61" >
    </E>
    <E key="NULL | $damage_fire" value="3" >
    </E>
    <E key="NULL | $damage_physicshit" value="34" >
    </E>
    <E key="NULL | $damage_projectile" value="1" >
    </E>
    <E key="NULL | $damage_radioactive" value="18" >
    </E>
    <E key="NULL | damage from material: freezing vapour" value="7" >
    </E>
    <E key="death_ghost | $damage_curse" value="8" >
    </E>
    <E key="giant | $damage_melee" value="1" >
    </E>
    <E key="homunculus | $damage_projectile" value="2" >
    </E>
    <E key="lukki_dark | $damage_curse" value="1" >
    </E>
    <E key="orb_laseremitter_cutter | $damage_plasmabeam" value="1" >
    </E>
    <E key="physics_ragdoll_part_exploding | $damage_explosion" value="2" >
    </E>
    <E key="player | $damage_electricity" value="2" >
    </E>
    <E key="player | $damage_explosion" value="18" >
    </E>
    <E key="player | $damage_ice" value="6" >
    </E>
    <E key="player | $damage_physicshit" value="1" >
    </E>
    <E key="player | $damage_projectile" value="143" >
    </E>
    <E key="player | $damage_slice" value="10" >
    </E>
    <E key="scavenger_clusterbomb | $damage_projectile" value="1" >
    </E>
    <E key="scavenger_grenade | $damage_melee" value="1" >
    </E>
    <E key="scavenger_leader | $damage_explosion" value="1" >
    </E>
    <E key="worm | worm bite" value="3" >
    </E>
    <E key="worm_big | worm bite" value="5" >
    </E>
  </death_map>
  <kill_map>
    <E key="acidshot" value="1" >
    </E>
    <E key="berserkspirit" value="1" >
    </E>
    <E key="bigzombie" value="4" >
    </E>
    <E key="bigzombiehead" value="2" >
    </E>
    <E key="bigzombietorso" value="6" >
    </E>
    <E key="bloom" value="1" >
    </E>
    <E key="drone_lasership" value="4" >
    </E>
    <E key="fly" value="1" >
    </E>
    <E key="glue" value="6" >
    </E>
    <E key="iceskull" value="6" >
    </E>
    <E key="miniblob" value="2" >
    </E>
    <E key="physics_torch_stand" value="1" >
    </E>
    <E key="player_rng_items" value="1" >
    </E>
    <E key="rat" value="84" >
    </E>
    <E key="scavenger_glue" value="1" >
    </E>
    <E key="scavenger_grenade" value="37" >
    </E>
    <E key="scavenger_heal" value="5" >
    </E>
    <E key="scavenger_invis" value="1" >
    </E>
    <E key="scavenger_leader" value="1" >
    </E>
    <E key="scavenger_smg" value="11" >
    </E>
    <E key="shotgunner" value="1" >
    </E>
    <E key="slimeshooter" value="3" >
    </E>
    <E key="slimeshooter_nontoxic" value="1" >
    </E>
    <E key="sniper" value="2" >
    </E>
    <E key="tentacler" value="1" >
    </E>
    <E key="thunderskull" value="1" >
    </E>
    <E key="wizard_twitchy" value="1" >
    </E>
    <E key="worm_tiny" value="1" >
    </E>
  </kill_map>
</Stats>
