<Stats deaths="11378" kills="467" player_kills="11" player_projectile_count="0" >
  <death_map>
    <E key="NULL | $damage_drowning" value="350" >
    </E>
    <E key="NULL | $damage_electricity" value="40" >
    </E>
    <E key="NULL | $damage_explosion" value="367" >
    </E>
    <E key="NULL | $damage_fire" value="1448" >
    </E>
    <E key="NULL | $damage_melee" value="16" >
    </E>
    <E key="NULL | $damage_physicshit" value="332" >
    </E>
    <E key="NULL | $damage_plasmabeam" value="17" >
    </E>
    <E key="NULL | $damage_projectile" value="14" >
    </E>
    <E key="NULL | damage from material: Poison" value="6" >
    </E>
    <E key="NULL | damage from material: acid" value="92" >
    </E>
    <E key="NULL | damage from material: freezing liquid" value="3" >
    </E>
    <E key="NULL | damage from material: freezing vapour" value="3" >
    </E>
    <E key="NULL | damage from material: lava" value="57" >
    </E>
    <E key="NULL | damage from material: toxic gas" value="1" >
    </E>
    <E key="NULL | damage from material: toxic ice" value="1" >
    </E>
    <E key="NULL | damage from material: toxic rock" value="202" >
    </E>
    <E key="acidshooter | $damage_projectile" value="1" >
    </E>
    <E key="acidshooter_weak | $damage_melee" value="2" >
    </E>
    <E key="acidshooter_weak | $damage_projectile" value="26" >
    </E>
    <E key="assassin | $damage_melee" value="1" >
    </E>
    <E key="blob | $damage_melee" value="3" >
    </E>
    <E key="bloom | $damage_projectile" value="1" >
    </E>
    <E key="broken_wand | $damage_slice" value="1" >
    </E>
    <E key="contact_damage | $damage_curse" value="1" >
    </E>
    <E key="death_ghost | $damage_curse" value="9" >
    </E>
    <E key="firebug | $damage_fire" value="1" >
    </E>
    <E key="firemage_weak | $damage_explosion" value="10" >
    </E>
    <E key="firemage_weak | $damage_fire" value="55" >
    </E>
    <E key="firemage_weak | $damage_melee" value="21" >
    </E>
    <E key="firemage_weak | $damage_projectile" value="1" >
    </E>
    <E key="fireskull | $damage_melee" value="1" >
    </E>
    <E key="flamer | $damage_explosion" value="1" >
    </E>
    <E key="fungus | $damage_melee" value="1" >
    </E>
    <E key="giantshooter_weak | $damage_melee" value="12" >
    </E>
    <E key="goblin_bomb | $damage_explosion" value="1" >
    </E>
    <E key="homunculus | $damage_projectile" value="23" >
    </E>
    <E key="iceskull | $damage_ice" value="1" >
    </E>
    <E key="longleg | $damage_melee" value="189" >
    </E>
    <E key="maggot | $damage_explosion" value="1" >
    </E>
    <E key="miner_weak | $damage_explosion" value="1465" >
    </E>
    <E key="miner_weak | $damage_fire" value="1" >
    </E>
    <E key="miner_weak | $damage_melee" value="1044" >
    </E>
    <E key="miner_weak | $damage_projectile" value="13" >
    </E>
    <E key="miner_weak | $damage_slice" value="8" >
    </E>
    <E key="miniblob | $damage_melee" value="1" >
    </E>
    <E key="orb_laseremitter | $damage_plasmabeam" value="1" >
    </E>
    <E key="orb_laseremitter_cutter | $damage_plasmabeam" value="1" >
    </E>
    <E key="physics_die | $damage_fire" value="1" >
    </E>
    <E key="physics_ragdoll_part_exploding | $damage_explosion" value="1" >
    </E>
    <E key="player | $damage_curse" value="11" >
    </E>
    <E key="player | $damage_drill" value="1" >
    </E>
    <E key="player | $damage_electricity" value="2" >
    </E>
    <E key="player | $damage_explosion" value="54" >
    </E>
    <E key="player | $damage_fire" value="9" >
    </E>
    <E key="player | $damage_ice" value="9" >
    </E>
    <E key="player | $damage_melee" value="4" >
    </E>
    <E key="player | $damage_physicshit" value="1" >
    </E>
    <E key="player | $damage_plasmabeam" value="10" >
    </E>
    <E key="player | $damage_projectile" value="2260" >
    </E>
    <E key="player | $damage_rock_curse" value="1" >
    </E>
    <E key="player | $damage_slice" value="443" >
    </E>
    <E key="player_rng_items | $damage_projectile" value="66" >
    </E>
    <E key="player_rng_items | $damage_slice" value="12" >
    </E>
    <E key="playerghost | $damage_melee" value="1" >
    </E>
    <E key="playerghost | $damage_projectile" value="4" >
    </E>
    <E key="scavenger_clusterbomb | $damage_projectile" value="1" >
    </E>
    <E key="scavenger_grenade | $damage_melee" value="1" >
    </E>
    <E key="shaman | $damage_projectile" value="4" >
    </E>
    <E key="shooterflower | $damage_projectile" value="1" >
    </E>
    <E key="shotgunner | $damage_projectile" value="3" >
    </E>
    <E key="shotgunner_weak | $damage_explosion" value="3" >
    </E>
    <E key="shotgunner_weak | $damage_fire" value="1" >
    </E>
    <E key="shotgunner_weak | $damage_melee" value="216" >
    </E>
    <E key="shotgunner_weak | $damage_projectile" value="1718" >
    </E>
    <E key="shotgunner_weak | $damage_slice" value="3" >
    </E>
    <E key="skullfly | $damage_projectile" value="1" >
    </E>
    <E key="skycrystal_physics | $damage_projectile" value="1" >
    </E>
    <E key="slimeshooter | $damage_explosion" value="1" >
    </E>
    <E key="slimeshooter | $damage_projectile" value="7" >
    </E>
    <E key="slimeshooter_nontoxic | $damage_melee" value="1" >
    </E>
    <E key="slimeshooter_nontoxic | $damage_projectile" value="9" >
    </E>
    <E key="slimeshooter_weak | $damage_explosion" value="17" >
    </E>
    <E key="slimeshooter_weak | $damage_melee" value="35" >
    </E>
    <E key="slimeshooter_weak | $damage_projectile" value="366" >
    </E>
    <E key="thundermage | $damage_electricity" value="1" >
    </E>
    <E key="thundermage | $damage_explosion" value="2" >
    </E>
    <E key="turret_right | $damage_projectile" value="1" >
    </E>
    <E key="worm | worm bite" value="140" >
    </E>
    <E key="worm_big | worm bite" value="5" >
    </E>
    <E key="worm_big_worm_rain | worm bite" value="1" >
    </E>
    <E key="worm_skull | worm bite" value="1" >
    </E>
    <E key="worm_tiny | worm bite" value="61" >
    </E>
    <E key="zombie | $damage_melee" value="20" >
    </E>
    <E key="zombie_weak | $damage_explosion" value="1" >
    </E>
    <E key="zombie_weak | $damage_melee" value="20" >
    </E>
  </death_map>
  <kill_map>
    <E key="acidshooter_weak" value="3" >
    </E>
    <E key="alchemist" value="1" >
    </E>
    <E key="longleg" value="299" >
    </E>
    <E key="miner_weak" value="68" >
    </E>
    <E key="miniblob" value="1" >
    </E>
    <E key="player" value="11" >
    </E>
    <E key="sheep" value="4" >
    </E>
    <E key="shotgunner_weak" value="15" >
    </E>
    <E key="slimeshooter" value="1" >
    </E>
    <E key="slimeshooter_weak" value="43" >
    </E>
    <E key="zombie_weak" value="21" >
    </E>
  </kill_map>
</Stats>
