<Stats deaths="228" kills="75" player_kills="0" player_projectile_count="0" >
  <death_map>
    <E key="NULL | $damage_drowning" value="10" >
    </E>
    <E key="NULL | $damage_electricity" value="1" >
    </E>
    <E key="NULL | $damage_explosion" value="104" >
    </E>
    <E key="NULL | $damage_fire" value="3" >
    </E>
    <E key="NULL | $damage_physicshit" value="5" >
    </E>
    <E key="NULL | $damage_projectile" value="2" >
    </E>
    <E key="NULL | damage from material: acid" value="9" >
    </E>
    <E key="NULL | damage from material: lava" value="2" >
    </E>
    <E key="NULL | damage from material: toxic rock" value="6" >
    </E>
    <E key="acidshooter | $damage_projectile" value="1" >
    </E>
    <E key="ant | $damage_melee" value="1" >
    </E>
    <E key="death_ghost | $damage_curse" value="3" >
    </E>
    <E key="firemage_weak | $damage_explosion" value="1" >
    </E>
    <E key="frog | $damage_melee" value="1" >
    </E>
    <E key="frog_big | $damage_melee" value="7" >
    </E>
    <E key="fungus_giga | $damage_melee" value="1" >
    </E>
    <E key="fungus_giga | $damage_projectile" value="1" >
    </E>
    <E key="lukki_minion | $damage_curse" value="1" >
    </E>
    <E key="miniblob | $damage_melee" value="1" >
    </E>
    <E key="orb_laseremitter_cutter | $damage_plasmabeam" value="1" >
    </E>
    <E key="player | $damage_explosion" value="4" >
    </E>
    <E key="player | $damage_ice" value="3" >
    </E>
    <E key="player | $damage_melee" value="1" >
    </E>
    <E key="player | $damage_projectile" value="51" >
    </E>
    <E key="player | $damage_slice" value="1" >
    </E>
    <E key="player_rng_items | $damage_projectile" value="2" >
    </E>
    <E key="player_rng_items | $damage_slice" value="1" >
    </E>
    <E key="roboguard_big | $damage_fire" value="1" >
    </E>
    <E key="shotgunner | $damage_melee" value="1" >
    </E>
    <E key="tentacler | $damage_melee" value="1" >
    </E>
    <E key="worm | worm bite" value="1" >
    </E>
  </death_map>
  <kill_map>
    <E key="acidshot" value="1" >
    </E>
    <E key="alchemist" value="1" >
    </E>
    <E key="ant" value="2" >
    </E>
    <E key="blob" value="1" >
    </E>
    <E key="firebug" value="1" >
    </E>
    <E key="fly" value="2" >
    </E>
    <E key="frog" value="20" >
    </E>
    <E key="frog_big" value="7" >
    </E>
    <E key="fungus" value="1" >
    </E>
    <E key="miner_weak" value="3" >
    </E>
    <E key="miniblob" value="17" >
    </E>
    <E key="rat" value="10" >
    </E>
    <E key="scavenger_invis" value="2" >
    </E>
    <E key="zombie" value="7" >
    </E>
  </kill_map>
</Stats>
