<Stats deaths="3858" kills="1830" player_kills="21" player_projectile_count="0" >
  <death_map>
    <E key="NULL | $damage_drowning" value="138" >
    </E>
    <E key="NULL | $damage_electricity" value="32" >
    </E>
    <E key="NULL | $damage_explosion" value="450" >
    </E>
    <E key="NULL | $damage_fire" value="362" >
    </E>
    <E key="NULL | $damage_ice" value="8" >
    </E>
    <E key="NULL | $damage_melee" value="2" >
    </E>
    <E key="NULL | $damage_physicshit" value="309" >
    </E>
    <E key="NULL | $damage_plasmabeam" value="2" >
    </E>
    <E key="NULL | $damage_projectile" value="5" >
    </E>
    <E key="NULL | $damage_radioactive" value="343" >
    </E>
    <E key="NULL | damage from material: Poison" value="1" >
    </E>
    <E key="NULL | damage from material: acid" value="27" >
    </E>
    <E key="NULL | damage from material: freezing liquid" value="28" >
    </E>
    <E key="NULL | damage from material: freezing vapour" value="41" >
    </E>
    <E key="NULL | damage from material: lava" value="84" >
    </E>
    <E key="NULL | damage from material: toxic gas" value="3" >
    </E>
    <E key="NULL | damage from material: toxic ice" value="1" >
    </E>
    <E key="NULL | damage from material: toxic rock" value="3" >
    </E>
    <E key="alchemist | $damage_explosion" value="1" >
    </E>
    <E key="ant | $damage_melee" value="1" >
    </E>
    <E key="bat | $damage_melee" value="16" >
    </E>
    <E key="bigbat | $damage_melee" value="3" >
    </E>
    <E key="bigfirebug | $damage_fire" value="5" >
    </E>
    <E key="bigfirebug | $damage_projectile" value="4" >
    </E>
    <E key="blob | $damage_melee" value="1" >
    </E>
    <E key="chest_mimic | $damage_melee" value="4" >
    </E>
    <E key="contact_damage | $damage_curse" value="2" >
    </E>
    <E key="death_ghost | $damage_curse" value="16" >
    </E>
    <E key="drone_lasership | $damage_explosion" value="2" >
    </E>
    <E key="drone_lasership | $damage_projectile" value="14" >
    </E>
    <E key="drone_physics | $damage_explosion" value="1" >
    </E>
    <E key="firebug | $damage_fire" value="34" >
    </E>
    <E key="firebug | $damage_melee" value="4" >
    </E>
    <E key="firemage_weak | $damage_explosion" value="2" >
    </E>
    <E key="frog | $damage_melee" value="1" >
    </E>
    <E key="goblin_bomb | $damage_explosion" value="2" >
    </E>
    <E key="homunculus | $damage_projectile" value="46" >
    </E>
    <E key="icemage | $damage_explosion" value="4" >
    </E>
    <E key="iceskull | $damage_explosion" value="70" >
    </E>
    <E key="iceskull | $damage_ice" value="19" >
    </E>
    <E key="iceskull | $damage_melee" value="2" >
    </E>
    <E key="lukki_minion | $damage_curse" value="5" >
    </E>
    <E key="miner | $damage_explosion" value="15" >
    </E>
    <E key="miner | $damage_melee" value="2" >
    </E>
    <E key="monk | $damage_projectile" value="1" >
    </E>
    <E key="orb_laseremitter | $damage_plasmabeam" value="1" >
    </E>
    <E key="orb_laseremitter_cutter | $damage_plasmabeam" value="6" >
    </E>
    <E key="orb_laseremitter_four | $damage_plasmabeam" value="1" >
    </E>
    <E key="pebble_physics | $damage_explosion" value="1" >
    </E>
    <E key="physics_ragdoll_part_exploding | $damage_explosion" value="3" >
    </E>
    <E key="player | $damage_curse" value="2" >
    </E>
    <E key="player | $damage_electricity" value="29" >
    </E>
    <E key="player | $damage_explosion" value="107" >
    </E>
    <E key="player | $damage_fire" value="1" >
    </E>
    <E key="player | $damage_ice" value="18" >
    </E>
    <E key="player | $damage_melee" value="1" >
    </E>
    <E key="player | $damage_physicshit" value="4" >
    </E>
    <E key="player | $damage_plasmabeam" value="13" >
    </E>
    <E key="player | $damage_projectile" value="1037" >
    </E>
    <E key="player | $damage_slice" value="173" >
    </E>
    <E key="player | bzzt!" value="3" >
    </E>
    <E key="player | hit" value="1" >
    </E>
    <E key="player_rng_items | $damage_explosion" value="2" >
    </E>
    <E key="player_rng_items | $damage_projectile" value="14" >
    </E>
    <E key="playerghost | $damage_electricity" value="1" >
    </E>
    <E key="playerghost | $damage_explosion" value="4" >
    </E>
    <E key="playerghost | $damage_melee" value="5" >
    </E>
    <E key="playerghost | $damage_projectile" value="8" >
    </E>
    <E key="playerghost | $damage_slice" value="2" >
    </E>
    <E key="rat | $damage_melee" value="28" >
    </E>
    <E key="roboguard | $damage_projectile" value="1" >
    </E>
    <E key="scavenger_grenade | $damage_melee" value="1" >
    </E>
    <E key="scavenger_grenade | $damage_projectile" value="3" >
    </E>
    <E key="scavenger_leader | $damage_explosion" value="1" >
    </E>
    <E key="scavenger_smg | $damage_explosion" value="1" >
    </E>
    <E key="scavenger_smg | $damage_melee" value="1" >
    </E>
    <E key="scavenger_smg | $damage_projectile" value="1" >
    </E>
    <E key="shaman | $damage_projectile" value="2" >
    </E>
    <E key="shotgunner | $damage_explosion" value="9" >
    </E>
    <E key="shotgunner | $damage_melee" value="2" >
    </E>
    <E key="shotgunner | $damage_projectile" value="3" >
    </E>
    <E key="shotgunner | $damage_rock_curse" value="1" >
    </E>
    <E key="slimeshooter | $damage_explosion" value="21" >
    </E>
    <E key="slimeshooter | $damage_projectile" value="2" >
    </E>
    <E key="sniper | $damage_explosion" value="1" >
    </E>
    <E key="sniper | $damage_melee" value="3" >
    </E>
    <E key="sniper | $damage_projectile" value="45" >
    </E>
    <E key="tank | $damage_explosion" value="1" >
    </E>
    <E key="tank | $damage_projectile" value="1" >
    </E>
    <E key="tank_rocket | $damage_projectile" value="3" >
    </E>
    <E key="tank_super | $damage_explosion" value="1" >
    </E>
    <E key="tentacle_portal | $damage_melee" value="2" >
    </E>
    <E key="tentacler | $damage_melee" value="1" >
    </E>
    <E key="thundermage | $damage_electricity" value="6" >
    </E>
    <E key="thundermage | $damage_explosion" value="8" >
    </E>
    <E key="thunderskull | $damage_explosion" value="3" >
    </E>
    <E key="thunderskull | $damage_melee" value="1" >
    </E>
    <E key="turret_left | $damage_projectile" value="2" >
    </E>
    <E key="turret_right | $damage_projectile" value="1" >
    </E>
    <E key="worm | worm bite" value="31" >
    </E>
    <E key="worm_big | worm bite" value="74" >
    </E>
    <E key="worm_big_worm_rain | worm bite" value="11" >
    </E>
    <E key="worm_tiny | worm bite" value="32" >
    </E>
    <E key="zombie | $damage_melee" value="1" >
    </E>
  </death_map>
  <kill_map>
    <E key="acidshooter" value="1" >
    </E>
    <E key="alchemist" value="1" >
    </E>
    <E key="bat" value="50" >
    </E>
    <E key="berserkspirit" value="1" >
    </E>
    <E key="bigfirebug" value="9" >
    </E>
    <E key="blob" value="1" >
    </E>
    <E key="bomb" value="2" >
    </E>
    <E key="chest_mimic" value="1" >
    </E>
    <E key="cocktail" value="1" >
    </E>
    <E key="coward" value="1" >
    </E>
    <E key="drone_physics" value="1" >
    </E>
    <E key="egg_hollow" value="1" >
    </E>
    <E key="firebug" value="74" >
    </E>
    <E key="fish" value="1" >
    </E>
    <E key="fish_large" value="1" >
    </E>
    <E key="frog" value="5" >
    </E>
    <E key="frog_big" value="1" >
    </E>
    <E key="glitter_bomb" value="3" >
    </E>
    <E key="glue" value="1" >
    </E>
    <E key="goblin_bomb" value="1" >
    </E>
    <E key="iceskull" value="60" >
    </E>
    <E key="longleg" value="2" >
    </E>
    <E key="mine" value="1" >
    </E>
    <E key="miner" value="9" >
    </E>
    <E key="miner_weak" value="1" >
    </E>
    <E key="miniblob" value="8" >
    </E>
    <E key="pebble_physics" value="4" >
    </E>
    <E key="pebble_player_physics" value="7" >
    </E>
    <E key="physics_barrel_radioactive" value="1" >
    </E>
    <E key="physics_lantern_small" value="2" >
    </E>
    <E key="plague_rats_rat" value="2" >
    </E>
    <E key="player" value="21" >
    </E>
    <E key="player_rng_items" value="2" >
    </E>
    <E key="polyorb" value="1" >
    </E>
    <E key="potion" value="2" >
    </E>
    <E key="rat" value="1368" >
    </E>
    <E key="scavenger_grenade" value="4" >
    </E>
    <E key="scavenger_heal" value="6" >
    </E>
    <E key="scavenger_smg" value="5" >
    </E>
    <E key="scorpion" value="2" >
    </E>
    <E key="shaman" value="2" >
    </E>
    <E key="shotgunner" value="15" >
    </E>
    <E key="slimeshooter" value="84" >
    </E>
    <E key="slimespirit" value="3" >
    </E>
    <E key="sniper" value="2" >
    </E>
    <E key="tnt" value="8" >
    </E>
    <E key="wizard_dark" value="1" >
    </E>
    <E key="worm_tiny" value="7" >
    </E>
    <E key="zombie" value="40" >
    </E>
    <E key="zombie_weak" value="3" >
    </E>
  </kill_map>
</Stats>
