<Stats deaths="13" kills="0" player_kills="0" player_projectile_count="0" >
  <death_map>
    <E key="NULL | $damage_explosion" value="1" >
    </E>
    <E key="NULL | $damage_physicshit" value="1" >
    </E>
    <E key="NULL | damage from material: lava" value="1" >
    </E>
    <E key="contact_damage | $damage_curse" value="1" >
    </E>
    <E key="player | $damage_explosion" value="1" >
    </E>
    <E key="player | $damage_projectile" value="5" >
    </E>
    <E key="player | $damage_rock_curse" value="1" >
    </E>
    <E key="wizard_hearty | $damage_projectile" value="1" >
    </E>
    <E key="wizard_returner | $damage_fire" value="1" >
    </E>
  </death_map>
  <kill_map>
  </kill_map>
</Stats>
