<Stats deaths="195" kills="6" player_kills="0" player_projectile_count="0" >
  <death_map>
    <E key="NULL | $damage_drowning" value="5" >
    </E>
    <E key="NULL | $damage_electricity" value="19" >
    </E>
    <E key="NULL | $damage_explosion" value="33" >
    </E>
    <E key="NULL | $damage_physicshit" value="1" >
    </E>
    <E key="NULL | damage from material: acid" value="12" >
    </E>
    <E key="NULL | damage from material: freezing vapour" value="2" >
    </E>
    <E key="NULL | damage from material: lava" value="3" >
    </E>
    <E key="bigzombie | $damage_melee" value="1" >
    </E>
    <E key="blob | $damage_melee" value="1" >
    </E>
    <E key="crystal_physics | $damage_projectile" value="1" >
    </E>
    <E key="death_ghost | $damage_curse" value="11" >
    </E>
    <E key="firemage | $damage_explosion" value="1" >
    </E>
    <E key="homunculus | $damage_projectile" value="1" >
    </E>
    <E key="physics_ragdoll_part_exploding | $damage_explosion" value="3" >
    </E>
    <E key="player | $damage_electricity" value="1" >
    </E>
    <E key="player | $damage_explosion" value="8" >
    </E>
    <E key="player | $damage_ice" value="8" >
    </E>
    <E key="player | $damage_projectile" value="60" >
    </E>
    <E key="player | $damage_slice" value="4" >
    </E>
    <E key="scavenger_glue | $damage_melee" value="3" >
    </E>
    <E key="scavenger_glue | $damage_projectile" value="2" >
    </E>
    <E key="scavenger_grenade | $damage_melee" value="2" >
    </E>
    <E key="scavenger_grenade | $damage_projectile" value="1" >
    </E>
    <E key="scavenger_leader | $damage_explosion" value="1" >
    </E>
    <E key="scavenger_leader | $damage_projectile" value="1" >
    </E>
    <E key="scavenger_mine | $damage_melee" value="1" >
    </E>
    <E key="scavenger_smg | $damage_melee" value="1" >
    </E>
    <E key="sniper | $damage_melee" value="1" >
    </E>
    <E key="sniper | $damage_projectile" value="1" >
    </E>
    <E key="tank | $damage_projectile" value="1" >
    </E>
    <E key="tank_rocket | $damage_projectile" value="3" >
    </E>
    <E key="tentacler_small | $damage_melee" value="1" >
    </E>
    <E key="worm | worm bite" value="1" >
    </E>
  </death_map>
  <kill_map>
    <E key="miniblob" value="1" >
    </E>
    <E key="scavenger_glue" value="1" >
    </E>
    <E key="scavenger_grenade" value="2" >
    </E>
    <E key="scavenger_smg" value="2" >
    </E>
  </kill_map>
</Stats>
