<Stats deaths="54" kills="14" player_kills="0" player_projectile_count="0" >
  <death_map>
    <E key="NULL | $damage_electricity" value="3" >
    </E>
    <E key="NULL | $damage_explosion" value="3" >
    </E>
    <E key="NULL | $damage_fire" value="5" >
    </E>
    <E key="homunculus | $damage_projectile" value="4" >
    </E>
    <E key="lukki_dark | $damage_curse" value="6" >
    </E>
    <E key="player | $damage_electricity" value="1" >
    </E>
    <E key="player | $damage_plasmabeam" value="1" >
    </E>
    <E key="player | $damage_projectile" value="26" >
    </E>
    <E key="player | $damage_slice" value="4" >
    </E>
    <E key="rock_curse | $damage_rock_curse" value="1" >
    </E>
  </death_map>
  <kill_map>
    <E key="chest_mimic" value="1" >
    </E>
    <E key="scorpion" value="7" >
    </E>
    <E key="thundermage" value="5" >
    </E>
    <E key="wizard_neutral" value="1" >
    </E>
  </kill_map>
</Stats>
