<Stats deaths="12" kills="3" player_kills="0" player_projectile_count="0" >
  <death_map>
    <E key="NULL | $damage_physicshit" value="1" >
    </E>
    <E key="player | $damage_electricity" value="1" >
    </E>
    <E key="player | $damage_projectile" value="6" >
    </E>
    <E key="player | $damage_slice" value="2" >
    </E>
    <E key="worm_end | worm bite" value="2" >
    </E>
  </death_map>
  <kill_map>
    <E key="failed_alchemist_b" value="1" >
    </E>
    <E key="thunderskull" value="2" >
    </E>
  </kill_map>
</Stats>
