<Stats deaths="204" kills="2" player_kills="0" player_projectile_count="0" >
  <death_map>
    <E key="NULL | $damage_explosion" value="65" >
    </E>
    <E key="NULL | $damage_fire" value="17" >
    </E>
    <E key="NULL | $damage_physicshit" value="1" >
    </E>
    <E key="NULL | $damage_projectile" value="9" >
    </E>
    <E key="NULL | damage from material: acid" value="20" >
    </E>
    <E key="NULL | damage from material: freezing vapour" value="1" >
    </E>
    <E key="NULL | damage from material: toxic rock" value="2" >
    </E>
    <E key="death_ghost | $damage_curse" value="2" >
    </E>
    <E key="homunculus | $damage_projectile" value="8" >
    </E>
    <E key="lukki_dark | $damage_curse" value="3" >
    </E>
    <E key="lurker | $damage_projectile" value="1" >
    </E>
    <E key="player | $damage_explosion" value="10" >
    </E>
    <E key="player | $damage_ice" value="2" >
    </E>
    <E key="player | $damage_projectile" value="61" >
    </E>
    <E key="player | $damage_slice" value="2" >
    </E>
  </death_map>
  <kill_map>
    <E key="miner_weak" value="1" >
    </E>
    <E key="miniblob" value="1" >
    </E>
  </kill_map>
</Stats>
