<Stats deaths="32" kills="5" player_kills="0" player_projectile_count="0" >
  <death_map>
    <E key="NULL | $damage_electricity" value="8" >
    </E>
    <E key="NULL | $damage_explosion" value="1" >
    </E>
    <E key="NULL | $damage_physicshit" value="2" >
    </E>
    <E key="death_ghost | $damage_curse" value="1" >
    </E>
    <E key="necromancer_shop | $damage_projectile" value="1" >
    </E>
    <E key="player | $damage_electricity" value="6" >
    </E>
    <E key="player | $damage_projectile" value="12" >
    </E>
    <E key="thunderskull | $damage_electricity" value="1" >
    </E>
  </death_map>
  <kill_map>
    <E key="healerdrone_physics" value="1" >
    </E>
    <E key="miniblob" value="1" >
    </E>
    <E key="scavenger_grenade" value="1" >
    </E>
    <E key="thunderskull" value="2" >
    </E>
  </kill_map>
</Stats>
