<Stats deaths="2436" kills="2446" player_kills="37" player_projectile_count="0" >
  <death_map>
    <E key="NULL | $damage_drowning" value="103" >
    </E>
    <E key="NULL | $damage_electricity" value="15" >
    </E>
    <E key="NULL | $damage_explosion" value="137" >
    </E>
    <E key="NULL | $damage_fire" value="448" >
    </E>
    <E key="NULL | $damage_melee" value="4" >
    </E>
    <E key="NULL | $damage_physicshit" value="98" >
    </E>
    <E key="NULL | $damage_plasmabeam" value="6" >
    </E>
    <E key="NULL | $damage_projectile" value="4" >
    </E>
    <E key="NULL | $damage_radioactive" value="277" >
    </E>
    <E key="NULL | damage from material: acid" value="59" >
    </E>
    <E key="NULL | damage from material: freezing vapour" value="1" >
    </E>
    <E key="NULL | damage from material: lava" value="24" >
    </E>
    <E key="NULL | damage from material: toxic gas" value="1" >
    </E>
    <E key="NULL | damage from material: toxic ice" value="1" >
    </E>
    <E key="NULL | damage from material: toxic rock" value="38" >
    </E>
    <E key="acidshooter_weak | $damage_melee" value="1" >
    </E>
    <E key="acidshooter_weak | $damage_projectile" value="4" >
    </E>
    <E key="basebot_neutralizer | $damage_projectile" value="1" >
    </E>
    <E key="blob | $damage_melee" value="2" >
    </E>
    <E key="death_ghost | $damage_curse" value="4" >
    </E>
    <E key="disc_bullet_big | bzzt!" value="1" >
    </E>
    <E key="firemage_weak | $damage_explosion" value="35" >
    </E>
    <E key="firemage_weak | $damage_fire" value="11" >
    </E>
    <E key="firemage_weak | $damage_melee" value="5" >
    </E>
    <E key="fireskull | $damage_melee" value="1" >
    </E>
    <E key="homunculus | $damage_projectile" value="4" >
    </E>
    <E key="longleg | $damage_melee" value="40" >
    </E>
    <E key="miner_weak | $damage_explosion" value="81" >
    </E>
    <E key="miner_weak | $damage_melee" value="2" >
    </E>
    <E key="player | $damage_explosion" value="34" >
    </E>
    <E key="player | $damage_fire" value="2" >
    </E>
    <E key="player | $damage_ice" value="1" >
    </E>
    <E key="player | $damage_kick" value="1" >
    </E>
    <E key="player | $damage_melee" value="1" >
    </E>
    <E key="player | $damage_plasmabeam" value="7" >
    </E>
    <E key="player | $damage_projectile" value="668" >
    </E>
    <E key="player | $damage_slice" value="109" >
    </E>
    <E key="player_rng_items | $damage_projectile" value="28" >
    </E>
    <E key="player_rng_items | $damage_slice" value="2" >
    </E>
    <E key="playerghost | $damage_melee" value="1" >
    </E>
    <E key="roboguard | $damage_projectile" value="1" >
    </E>
    <E key="shaman | $damage_projectile" value="3" >
    </E>
    <E key="shotgunner_weak | $damage_explosion" value="8" >
    </E>
    <E key="shotgunner_weak | $damage_projectile" value="3" >
    </E>
    <E key="shotgunner_weak | $damage_slice" value="1" >
    </E>
    <E key="slimeshooter_nontoxic | $damage_explosion" value="4" >
    </E>
    <E key="slimeshooter_weak | $damage_explosion" value="39" >
    </E>
    <E key="slimeshooter_weak | $damage_melee" value="2" >
    </E>
    <E key="slimeshooter_weak | $damage_projectile" value="13" >
    </E>
    <E key="thundermage | $damage_electricity" value="1" >
    </E>
    <E key="thunderskull | $damage_explosion" value="1" >
    </E>
    <E key="worm | worm bite" value="75" >
    </E>
    <E key="worm_big_worm_rain | worm bite" value="1" >
    </E>
    <E key="worm_tiny | worm bite" value="7" >
    </E>
    <E key="zombie_weak | $damage_melee" value="15" >
    </E>
  </death_map>
  <kill_map>
    <E key="acidshooter_weak" value="23" >
    </E>
    <E key="bomb" value="2" >
    </E>
    <E key="firemage_weak" value="2" >
    </E>
    <E key="fireskull" value="3" >
    </E>
    <E key="frog" value="4" >
    </E>
    <E key="giantshooter_weak" value="7" >
    </E>
    <E key="longleg" value="187" >
    </E>
    <E key="miner_weak" value="8" >
    </E>
    <E key="physics_lantern_small" value="4" >
    </E>
    <E key="player" value="37" >
    </E>
    <E key="player_rng_items" value="1" >
    </E>
    <E key="potion" value="1" >
    </E>
    <E key="potion_aggressive" value="1" >
    </E>
    <E key="shaman" value="1" >
    </E>
    <E key="sheep_bat" value="2" >
    </E>
    <E key="shotgunner_weak" value="12" >
    </E>
    <E key="slimeshooter" value="7" >
    </E>
    <E key="slimeshooter_nontoxic" value="1" >
    </E>
    <E key="slimeshooter_weak" value="151" >
    </E>
    <E key="tnt" value="37" >
    </E>
    <E key="worm_tiny" value="1" >
    </E>
    <E key="zombie" value="13" >
    </E>
    <E key="zombie_weak" value="1941" >
    </E>
  </kill_map>
</Stats>
