<Stats deaths="29" kills="29" player_kills="0" player_projectile_count="0" >
  <death_map>
    <E key="NULL | $damage_electricity" value="2" >
    </E>
    <E key="player | $damage_electricity" value="3" >
    </E>
    <E key="player | $damage_projectile" value="23" >
    </E>
    <E key="player | $damage_slice" value="1" >
    </E>
  </death_map>
  <kill_map>
    <E key="acidshooter" value="1" >
    </E>
    <E key="coward" value="1" >
    </E>
    <E key="glitter_bomb" value="8" >
    </E>
    <E key="glue" value="1" >
    </E>
    <E key="pebble_physics" value="2" >
    </E>
    <E key="polyshot" value="1" >
    </E>
    <E key="scavenger_smg" value="1" >
    </E>
    <E key="shooterflower" value="2" >
    </E>
    <E key="thunderskull" value="8" >
    </E>
    <E key="wizard_tele" value="3" >
    </E>
    <E key="wizard_twitchy" value="1" >
    </E>
  </kill_map>
</Stats>
