<Stats deaths="5081" kills="3653" player_kills="8" player_projectile_count="0" >
  <death_map>
    <E key="NULL | $damage_drowning" value="192" >
    </E>
    <E key="NULL | $damage_electricity" value="36" >
    </E>
    <E key="NULL | $damage_explosion" value="339" >
    </E>
    <E key="NULL | $damage_fire" value="1086" >
    </E>
    <E key="NULL | $damage_melee" value="6" >
    </E>
    <E key="NULL | $damage_physicshit" value="262" >
    </E>
    <E key="NULL | $damage_plasmabeam" value="6" >
    </E>
    <E key="NULL | $damage_projectile" value="7" >
    </E>
    <E key="NULL | $damage_radioactive" value="587" >
    </E>
    <E key="NULL | damage from material: Poison" value="3" >
    </E>
    <E key="NULL | damage from material: acid" value="82" >
    </E>
    <E key="NULL | damage from material: freezing vapour" value="1" >
    </E>
    <E key="NULL | damage from material: lava" value="28" >
    </E>
    <E key="NULL | damage from material: toxic gas" value="1" >
    </E>
    <E key="NULL | damage from material: toxic ice" value="1" >
    </E>
    <E key="NULL | damage from material: toxic rock" value="90" >
    </E>
    <E key="acidshooter_weak | $damage_projectile" value="2" >
    </E>
    <E key="blob | $damage_melee" value="2" >
    </E>
    <E key="death_ghost | $damage_curse" value="12" >
    </E>
    <E key="disc_bullet_big | bzzt!" value="1" >
    </E>
    <E key="firemage_weak | $damage_explosion" value="36" >
    </E>
    <E key="firemage_weak | $damage_fire" value="12" >
    </E>
    <E key="firemage_weak | $damage_melee" value="10" >
    </E>
    <E key="frog | $damage_melee" value="4" >
    </E>
    <E key="frog_big | $damage_melee" value="3" >
    </E>
    <E key="fungus_big | $damage_melee" value="1" >
    </E>
    <E key="giantshooter_weak | $damage_melee" value="2" >
    </E>
    <E key="homunculus | $damage_projectile" value="4" >
    </E>
    <E key="longleg | $damage_melee" value="72" >
    </E>
    <E key="miner_weak | $damage_explosion" value="231" >
    </E>
    <E key="miner_weak | $damage_melee" value="28" >
    </E>
    <E key="miniblob | $damage_melee" value="4" >
    </E>
    <E key="player | $damage_drill" value="2" >
    </E>
    <E key="player | $damage_electricity" value="7" >
    </E>
    <E key="player | $damage_explosion" value="50" >
    </E>
    <E key="player | $damage_fire" value="2" >
    </E>
    <E key="player | $damage_ice" value="6" >
    </E>
    <E key="player | $damage_melee" value="3" >
    </E>
    <E key="player | $damage_plasmabeam" value="19" >
    </E>
    <E key="player | $damage_projectile" value="1318" >
    </E>
    <E key="player | $damage_slice" value="113" >
    </E>
    <E key="player_rng_items | $damage_explosion" value="2" >
    </E>
    <E key="player_rng_items | $damage_projectile" value="37" >
    </E>
    <E key="player_rng_items | $damage_slice" value="5" >
    </E>
    <E key="playerghost | $damage_melee" value="6" >
    </E>
    <E key="playerghost | $damage_projectile" value="2" >
    </E>
    <E key="shaman | $damage_projectile" value="5" >
    </E>
    <E key="shotgunner | $damage_projectile" value="1" >
    </E>
    <E key="shotgunner_weak | $damage_explosion" value="2" >
    </E>
    <E key="shotgunner_weak | $damage_melee" value="3" >
    </E>
    <E key="shotgunner_weak | $damage_projectile" value="3" >
    </E>
    <E key="slimeshooter | $damage_projectile" value="8" >
    </E>
    <E key="slimeshooter_nontoxic | $damage_melee" value="1" >
    </E>
    <E key="slimeshooter_nontoxic | $damage_projectile" value="9" >
    </E>
    <E key="slimeshooter_weak | $damage_explosion" value="1" >
    </E>
    <E key="slimeshooter_weak | $damage_projectile" value="61" >
    </E>
    <E key="thunderskull | $damage_electricity" value="2" >
    </E>
    <E key="worm | worm bite" value="163" >
    </E>
    <E key="worm_big | worm bite" value="3" >
    </E>
    <E key="worm_big_worm_rain | worm bite" value="1" >
    </E>
    <E key="worm_end | worm bite" value="1" >
    </E>
    <E key="worm_tiny | worm bite" value="22" >
    </E>
    <E key="zombie | $damage_melee" value="4" >
    </E>
    <E key="zombie_weak | $damage_melee" value="68" >
    </E>
  </death_map>
  <kill_map>
    <E key="acidshooter" value="3" >
    </E>
    <E key="acidshooter_weak" value="23" >
    </E>
    <E key="acidshot" value="2" >
    </E>
    <E key="berserkspirit" value="1" >
    </E>
    <E key="blob" value="1" >
    </E>
    <E key="egg_slime" value="1" >
    </E>
    <E key="fireskull" value="9" >
    </E>
    <E key="fireskull_weak" value="1" >
    </E>
    <E key="fish" value="3" >
    </E>
    <E key="frog" value="25" >
    </E>
    <E key="fungus" value="1" >
    </E>
    <E key="giantshooter_weak" value="14" >
    </E>
    <E key="longleg" value="404" >
    </E>
    <E key="mine" value="2" >
    </E>
    <E key="miner_weak" value="259" >
    </E>
    <E key="miniblob" value="5" >
    </E>
    <E key="plague_rats_rat" value="1" >
    </E>
    <E key="player" value="8" >
    </E>
    <E key="potion" value="4" >
    </E>
    <E key="powder_stash" value="1" >
    </E>
    <E key="radioactive_blob" value="1" >
    </E>
    <E key="rat" value="4" >
    </E>
    <E key="root_grower" value="4" >
    </E>
    <E key="shaman" value="5" >
    </E>
    <E key="sheep_bat" value="1" >
    </E>
    <E key="sheep_fly" value="1" >
    </E>
    <E key="shotgunner_weak" value="83" >
    </E>
    <E key="slimeshooter" value="6" >
    </E>
    <E key="slimeshooter_nontoxic" value="1" >
    </E>
    <E key="slimeshooter_weak" value="181" >
    </E>
    <E key="tnt" value="3" >
    </E>
    <E key="worm_tiny" value="2" >
    </E>
    <E key="zombie" value="62" >
    </E>
    <E key="zombie_weak" value="2531" >
    </E>
  </kill_map>
</Stats>
