<Stats deaths="555" kills="87" player_kills="1" player_projectile_count="0" >
  <death_map>
    <E key="NULL | $damage_drowning" value="11" >
    </E>
    <E key="NULL | $damage_electricity" value="18" >
    </E>
    <E key="NULL | $damage_explosion" value="82" >
    </E>
    <E key="NULL | $damage_fire" value="36" >
    </E>
    <E key="NULL | $damage_physicshit" value="28" >
    </E>
    <E key="NULL | $damage_plasmabeam" value="1" >
    </E>
    <E key="NULL | damage from material: freezing vapour" value="2" >
    </E>
    <E key="NULL | damage from material: lava" value="2" >
    </E>
    <E key="ant | $damage_melee" value="3" >
    </E>
    <E key="beam_from_sky | $damage_plasmabeam" value="1" >
    </E>
    <E key="bigzombie | $damage_explosion" value="1" >
    </E>
    <E key="blob | $damage_melee" value="1" >
    </E>
    <E key="crystal_physics | $damage_projectile" value="2" >
    </E>
    <E key="death_ghost | $damage_curse" value="5" >
    </E>
    <E key="drone_lasership | $damage_projectile" value="1" >
    </E>
    <E key="drone_physics | $damage_projectile" value="1" >
    </E>
    <E key="enlightened_alchemist | $damage_projectile" value="1" >
    </E>
    <E key="flamer | $damage_fire" value="2" >
    </E>
    <E key="fly | $damage_melee" value="3" >
    </E>
    <E key="homunculus | $damage_projectile" value="15" >
    </E>
    <E key="lukki_minion | $damage_curse" value="2" >
    </E>
    <E key="miner_weak | $damage_explosion" value="3" >
    </E>
    <E key="missilecrab | $damage_projectile" value="1" >
    </E>
    <E key="necromancer | $damage_melee" value="1" >
    </E>
    <E key="orb_green | $damage_projectile" value="2" >
    </E>
    <E key="orb_laseremitter_cutter | $damage_plasmabeam" value="1" >
    </E>
    <E key="phantom_a | $damage_melee" value="3" >
    </E>
    <E key="phantom_b | $damage_melee" value="1" >
    </E>
    <E key="player | $damage_drill" value="2" >
    </E>
    <E key="player | $damage_electricity" value="7" >
    </E>
    <E key="player | $damage_explosion" value="17" >
    </E>
    <E key="player | $damage_ice" value="8" >
    </E>
    <E key="player | $damage_projectile" value="198" >
    </E>
    <E key="player | $damage_slice" value="20" >
    </E>
    <E key="player | bzzt!" value="1" >
    </E>
    <E key="player_rng_items | $damage_explosion" value="1" >
    </E>
    <E key="roboguard | $damage_explosion" value="3" >
    </E>
    <E key="roboguard | $damage_projectile" value="3" >
    </E>
    <E key="scavenger_clusterbomb | $damage_explosion" value="1" >
    </E>
    <E key="scavenger_invis | $damage_projectile" value="1" >
    </E>
    <E key="scavenger_poison | $damage_projectile" value="1" >
    </E>
    <E key="shotgunner | $damage_projectile" value="1" >
    </E>
    <E key="skullfly | $damage_fire" value="1" >
    </E>
    <E key="skullfly | $damage_melee" value="1" >
    </E>
    <E key="skullfly | $damage_projectile" value="1" >
    </E>
    <E key="skullrat | $damage_melee" value="11" >
    </E>
    <E key="skycrystal_physics | $damage_projectile" value="1" >
    </E>
    <E key="slimeshooter_nontoxic | $damage_explosion" value="4" >
    </E>
    <E key="slimeshooter_nontoxic | $damage_projectile" value="1" >
    </E>
    <E key="sniper | $damage_explosion" value="2" >
    </E>
    <E key="sniper | $damage_projectile" value="4" >
    </E>
    <E key="spearbot | $damage_holy" value="1" >
    </E>
    <E key="tank_rocket | $damage_explosion" value="1" >
    </E>
    <E key="tentacler | $damage_melee" value="1" >
    </E>
    <E key="thundermage | $damage_electricity" value="1" >
    </E>
    <E key="thunderskull | $damage_electricity" value="2" >
    </E>
    <E key="wizard_dark | $damage_projectile" value="2" >
    </E>
    <E key="worm | worm bite" value="12" >
    </E>
    <E key="worm_big | worm bite" value="9" >
    </E>
    <E key="worm_skull | worm bite" value="6" >
    </E>
  </death_map>
  <kill_map>
    <E key="acidshot" value="1" >
    </E>
    <E key="ant" value="1" >
    </E>
    <E key="chest_mimic" value="1" >
    </E>
    <E key="dripping_radioactive" value="1" >
    </E>
    <E key="fish" value="2" >
    </E>
    <E key="fly" value="1" >
    </E>
    <E key="frog_big" value="1" >
    </E>
    <E key="fungus" value="1" >
    </E>
    <E key="glue" value="1" >
    </E>
    <E key="longleg" value="2" >
    </E>
    <E key="miniblob" value="1" >
    </E>
    <E key="player" value="1" >
    </E>
    <E key="playerghost" value="1" >
    </E>
    <E key="potion" value="1" >
    </E>
    <E key="rat" value="32" >
    </E>
    <E key="scavenger_invis" value="1" >
    </E>
    <E key="scorpion" value="30" >
    </E>
    <E key="wizard_dark" value="1" >
    </E>
    <E key="wizard_swapper" value="3" >
    </E>
    <E key="zombie" value="3" >
    </E>
    <E key="zombie_weak" value="1" >
    </E>
  </kill_map>
</Stats>
