<Stats deaths="215" kills="24" player_kills="3" player_projectile_count="0" >
  <death_map>
    <E key="NULL | $damage_drowning" value="8" >
    </E>
    <E key="NULL | $damage_electricity" value="2" >
    </E>
    <E key="NULL | $damage_explosion" value="22" >
    </E>
    <E key="NULL | $damage_fire" value="2" >
    </E>
    <E key="NULL | $damage_physicshit" value="14" >
    </E>
    <E key="NULL | $damage_radioactive" value="16" >
    </E>
    <E key="boss_alchemist | $damage_projectile" value="1" >
    </E>
    <E key="death_ghost | $damage_curse" value="2" >
    </E>
    <E key="homunculus | $damage_projectile" value="8" >
    </E>
    <E key="lukki_dark | $damage_curse" value="2" >
    </E>
    <E key="physics_die | $damage_explosion" value="1" >
    </E>
    <E key="player | $damage_drill" value="1" >
    </E>
    <E key="player | $damage_electricity" value="1" >
    </E>
    <E key="player | $damage_explosion" value="10" >
    </E>
    <E key="player | $damage_ice" value="7" >
    </E>
    <E key="player | $damage_plasmabeam" value="1" >
    </E>
    <E key="player | $damage_projectile" value="97" >
    </E>
    <E key="player | $damage_rock_curse" value="1" >
    </E>
    <E key="player | $damage_slice" value="14" >
    </E>
    <E key="scavenger_clusterbomb | $damage_explosion" value="1" >
    </E>
    <E key="scavenger_clusterbomb | $damage_projectile" value="1" >
    </E>
    <E key="scavenger_poison | $damage_explosion" value="1" >
    </E>
    <E key="shooterflower | $damage_projectile" value="1" >
    </E>
    <E key="worm | worm bite" value="1" >
    </E>
  </death_map>
  <kill_map>
    <E key="acidshooter" value="1" >
    </E>
    <E key="fly" value="2" >
    </E>
    <E key="iceskull" value="1" >
    </E>
    <E key="miniblob" value="3" >
    </E>
    <E key="physics_torch_stand" value="1" >
    </E>
    <E key="player" value="3" >
    </E>
    <E key="playerghost" value="1" >
    </E>
    <E key="rat" value="7" >
    </E>
    <E key="scavenger_grenade" value="1" >
    </E>
    <E key="scavenger_invis" value="1" >
    </E>
    <E key="scavenger_poison" value="1" >
    </E>
    <E key="shooterflower" value="1" >
    </E>
    <E key="zombie" value="1" >
    </E>
  </kill_map>
</Stats>
