<Stats deaths="284" kills="66" player_kills="1" player_projectile_count="0" >
  <death_map>
    <E key="NULL | $damage_drowning" value="12" >
    </E>
    <E key="NULL | $damage_explosion" value="84" >
    </E>
    <E key="NULL | $damage_physicshit" value="8" >
    </E>
    <E key="NULL | $damage_plasmabeam" value="1" >
    </E>
    <E key="NULL | $damage_projectile" value="2" >
    </E>
    <E key="NULL | damage from material: acid" value="7" >
    </E>
    <E key="NULL | damage from material: lava" value="10" >
    </E>
    <E key="assassin | $damage_melee" value="1" >
    </E>
    <E key="death_ghost | $damage_curse" value="5" >
    </E>
    <E key="drone_lasership | $damage_projectile" value="6" >
    </E>
    <E key="flamer | $damage_explosion" value="3" >
    </E>
    <E key="gazer | $damage_projectile" value="2" >
    </E>
    <E key="homunculus | $damage_projectile" value="12" >
    </E>
    <E key="icer | $damage_explosion" value="2" >
    </E>
    <E key="missilecrab | $damage_projectile" value="2" >
    </E>
    <E key="monk | $damage_projectile" value="2" >
    </E>
    <E key="orb_green | $damage_projectile" value="1" >
    </E>
    <E key="phantom_a | $damage_melee" value="1" >
    </E>
    <E key="player | $damage_explosion" value="13" >
    </E>
    <E key="player | $damage_projectile" value="59" >
    </E>
    <E key="player | $damage_rock_curse" value="1" >
    </E>
    <E key="player | $damage_slice" value="3" >
    </E>
    <E key="roboguard | $damage_explosion" value="1" >
    </E>
    <E key="roboguard | $damage_melee" value="1" >
    </E>
    <E key="roboguard | $damage_projectile" value="4" >
    </E>
    <E key="scavenger_grenade | $damage_projectile" value="5" >
    </E>
    <E key="scavenger_leader | $damage_projectile" value="1" >
    </E>
    <E key="scavenger_smg | $damage_projectile" value="2" >
    </E>
    <E key="skycrystal_physics | $damage_projectile" value="4" >
    </E>
    <E key="skygazer | $damage_projectile" value="1" >
    </E>
    <E key="slimeshooter | $damage_projectile" value="1" >
    </E>
    <E key="sniper | $damage_projectile" value="6" >
    </E>
    <E key="spearbot | $damage_holy" value="1" >
    </E>
    <E key="spearbot | $damage_projectile" value="7" >
    </E>
    <E key="spitmonster | $damage_projectile" value="1" >
    </E>
    <E key="tank | $damage_explosion" value="1" >
    </E>
    <E key="tank | $damage_projectile" value="2" >
    </E>
    <E key="tank_rocket | $damage_projectile" value="1" >
    </E>
    <E key="tentacler | $damage_melee" value="1" >
    </E>
    <E key="thundermage | $damage_explosion" value="2" >
    </E>
    <E key="thundermage_big | $damage_explosion" value="4" >
    </E>
    <E key="worm_end | worm bite" value="1" >
    </E>
  </death_map>
  <kill_map>
    <E key="acidshooter" value="2" >
    </E>
    <E key="acidshooter_weak" value="1" >
    </E>
    <E key="blob" value="1" >
    </E>
    <E key="firebug" value="2" >
    </E>
    <E key="icer" value="1" >
    </E>
    <E key="lavashot" value="1" >
    </E>
    <E key="longleg" value="3" >
    </E>
    <E key="miner_weak" value="2" >
    </E>
    <E key="miniblob" value="7" >
    </E>
    <E key="player" value="1" >
    </E>
    <E key="rat" value="19" >
    </E>
    <E key="scavenger_grenade" value="3" >
    </E>
    <E key="scavenger_smg" value="4" >
    </E>
    <E key="scorpion" value="5" >
    </E>
    <E key="shotgunner" value="4" >
    </E>
    <E key="shotgunner_weak" value="1" >
    </E>
    <E key="slimeshooter" value="3" >
    </E>
    <E key="slimeshooter_weak" value="1" >
    </E>
    <E key="sniper" value="1" >
    </E>
    <E key="tank" value="1" >
    </E>
    <E key="turret_left" value="1" >
    </E>
    <E key="turret_right" value="1" >
    </E>
    <E key="wraith" value="1" >
    </E>
  </kill_map>
</Stats>
