<Stats deaths="2891" kills="271" player_kills="3" player_projectile_count="0" >
  <death_map>
    <E key="NULL | $damage_drowning" value="40" >
    </E>
    <E key="NULL | $damage_electricity" value="2" >
    </E>
    <E key="NULL | $damage_explosion" value="413" >
    </E>
    <E key="NULL | $damage_fire" value="3" >
    </E>
    <E key="NULL | $damage_melee" value="2" >
    </E>
    <E key="NULL | $damage_physicshit" value="191" >
    </E>
    <E key="NULL | $damage_plasmabeam" value="2" >
    </E>
    <E key="NULL | $damage_projectile" value="2" >
    </E>
    <E key="NULL | $damage_slice" value="1" >
    </E>
    <E key="NULL | $damage_water" value="47" >
    </E>
    <E key="NULL | damage from material: Water" value="492" >
    </E>
    <E key="NULL | damage from material: acid" value="7" >
    </E>
    <E key="NULL | damage from material: freezing vapour" value="7" >
    </E>
    <E key="NULL | damage from material: snow" value="16" >
    </E>
    <E key="bat | $damage_melee" value="66" >
    </E>
    <E key="bigbat | $damage_melee" value="9" >
    </E>
    <E key="bigfirebug | $damage_projectile" value="1" >
    </E>
    <E key="death_ghost | $damage_curse" value="36" >
    </E>
    <E key="firebug | $damage_fire" value="1" >
    </E>
    <E key="firebug | $damage_melee" value="17" >
    </E>
    <E key="frog_big | $damage_melee" value="1" >
    </E>
    <E key="goblin_bomb | $damage_explosion" value="1" >
    </E>
    <E key="goblin_bomb | $damage_melee" value="2" >
    </E>
    <E key="homunculus | $damage_projectile" value="12" >
    </E>
    <E key="lukki_minion | $damage_curse" value="3" >
    </E>
    <E key="miner | $damage_explosion" value="33" >
    </E>
    <E key="miner | $damage_melee" value="2" >
    </E>
    <E key="miniblob | $damage_melee" value="6" >
    </E>
    <E key="monk | $damage_projectile" value="1" >
    </E>
    <E key="orb_laseremitter_cutter | $damage_plasmabeam" value="1" >
    </E>
    <E key="physics_ragdoll_part_exploding | $damage_explosion" value="4" >
    </E>
    <E key="plague_rats_rat | $damage_melee" value="1" >
    </E>
    <E key="player | $damage_curse" value="5" >
    </E>
    <E key="player | $damage_electricity" value="3" >
    </E>
    <E key="player | $damage_explosion" value="74" >
    </E>
    <E key="player | $damage_fire" value="9" >
    </E>
    <E key="player | $damage_ice" value="7" >
    </E>
    <E key="player | $damage_physicshit" value="4" >
    </E>
    <E key="player | $damage_plasmabeam" value="13" >
    </E>
    <E key="player | $damage_projectile" value="849" >
    </E>
    <E key="player | $damage_slice" value="192" >
    </E>
    <E key="player | bzzt!" value="11" >
    </E>
    <E key="player_rng_items | $damage_projectile" value="32" >
    </E>
    <E key="playerghost | $damage_explosion" value="1" >
    </E>
    <E key="playerghost | $damage_melee" value="1" >
    </E>
    <E key="playerghost | $damage_projectile" value="4" >
    </E>
    <E key="playerghost | $damage_slice" value="4" >
    </E>
    <E key="rat | $damage_melee" value="68" >
    </E>
    <E key="scavenger_grenade | $damage_projectile" value="2" >
    </E>
    <E key="shotgunner | $damage_explosion" value="1" >
    </E>
    <E key="shotgunner | $damage_melee" value="4" >
    </E>
    <E key="shotgunner | $damage_projectile" value="69" >
    </E>
    <E key="slimeshooter | $damage_explosion" value="3" >
    </E>
    <E key="slimeshooter | $damage_melee" value="1" >
    </E>
    <E key="slimeshooter | $damage_projectile" value="48" >
    </E>
    <E key="sniper | $damage_projectile" value="1" >
    </E>
    <E key="sunbaby | $damage_sun" value="3" >
    </E>
    <E key="sunegg | $damage_sun" value="27" >
    </E>
    <E key="tank | $damage_explosion" value="1" >
    </E>
    <E key="tank | $damage_projectile" value="1" >
    </E>
    <E key="thunderskull | $damage_electricity" value="1" >
    </E>
    <E key="thunderskull | $damage_explosion" value="1" >
    </E>
    <E key="wizard_dark | $damage_projectile" value="3" >
    </E>
    <E key="wizard_hearty | $damage_projectile" value="1" >
    </E>
    <E key="wizard_tele | $damage_projectile" value="2" >
    </E>
    <E key="worm | worm bite" value="12" >
    </E>
    <E key="worm_big | worm bite" value="4" >
    </E>
    <E key="worm_big_worm_rain | worm bite" value="3" >
    </E>
    <E key="worm_tiny | worm bite" value="4" >
    </E>
  </death_map>
  <kill_map>
    <E key="alchemist" value="2" >
    </E>
    <E key="bat" value="3" >
    </E>
    <E key="blob" value="1" >
    </E>
    <E key="firebug" value="18" >
    </E>
    <E key="fireskull" value="1" >
    </E>
    <E key="frog" value="1" >
    </E>
    <E key="fungus" value="1" >
    </E>
    <E key="goblin_bomb" value="5" >
    </E>
    <E key="miner" value="27" >
    </E>
    <E key="miner_fire" value="1" >
    </E>
    <E key="miniblob" value="6" >
    </E>
    <E key="physics_barrel_radioactive" value="1" >
    </E>
    <E key="physics_lantern_small" value="1" >
    </E>
    <E key="player" value="3" >
    </E>
    <E key="rat" value="144" >
    </E>
    <E key="scavenger_grenade" value="1" >
    </E>
    <E key="scavenger_smg" value="1" >
    </E>
    <E key="shotgunner" value="38" >
    </E>
    <E key="slimeshooter" value="11" >
    </E>
    <E key="tentacler_small" value="1" >
    </E>
    <E key="wizard_tele" value="1" >
    </E>
    <E key="zombie" value="2" >
    </E>
    <E key="zombie_weak" value="1" >
    </E>
  </kill_map>
</Stats>
