<Stats deaths="358" kills="33" player_kills="1" player_projectile_count="0" >
  <death_map>
    <E key="NULL | $damage_drowning" value="26" >
    </E>
    <E key="NULL | $damage_electricity" value="3" >
    </E>
    <E key="NULL | $damage_explosion" value="92" >
    </E>
    <E key="NULL | $damage_physicshit" value="34" >
    </E>
    <E key="NULL | $damage_plasmabeam" value="1" >
    </E>
    <E key="NULL | damage from material: Water" value="34" >
    </E>
    <E key="NULL | damage from material: acid" value="8" >
    </E>
    <E key="NULL | damage from material: freezing vapour" value="1" >
    </E>
    <E key="NULL | damage from material: swamp" value="1" >
    </E>
    <E key="assassin | $damage_melee" value="1" >
    </E>
    <E key="bat | $damage_melee" value="1" >
    </E>
    <E key="firebug | $damage_melee" value="1" >
    </E>
    <E key="firemage_weak | $damage_explosion" value="6" >
    </E>
    <E key="homunculus | $damage_projectile" value="2" >
    </E>
    <E key="miner | $damage_explosion" value="6" >
    </E>
    <E key="miner_weak | $damage_explosion" value="9" >
    </E>
    <E key="player | $damage_explosion" value="10" >
    </E>
    <E key="player | $damage_fire" value="3" >
    </E>
    <E key="player | $damage_ice" value="1" >
    </E>
    <E key="player | $damage_projectile" value="86" >
    </E>
    <E key="player | $damage_slice" value="17" >
    </E>
    <E key="player_rng_items | $damage_projectile" value="3" >
    </E>
    <E key="scavenger_smg | $damage_projectile" value="1" >
    </E>
    <E key="shotgunner_weak | $damage_melee" value="1" >
    </E>
    <E key="shotgunner_weak | $damage_projectile" value="2" >
    </E>
    <E key="slimeshooter | $damage_projectile" value="1" >
    </E>
    <E key="slimeshooter_nontoxic | $damage_projectile" value="1" >
    </E>
    <E key="slimeshooter_weak | $damage_explosion" value="1" >
    </E>
    <E key="wizard_hearty | $damage_projectile" value="1" >
    </E>
    <E key="worm | worm bite" value="3" >
    </E>
    <E key="worm_big_worm_rain | worm bite" value="1" >
    </E>
  </death_map>
  <kill_map>
    <E key="longleg" value="2" >
    </E>
    <E key="player" value="1" >
    </E>
    <E key="rat" value="28" >
    </E>
    <E key="shotgunner_weak" value="1" >
    </E>
    <E key="zombie_weak" value="1" >
    </E>
  </kill_map>
</Stats>
