<Stats deaths="28" kills="4" player_kills="0" player_projectile_count="0" >
  <death_map>
    <E key="NULL | $damage_electricity" value="1" >
    </E>
    <E key="NULL | $damage_explosion" value="6" >
    </E>
    <E key="NULL | $damage_fire" value="6" >
    </E>
    <E key="ant | $damage_melee" value="1" >
    </E>
    <E key="effect_curse_cloud_01_temporary | $damage_explosion" value="1" >
    </E>
    <E key="player | $damage_explosion" value="1" >
    </E>
    <E key="player | $damage_projectile" value="10" >
    </E>
    <E key="player | $damage_slice" value="1" >
    </E>
    <E key="playerghost | $damage_projectile" value="1" >
    </E>
  </death_map>
  <kill_map>
    <E key="rat" value="3" >
    </E>
    <E key="zombie" value="1" >
    </E>
  </kill_map>
</Stats>
