<Stats deaths="217" kills="0" player_kills="0" player_projectile_count="0" >
  <death_map>
    <E key="NULL | $damage_drowning" value="5" >
    </E>
    <E key="NULL | $damage_electricity" value="8" >
    </E>
    <E key="NULL | $damage_explosion" value="39" >
    </E>
    <E key="NULL | $damage_fire" value="25" >
    </E>
    <E key="NULL | $damage_physicshit" value="13" >
    </E>
    <E key="NULL | $damage_plasmabeam" value="1" >
    </E>
    <E key="NULL | $damage_radioactive" value="2" >
    </E>
    <E key="NULL | damage from material: acid" value="7" >
    </E>
    <E key="NULL | damage from material: freezing vapour" value="2" >
    </E>
    <E key="death_ghost | $damage_curse" value="3" >
    </E>
    <E key="drone_lasership | $damage_projectile" value="1" >
    </E>
    <E key="homunculus | $damage_projectile" value="1" >
    </E>
    <E key="player | $damage_drill" value="2" >
    </E>
    <E key="player | $damage_electricity" value="4" >
    </E>
    <E key="player | $damage_explosion" value="8" >
    </E>
    <E key="player | $damage_ice" value="10" >
    </E>
    <E key="player | $damage_projectile" value="69" >
    </E>
    <E key="player | $damage_slice" value="4" >
    </E>
    <E key="roboguard | $damage_melee" value="1" >
    </E>
    <E key="scavenger_grenade | $damage_melee" value="1" >
    </E>
    <E key="scavenger_grenade | $damage_projectile" value="1" >
    </E>
    <E key="scavenger_smg | $damage_projectile" value="2" >
    </E>
    <E key="shotgunner | $damage_projectile" value="1" >
    </E>
    <E key="sniper | $damage_projectile" value="2" >
    </E>
    <E key="spearbot | $damage_holy" value="1" >
    </E>
    <E key="tank | $damage_projectile" value="1" >
    </E>
    <E key="worm | worm bite" value="2" >
    </E>
    <E key="worm_big_worm_rain | worm bite" value="1" >
    </E>
  </death_map>
  <kill_map>
  </kill_map>
</Stats>
