<Stats deaths="38" kills="0" player_kills="0" player_projectile_count="0" >
  <death_map>
    <E key="NULL | $damage_explosion" value="5" >
    </E>
    <E key="NULL | damage from material: acid" value="1" >
    </E>
    <E key="NULL | damage from material: freezing vapour" value="1" >
    </E>
    <E key="orb_green | $damage_projectile" value="1" >
    </E>
    <E key="phantom_a | $damage_melee" value="1" >
    </E>
    <E key="phantom_a | $damage_projectile" value="2" >
    </E>
    <E key="phantom_b | $damage_melee" value="3" >
    </E>
    <E key="player | $damage_explosion" value="3" >
    </E>
    <E key="player | $damage_plasmabeam" value="2" >
    </E>
    <E key="player | $damage_projectile" value="14" >
    </E>
    <E key="player | hit" value="1" >
    </E>
    <E key="shotgunner | $damage_projectile" value="1" >
    </E>
    <E key="worm_big | worm bite" value="3" >
    </E>
  </death_map>
  <kill_map>
  </kill_map>
</Stats>
