<Stats deaths="2160" kills="901" player_kills="24" player_projectile_count="0" >
  <death_map>
    <E key="NULL | $damage_drowning" value="16" >
    </E>
    <E key="NULL | $damage_electricity" value="6" >
    </E>
    <E key="NULL | $damage_explosion" value="74" >
    </E>
    <E key="NULL | $damage_fire" value="294" >
    </E>
    <E key="NULL | $damage_physicshit" value="69" >
    </E>
    <E key="NULL | $damage_plasmabeam" value="5" >
    </E>
    <E key="NULL | $damage_projectile" value="6" >
    </E>
    <E key="NULL | damage from material: freezing vapour" value="1" >
    </E>
    <E key="NULL | damage from material: lava" value="5" >
    </E>
    <E key="broken_wand | $damage_slice" value="1" >
    </E>
    <E key="contact_damage | $damage_curse" value="1" >
    </E>
    <E key="death_ghost | $damage_curse" value="3" >
    </E>
    <E key="disc_bullet_big | bzzt!" value="1" >
    </E>
    <E key="firemage_weak | $damage_explosion" value="30" >
    </E>
    <E key="firemage_weak | $damage_fire" value="2" >
    </E>
    <E key="firemage_weak | $damage_melee" value="2" >
    </E>
    <E key="homunculus | $damage_projectile" value="1" >
    </E>
    <E key="longleg | $damage_melee" value="15" >
    </E>
    <E key="miner_weak | $damage_explosion" value="147" >
    </E>
    <E key="miner_weak | $damage_melee" value="33" >
    </E>
    <E key="miner_weak | $damage_projectile" value="1" >
    </E>
    <E key="player | $damage_drill" value="1" >
    </E>
    <E key="player | $damage_electricity" value="1" >
    </E>
    <E key="player | $damage_explosion" value="32" >
    </E>
    <E key="player | $damage_fire" value="4" >
    </E>
    <E key="player | $damage_ice" value="1" >
    </E>
    <E key="player | $damage_melee" value="1" >
    </E>
    <E key="player | $damage_plasmabeam" value="8" >
    </E>
    <E key="player | $damage_projectile" value="779" >
    </E>
    <E key="player | $damage_slice" value="216" >
    </E>
    <E key="player | hit" value="2" >
    </E>
    <E key="player_rng_items | $damage_projectile" value="29" >
    </E>
    <E key="player_rng_items | $damage_slice" value="2" >
    </E>
    <E key="playerghost | $damage_melee" value="2" >
    </E>
    <E key="playerghost | $damage_projectile" value="1" >
    </E>
    <E key="shaman | $damage_projectile" value="2" >
    </E>
    <E key="shotgunner_weak | $damage_melee" value="6" >
    </E>
    <E key="shotgunner_weak | $damage_projectile" value="145" >
    </E>
    <E key="slimeshooter_nontoxic | $damage_explosion" value="3" >
    </E>
    <E key="slimeshooter_nontoxic | $damage_projectile" value="4" >
    </E>
    <E key="slimeshooter_weak | $damage_explosion" value="113" >
    </E>
    <E key="slimeshooter_weak | $damage_projectile" value="1" >
    </E>
    <E key="thundermage | $damage_explosion" value="3" >
    </E>
    <E key="thunderskull | $damage_electricity" value="1" >
    </E>
    <E key="worm | worm bite" value="27" >
    </E>
    <E key="worm_big | worm bite" value="1" >
    </E>
    <E key="worm_tiny | worm bite" value="18" >
    </E>
    <E key="zombie | $damage_melee" value="1" >
    </E>
    <E key="zombie_weak | $damage_melee" value="43" >
    </E>
  </death_map>
  <kill_map>
    <E key="acidshot" value="14" >
    </E>
    <E key="berserkspirit" value="1" >
    </E>
    <E key="bomb" value="5" >
    </E>
    <E key="bomb_small" value="1" >
    </E>
    <E key="fireskull" value="1" >
    </E>
    <E key="glitter_bomb" value="1" >
    </E>
    <E key="longleg" value="175" >
    </E>
    <E key="miner_fire" value="1" >
    </E>
    <E key="miner_weak" value="62" >
    </E>
    <E key="physics_lantern_small" value="6" >
    </E>
    <E key="player" value="24" >
    </E>
    <E key="potion" value="3" >
    </E>
    <E key="radioactive_blob" value="1" >
    </E>
    <E key="shaman" value="1" >
    </E>
    <E key="sheep" value="4" >
    </E>
    <E key="sheep_bat" value="1" >
    </E>
    <E key="shotgunner_weak" value="54" >
    </E>
    <E key="slimeshooter_weak" value="114" >
    </E>
    <E key="tnt" value="4" >
    </E>
    <E key="zombie" value="10" >
    </E>
    <E key="zombie_weak" value="418" >
    </E>
  </kill_map>
</Stats>
