<Stats deaths="3685" kills="1092" player_kills="13" player_projectile_count="0" >
  <death_map>
    <E key="NULL | $damage_drowning" value="73" >
    </E>
    <E key="NULL | $damage_electricity" value="45" >
    </E>
    <E key="NULL | $damage_explosion" value="503" >
    </E>
    <E key="NULL | $damage_fire" value="88" >
    </E>
    <E key="NULL | $damage_ice" value="4" >
    </E>
    <E key="NULL | $damage_melee" value="2" >
    </E>
    <E key="NULL | $damage_physicshit" value="255" >
    </E>
    <E key="NULL | $damage_plasmabeam" value="1" >
    </E>
    <E key="NULL | $damage_projectile" value="6" >
    </E>
    <E key="NULL | $damage_radioactive" value="55" >
    </E>
    <E key="NULL | damage from material: Poison" value="1" >
    </E>
    <E key="NULL | damage from material: acid" value="18" >
    </E>
    <E key="NULL | damage from material: freezing liquid" value="17" >
    </E>
    <E key="NULL | damage from material: freezing vapour" value="195" >
    </E>
    <E key="NULL | damage from material: lava" value="2" >
    </E>
    <E key="beam_from_sky | $damage_plasmabeam" value="3" >
    </E>
    <E key="bigzombie | $damage_explosion" value="7" >
    </E>
    <E key="bigzombiehead | $damage_melee" value="2" >
    </E>
    <E key="bigzombietorso | $damage_explosion" value="4" >
    </E>
    <E key="blob | $damage_melee" value="1" >
    </E>
    <E key="bubbleshot | $damage_plasmabeam" value="1" >
    </E>
    <E key="chest_mimic | $damage_melee" value="4" >
    </E>
    <E key="cloud_thunder | $damage_explosion" value="1" >
    </E>
    <E key="death_ghost | $damage_curse" value="45" >
    </E>
    <E key="drone_lasership | $damage_explosion" value="7" >
    </E>
    <E key="drone_lasership | $damage_projectile" value="43" >
    </E>
    <E key="effect_curse_cloud_01_temporary | $damage_explosion" value="1" >
    </E>
    <E key="firebug | $damage_fire" value="1" >
    </E>
    <E key="giant | $damage_melee" value="1" >
    </E>
    <E key="homunculus | $damage_projectile" value="48" >
    </E>
    <E key="icemage | $damage_explosion" value="2" >
    </E>
    <E key="iceskull | $damage_explosion" value="26" >
    </E>
    <E key="iceskull | $damage_ice" value="47" >
    </E>
    <E key="iceskull | $damage_melee" value="14" >
    </E>
    <E key="lukki_dark | $damage_curse" value="1" >
    </E>
    <E key="lukki_minion | $damage_curse" value="12" >
    </E>
    <E key="maggot | $damage_explosion" value="1" >
    </E>
    <E key="miner | $damage_explosion" value="6" >
    </E>
    <E key="necromancer_shop | $damage_projectile" value="1" >
    </E>
    <E key="orb_laseremitter_cutter | $damage_plasmabeam" value="6" >
    </E>
    <E key="orb_laseremitter_four | $damage_plasmabeam" value="1" >
    </E>
    <E key="phantom_a | $damage_projectile" value="4" >
    </E>
    <E key="phantom_b | $damage_projectile" value="2" >
    </E>
    <E key="physics_ragdoll_part_exploding | $damage_explosion" value="14" >
    </E>
    <E key="plague_rats_rat | $damage_melee" value="2" >
    </E>
    <E key="player | $damage_curse" value="5" >
    </E>
    <E key="player | $damage_drill" value="2" >
    </E>
    <E key="player | $damage_electricity" value="85" >
    </E>
    <E key="player | $damage_explosion" value="110" >
    </E>
    <E key="player | $damage_fire" value="2" >
    </E>
    <E key="player | $damage_ice" value="81" >
    </E>
    <E key="player | $damage_melee" value="2" >
    </E>
    <E key="player | $damage_physicshit" value="1" >
    </E>
    <E key="player | $damage_plasmabeam" value="4" >
    </E>
    <E key="player | $damage_projectile" value="1282" >
    </E>
    <E key="player | $damage_slice" value="175" >
    </E>
    <E key="player | bzzt!" value="1" >
    </E>
    <E key="player | hit" value="3" >
    </E>
    <E key="player_rng_items | $damage_explosion" value="1" >
    </E>
    <E key="player_rng_items | $damage_projectile" value="1" >
    </E>
    <E key="playerghost | $damage_explosion" value="2" >
    </E>
    <E key="playerghost | $damage_melee" value="1" >
    </E>
    <E key="rat | $damage_melee" value="18" >
    </E>
    <E key="scavenger_clusterbomb | $damage_explosion" value="1" >
    </E>
    <E key="scavenger_clusterbomb | $damage_melee" value="1" >
    </E>
    <E key="scavenger_grenade | $damage_explosion" value="5" >
    </E>
    <E key="scavenger_grenade | $damage_melee" value="23" >
    </E>
    <E key="scavenger_grenade | $damage_projectile" value="23" >
    </E>
    <E key="scavenger_leader | $damage_explosion" value="1" >
    </E>
    <E key="scavenger_leader | $damage_melee" value="5" >
    </E>
    <E key="scavenger_leader | $damage_projectile" value="3" >
    </E>
    <E key="scavenger_leader | $damage_slice" value="2" >
    </E>
    <E key="scavenger_mine | $damage_explosion" value="1" >
    </E>
    <E key="scavenger_smg | $damage_explosion" value="18" >
    </E>
    <E key="scavenger_smg | $damage_melee" value="8" >
    </E>
    <E key="scavenger_smg | $damage_projectile" value="7" >
    </E>
    <E key="shaman | $damage_projectile" value="1" >
    </E>
    <E key="shotgunner | $damage_explosion" value="1" >
    </E>
    <E key="shotgunner | $damage_melee" value="1" >
    </E>
    <E key="shotgunner | $damage_projectile" value="3" >
    </E>
    <E key="slimeshooter | $damage_explosion" value="5" >
    </E>
    <E key="slimeshooter | $damage_projectile" value="2" >
    </E>
    <E key="slimeshooter_nontoxic | $damage_explosion" value="1" >
    </E>
    <E key="sniper | $damage_explosion" value="7" >
    </E>
    <E key="sniper | $damage_projectile" value="45" >
    </E>
    <E key="spearbot | $damage_projectile" value="1" >
    </E>
    <E key="tank | $damage_explosion" value="1" >
    </E>
    <E key="tank | $damage_projectile" value="4" >
    </E>
    <E key="tank_rocket | $damage_explosion" value="2" >
    </E>
    <E key="tank_rocket | $damage_projectile" value="2" >
    </E>
    <E key="tank_super | $damage_projectile" value="1" >
    </E>
    <E key="tentacle_portal | $damage_melee" value="2" >
    </E>
    <E key="tentacler | $damage_melee" value="2" >
    </E>
    <E key="thundermage | $damage_electricity" value="6" >
    </E>
    <E key="thundermage | $damage_explosion" value="4" >
    </E>
    <E key="thundermage_big | $damage_electricity" value="1" >
    </E>
    <E key="thundermage_big | $damage_explosion" value="1" >
    </E>
    <E key="thunderskull | $damage_electricity" value="1" >
    </E>
    <E key="thunderskull | $damage_melee" value="3" >
    </E>
    <E key="turret_left | $damage_projectile" value="5" >
    </E>
    <E key="turret_right | $damage_projectile" value="5" >
    </E>
    <E key="worm | worm bite" value="34" >
    </E>
    <E key="worm_big | worm bite" value="71" >
    </E>
    <E key="worm_big_worm_rain | worm bite" value="4" >
    </E>
    <E key="worm_tiny | worm bite" value="22" >
    </E>
  </death_map>
  <kill_map>
    <E key="berserkspirit" value="8" >
    </E>
    <E key="bigzombie" value="4" >
    </E>
    <E key="bigzombiehead" value="1" >
    </E>
    <E key="bigzombietorso" value="2" >
    </E>
    <E key="bomb" value="1" >
    </E>
    <E key="confusespirit" value="1" >
    </E>
    <E key="coward" value="2" >
    </E>
    <E key="drone_lasership" value="2" >
    </E>
    <E key="fish" value="12" >
    </E>
    <E key="fish_large" value="2" >
    </E>
    <E key="fly" value="1" >
    </E>
    <E key="giant" value="1" >
    </E>
    <E key="glue" value="3" >
    </E>
    <E key="iceskull" value="58" >
    </E>
    <E key="miner" value="1" >
    </E>
    <E key="miniblob" value="3" >
    </E>
    <E key="pebble_physics" value="2" >
    </E>
    <E key="pebble_player_physics" value="11" >
    </E>
    <E key="physics_barrel_oil" value="1" >
    </E>
    <E key="plague_rats_rat" value="2" >
    </E>
    <E key="player" value="13" >
    </E>
    <E key="player_rng_items" value="1" >
    </E>
    <E key="rat" value="859" >
    </E>
    <E key="scavenger_clusterbomb" value="1" >
    </E>
    <E key="scavenger_grenade" value="33" >
    </E>
    <E key="scavenger_heal" value="10" >
    </E>
    <E key="scavenger_smg" value="33" >
    </E>
    <E key="scorpion" value="4" >
    </E>
    <E key="sheep" value="1" >
    </E>
    <E key="shotgunner" value="3" >
    </E>
    <E key="slimeshooter" value="4" >
    </E>
    <E key="sniper" value="1" >
    </E>
    <E key="thunderskull" value="2" >
    </E>
    <E key="worm" value="1" >
    </E>
    <E key="worm_tiny" value="6" >
    </E>
    <E key="zombie" value="2" >
    </E>
  </kill_map>
</Stats>
