<Stats deaths="184" kills="34" player_kills="0" player_projectile_count="0" >
  <death_map>
    <E key="NULL | $damage_drowning" value="11" >
    </E>
    <E key="NULL | $damage_explosion" value="31" >
    </E>
    <E key="NULL | $damage_fire" value="38" >
    </E>
    <E key="NULL | $damage_physicshit" value="1" >
    </E>
    <E key="NULL | damage from material: acid" value="3" >
    </E>
    <E key="NULL | damage from material: lava" value="4" >
    </E>
    <E key="bloom | $damage_projectile" value="1" >
    </E>
    <E key="boss_dragon | worm bite" value="1" >
    </E>
    <E key="death_ghost | $damage_curse" value="3" >
    </E>
    <E key="drone_physics | $damage_projectile" value="1" >
    </E>
    <E key="flamer | $damage_fire" value="1" >
    </E>
    <E key="fly | $damage_melee" value="1" >
    </E>
    <E key="homunculus | $damage_projectile" value="2" >
    </E>
    <E key="lukki_dark | $damage_curse" value="6" >
    </E>
    <E key="lukki_longleg | hit" value="1" >
    </E>
    <E key="phantom_a | $damage_projectile" value="1" >
    </E>
    <E key="physics_ragdoll_part_exploding | $damage_explosion" value="1" >
    </E>
    <E key="player | $damage_electricity" value="2" >
    </E>
    <E key="player | $damage_explosion" value="5" >
    </E>
    <E key="player | $damage_ice" value="2" >
    </E>
    <E key="player | $damage_projectile" value="49" >
    </E>
    <E key="player | $damage_slice" value="4" >
    </E>
    <E key="roboguard | $damage_projectile" value="2" >
    </E>
    <E key="scavenger_clusterbomb | $damage_explosion" value="1" >
    </E>
    <E key="scavenger_clusterbomb | $damage_projectile" value="1" >
    </E>
    <E key="scavenger_leader | $damage_projectile" value="1" >
    </E>
    <E key="shooterflower | $damage_projectile" value="1" >
    </E>
    <E key="skullfly | $damage_fire" value="1" >
    </E>
    <E key="sniper | $damage_projectile" value="2" >
    </E>
    <E key="spearbot | $damage_holy" value="1" >
    </E>
    <E key="worm | worm bite" value="5" >
    </E>
  </death_map>
  <kill_map>
    <E key="blob" value="1" >
    </E>
    <E key="fly" value="5" >
    </E>
    <E key="longleg" value="4" >
    </E>
    <E key="miniblob" value="2" >
    </E>
    <E key="pebble_player_physics" value="1" >
    </E>
    <E key="rat" value="9" >
    </E>
    <E key="scavenger_grenade" value="1" >
    </E>
    <E key="scorpion" value="6" >
    </E>
    <E key="slimeshooter" value="2" >
    </E>
    <E key="tentacler_small" value="1" >
    </E>
    <E key="zombie" value="2" >
    </E>
  </kill_map>
</Stats>
