<Stats deaths="38" kills="719" player_kills="0" player_projectile_count="0" >
  <death_map>
    <E key="NULL | $damage_drowning" value="1" >
    </E>
    <E key="NULL | $damage_electricity" value="2" >
    </E>
    <E key="NULL | $damage_explosion" value="3" >
    </E>
    <E key="NULL | $damage_midas" value="1" >
    </E>
    <E key="NULL | $damage_physicshit" value="10" >
    </E>
    <E key="necromancer_super | $damage_projectile" value="1" >
    </E>
    <E key="newsun | $damage_sun" value="1" >
    </E>
    <E key="player | $damage_explosion" value="15" >
    </E>
    <E key="player | $damage_projectile" value="3" >
    </E>
    <E key="rock_curse | $damage_rock_curse" value="1" >
    </E>
  </death_map>
  <kill_map>
    <E key="acidshooter" value="15" >
    </E>
    <E key="acidshot" value="7" >
    </E>
    <E key="alchemist" value="2" >
    </E>
    <E key="ant" value="1" >
    </E>
    <E key="arrowtrap_left" value="1" >
    </E>
    <E key="arrowtrap_right" value="1" >
    </E>
    <E key="assassin" value="1" >
    </E>
    <E key="barfer" value="2" >
    </E>
    <E key="bat" value="16" >
    </E>
    <E key="bigbat" value="1" >
    </E>
    <E key="bigfirebug" value="3" >
    </E>
    <E key="bigzombie" value="7" >
    </E>
    <E key="bigzombiehead" value="1" >
    </E>
    <E key="blob" value="3" >
    </E>
    <E key="bloom" value="8" >
    </E>
    <E key="boss_pit" value="1" >
    </E>
    <E key="chest_mimic" value="1" >
    </E>
    <E key="coward" value="1" >
    </E>
    <E key="drone_lasership" value="11" >
    </E>
    <E key="drone_physics" value="2" >
    </E>
    <E key="eel" value="1" >
    </E>
    <E key="enlightened_alchemist" value="1" >
    </E>
    <E key="firebug" value="12" >
    </E>
    <E key="firebugnest" value="1" >
    </E>
    <E key="firemage" value="2" >
    </E>
    <E key="firemage_weak" value="1" >
    </E>
    <E key="fireskull" value="2" >
    </E>
    <E key="fish" value="98" >
    </E>
    <E key="flamer" value="1" >
    </E>
    <E key="fly" value="8" >
    </E>
    <E key="fungus" value="16" >
    </E>
    <E key="fungus_big" value="8" >
    </E>
    <E key="fungus_giga" value="4" >
    </E>
    <E key="fungus_tiny" value="4" >
    </E>
    <E key="glue" value="2" >
    </E>
    <E key="goblin_bomb" value="1" >
    </E>
    <E key="icemage" value="1" >
    </E>
    <E key="iceskull" value="11" >
    </E>
    <E key="lasershooter" value="5" >
    </E>
    <E key="longleg" value="8" >
    </E>
    <E key="lukki" value="1" >
    </E>
    <E key="lukki_eggs" value="1" >
    </E>
    <E key="lukki_longleg" value="1" >
    </E>
    <E key="lurker" value="1" >
    </E>
    <E key="miner" value="23" >
    </E>
    <E key="miner_fire" value="1" >
    </E>
    <E key="miner_weak" value="4" >
    </E>
    <E key="miniblob" value="9" >
    </E>
    <E key="minipit" value="1" >
    </E>
    <E key="monk" value="3" >
    </E>
    <E key="phantom_a" value="6" >
    </E>
    <E key="phantom_b" value="10" >
    </E>
    <E key="pollen" value="1" >
    </E>
    <E key="polyshot" value="3" >
    </E>
    <E key="rat" value="25" >
    </E>
    <E key="scavenger_clusterbomb" value="5" >
    </E>
    <E key="scavenger_glue" value="10" >
    </E>
    <E key="scavenger_grenade" value="45" >
    </E>
    <E key="scavenger_heal" value="9" >
    </E>
    <E key="scavenger_invis" value="8" >
    </E>
    <E key="scavenger_leader" value="2" >
    </E>
    <E key="scavenger_mine" value="6" >
    </E>
    <E key="scavenger_poison" value="8" >
    </E>
    <E key="scavenger_shield" value="1" >
    </E>
    <E key="scavenger_smg" value="48" >
    </E>
    <E key="scorpion" value="8" >
    </E>
    <E key="shooterflower" value="2" >
    </E>
    <E key="shotgunner" value="46" >
    </E>
    <E key="shotgunner_weak" value="4" >
    </E>
    <E key="skullfly" value="3" >
    </E>
    <E key="skullrat" value="9" >
    </E>
    <E key="slimeshooter" value="15" >
    </E>
    <E key="slimeshooter_weak" value="1" >
    </E>
    <E key="sniper" value="18" >
    </E>
    <E key="spidernest" value="1" >
    </E>
    <E key="tank" value="4" >
    </E>
    <E key="tank_rocket" value="1" >
    </E>
    <E key="tentacler" value="3" >
    </E>
    <E key="tentacler_small" value="9" >
    </E>
    <E key="thundermage" value="9" >
    </E>
    <E key="thundermage_big" value="1" >
    </E>
    <E key="thunderskull" value="12" >
    </E>
    <E key="tnt" value="2" >
    </E>
    <E key="turret_left" value="2" >
    </E>
    <E key="turret_right" value="1" >
    </E>
    <E key="ultimate_killer" value="3" >
    </E>
    <E key="wand_ghost" value="1" >
    </E>
    <E key="wizard_dark" value="3" >
    </E>
    <E key="wizard_homing" value="4" >
    </E>
    <E key="wizard_neutral" value="2" >
    </E>
    <E key="wizard_swapper" value="4" >
    </E>
    <E key="wizard_tele" value="10" >
    </E>
    <E key="wizard_twitchy" value="2" >
    </E>
    <E key="worm" value="5" >
    </E>
    <E key="worm_tiny" value="1" >
    </E>
    <E key="zombie" value="6" >
    </E>
    <E key="zombie_weak" value="23" >
    </E>
  </kill_map>
</Stats>
