<Stats deaths="246" kills="50" player_kills="1" player_projectile_count="0" >
  <death_map>
    <E key="NULL | $damage_drowning" value="4" >
    </E>
    <E key="NULL | $damage_electricity" value="3" >
    </E>
    <E key="NULL | $damage_explosion" value="12" >
    </E>
    <E key="NULL | $damage_fire" value="48" >
    </E>
    <E key="NULL | $damage_melee" value="2" >
    </E>
    <E key="NULL | $damage_physicshit" value="13" >
    </E>
    <E key="bat | $damage_melee" value="1" >
    </E>
    <E key="bigzombietorso | $damage_explosion" value="1" >
    </E>
    <E key="death_ghost | $damage_curse" value="2" >
    </E>
    <E key="firemage_weak | $damage_explosion" value="5" >
    </E>
    <E key="longleg | $damage_melee" value="2" >
    </E>
    <E key="miner_weak | $damage_explosion" value="21" >
    </E>
    <E key="miner_weak | $damage_melee" value="2" >
    </E>
    <E key="player | $damage_explosion" value="10" >
    </E>
    <E key="player | $damage_projectile" value="74" >
    </E>
    <E key="player | $damage_slice" value="4" >
    </E>
    <E key="player_rng_items | $damage_projectile" value="2" >
    </E>
    <E key="shotgunner_weak | $damage_melee" value="2" >
    </E>
    <E key="shotgunner_weak | $damage_projectile" value="21" >
    </E>
    <E key="slimeshooter_nontoxic | $damage_explosion" value="3" >
    </E>
    <E key="thunderskull | $damage_electricity" value="1" >
    </E>
    <E key="worm | worm bite" value="6" >
    </E>
    <E key="worm_big | worm bite" value="3" >
    </E>
    <E key="zombie | $damage_melee" value="1" >
    </E>
    <E key="zombie_weak | $damage_melee" value="3" >
    </E>
  </death_map>
  <kill_map>
    <E key="firemage_weak" value="1" >
    </E>
    <E key="longleg" value="11" >
    </E>
    <E key="miner_weak" value="2" >
    </E>
    <E key="physics_barrel_oil" value="1" >
    </E>
    <E key="player" value="1" >
    </E>
    <E key="sheep" value="1" >
    </E>
    <E key="shotgunner_weak" value="5" >
    </E>
    <E key="zombie_weak" value="28" >
    </E>
  </kill_map>
</Stats>
