<Stats deaths="12" kills="10" player_kills="0" player_projectile_count="0" >
  <death_map>
    <E key="NULL | physics body damaged" value="8" >
    </E>
    <E key="player | $damage_explosion" value="1" >
    </E>
    <E key="player | $damage_projectile" value="3" >
    </E>
  </death_map>
  <kill_map>
    <E key="acidshooter" value="1" >
    </E>
    <E key="physics_torch_stand" value="4" >
    </E>
    <E key="thunderskull" value="4" >
    </E>
    <E key="zombie_weak" value="1" >
    </E>
  </kill_map>
</Stats>
