<Stats deaths="2364" kills="540" player_kills="2" player_projectile_count="0" >
  <death_map>
    <E key="NULL | $damage_drowning" value="140" >
    </E>
    <E key="NULL | $damage_electricity" value="22" >
    </E>
    <E key="NULL | $damage_explosion" value="108" >
    </E>
    <E key="NULL | $damage_fire" value="395" >
    </E>
    <E key="NULL | $damage_melee" value="2" >
    </E>
    <E key="NULL | $damage_physicshit" value="218" >
    </E>
    <E key="NULL | $damage_plasmabeam" value="3" >
    </E>
    <E key="NULL | $damage_projectile" value="1" >
    </E>
    <E key="NULL | $damage_radioactive" value="294" >
    </E>
    <E key="NULL | damage from material: Cursed rock" value="1" >
    </E>
    <E key="NULL | damage from material: Poison" value="1" >
    </E>
    <E key="NULL | damage from material: acid" value="18" >
    </E>
    <E key="NULL | damage from material: freezing vapour" value="14" >
    </E>
    <E key="NULL | damage from material: lava" value="72" >
    </E>
    <E key="NULL | damage from material: toxic gas" value="2" >
    </E>
    <E key="NULL | damage from material: toxic ice" value="1" >
    </E>
    <E key="NULL | damage from material: toxic rock" value="6" >
    </E>
    <E key="ant | $damage_melee" value="3" >
    </E>
    <E key="bat | $damage_melee" value="20" >
    </E>
    <E key="bigbat | $damage_melee" value="2" >
    </E>
    <E key="bigfirebug | $damage_fire" value="7" >
    </E>
    <E key="bigfirebug | $damage_projectile" value="5" >
    </E>
    <E key="blob | $damage_melee" value="1" >
    </E>
    <E key="bloom | $damage_projectile" value="1" >
    </E>
    <E key="boss_pit | $damage_projectile" value="1" >
    </E>
    <E key="broken_wand | $damage_projectile" value="1" >
    </E>
    <E key="chest_mimic | $damage_melee" value="1" >
    </E>
    <E key="contact_damage | $damage_curse" value="1" >
    </E>
    <E key="death_ghost | $damage_curse" value="14" >
    </E>
    <E key="drone_lasership | $damage_projectile" value="11" >
    </E>
    <E key="effect_curse_cloud_01_temporary | $damage_explosion" value="1" >
    </E>
    <E key="evil_eye | $damage_plasmabeam" value="1" >
    </E>
    <E key="firebug | $damage_fire" value="17" >
    </E>
    <E key="firebug | $damage_melee" value="10" >
    </E>
    <E key="firemage_weak | $damage_fire" value="1" >
    </E>
    <E key="fly | $damage_melee" value="1" >
    </E>
    <E key="homunculus | $damage_projectile" value="23" >
    </E>
    <E key="lukki_minion | $damage_curse" value="4" >
    </E>
    <E key="miner | $damage_explosion" value="28" >
    </E>
    <E key="miner | $damage_melee" value="2" >
    </E>
    <E key="orb_laseremitter_cutter | $damage_plasmabeam" value="2" >
    </E>
    <E key="physics_ragdoll_part_exploding | $damage_explosion" value="2" >
    </E>
    <E key="plague_rats_rat | $damage_melee" value="1" >
    </E>
    <E key="player | $damage_curse" value="4" >
    </E>
    <E key="player | $damage_drill" value="1" >
    </E>
    <E key="player | $damage_electricity" value="9" >
    </E>
    <E key="player | $damage_explosion" value="31" >
    </E>
    <E key="player | $damage_fire" value="1" >
    </E>
    <E key="player | $damage_ice" value="19" >
    </E>
    <E key="player | $damage_melee" value="4" >
    </E>
    <E key="player | $damage_physicshit" value="1" >
    </E>
    <E key="player | $damage_plasmabeam" value="10" >
    </E>
    <E key="player | $damage_projectile" value="589" >
    </E>
    <E key="player | $damage_slice" value="113" >
    </E>
    <E key="player | bzzt!" value="1" >
    </E>
    <E key="player | hit" value="3" >
    </E>
    <E key="player_rng_items | $damage_projectile" value="9" >
    </E>
    <E key="player_rng_items | $damage_slice" value="2" >
    </E>
    <E key="playerghost | $damage_melee" value="4" >
    </E>
    <E key="playerghost | $damage_projectile" value="6" >
    </E>
    <E key="rat | $damage_melee" value="21" >
    </E>
    <E key="scavenger_clusterbomb | $damage_projectile" value="1" >
    </E>
    <E key="scavenger_grenade | $damage_melee" value="1" >
    </E>
    <E key="scavenger_grenade | $damage_projectile" value="3" >
    </E>
    <E key="scavenger_smg | $damage_melee" value="1" >
    </E>
    <E key="shotgunner | $damage_melee" value="7" >
    </E>
    <E key="shotgunner | $damage_projectile" value="2" >
    </E>
    <E key="slimeshooter | $damage_melee" value="1" >
    </E>
    <E key="slimeshooter | $damage_projectile" value="6" >
    </E>
    <E key="slimeshooter_nontoxic | $damage_projectile" value="1" >
    </E>
    <E key="sniper | $damage_projectile" value="6" >
    </E>
    <E key="tank | $damage_projectile" value="1" >
    </E>
    <E key="tentacle_portal | $damage_melee" value="3" >
    </E>
    <E key="turret_left | $damage_explosion" value="1" >
    </E>
    <E key="turret_left | $damage_projectile" value="4" >
    </E>
    <E key="turret_right | $damage_projectile" value="1" >
    </E>
    <E key="wizard_dark | $damage_projectile" value="1" >
    </E>
    <E key="worm | worm bite" value="17" >
    </E>
    <E key="worm_big | worm bite" value="4" >
    </E>
    <E key="worm_big_worm_rain | worm bite" value="9" >
    </E>
    <E key="worm_tiny | worm bite" value="6" >
    </E>
    <E key="zombie | $damage_melee" value="1" >
    </E>
  </death_map>
  <kill_map>
    <E key="ant" value="1" >
    </E>
    <E key="bat" value="26" >
    </E>
    <E key="berserkspirit" value="1" >
    </E>
    <E key="bigfirebug" value="10" >
    </E>
    <E key="blob" value="3" >
    </E>
    <E key="firebug" value="35" >
    </E>
    <E key="fireskull" value="6" >
    </E>
    <E key="fungus" value="1" >
    </E>
    <E key="goblin_bomb" value="5" >
    </E>
    <E key="mine_scavenger" value="1" >
    </E>
    <E key="miner" value="30" >
    </E>
    <E key="miniblob" value="11" >
    </E>
    <E key="player" value="2" >
    </E>
    <E key="rat" value="300" >
    </E>
    <E key="scavenger_grenade" value="2" >
    </E>
    <E key="scavenger_heal" value="1" >
    </E>
    <E key="scavenger_smg" value="6" >
    </E>
    <E key="scorpion" value="4" >
    </E>
    <E key="shotgunner" value="17" >
    </E>
    <E key="slimeshooter" value="20" >
    </E>
    <E key="slimespirit" value="2" >
    </E>
    <E key="sniper" value="1" >
    </E>
    <E key="tank" value="1" >
    </E>
    <E key="tentacler_small" value="1" >
    </E>
    <E key="wizard_dark" value="1" >
    </E>
    <E key="wizard_swapper" value="1" >
    </E>
    <E key="worm_tiny" value="1" >
    </E>
    <E key="zombie" value="50" >
    </E>
  </kill_map>
</Stats>
