<Stats deaths="257" kills="120" player_kills="0" player_projectile_count="0" >
  <death_map>
    <E key="NULL | $damage_drowning" value="6" >
    </E>
    <E key="NULL | $damage_electricity" value="19" >
    </E>
    <E key="NULL | $damage_explosion" value="32" >
    </E>
    <E key="NULL | $damage_fire" value="45" >
    </E>
    <E key="NULL | $damage_physicshit" value="11" >
    </E>
    <E key="NULL | damage from material: acid" value="17" >
    </E>
    <E key="NULL | damage from material: freezing vapour" value="1" >
    </E>
    <E key="NULL | damage from material: lava" value="6" >
    </E>
    <E key="bigzombie | $damage_explosion" value="1" >
    </E>
    <E key="blob | $damage_melee" value="2" >
    </E>
    <E key="death_ghost | $damage_curse" value="2" >
    </E>
    <E key="drone_lasership | $damage_projectile" value="1" >
    </E>
    <E key="flamer | $damage_explosion" value="1" >
    </E>
    <E key="homunculus | $damage_projectile" value="7" >
    </E>
    <E key="miniblob | $damage_melee" value="1" >
    </E>
    <E key="player | $damage_curse" value="1" >
    </E>
    <E key="player | $damage_electricity" value="1" >
    </E>
    <E key="player | $damage_explosion" value="10" >
    </E>
    <E key="player | $damage_hitfx_curse" value="1" >
    </E>
    <E key="player | $damage_ice" value="3" >
    </E>
    <E key="player | $damage_projectile" value="56" >
    </E>
    <E key="player | $damage_slice" value="2" >
    </E>
    <E key="scavenger_glue | $damage_melee" value="5" >
    </E>
    <E key="scavenger_grenade | $damage_melee" value="1" >
    </E>
    <E key="scavenger_grenade | $damage_projectile" value="1" >
    </E>
    <E key="scavenger_leader | $damage_explosion" value="1" >
    </E>
    <E key="scavenger_leader | $damage_projectile" value="3" >
    </E>
    <E key="scavenger_mine | $damage_melee" value="3" >
    </E>
    <E key="scavenger_mine | $damage_projectile" value="1" >
    </E>
    <E key="scavenger_smg | $damage_melee" value="3" >
    </E>
    <E key="scavenger_smg | $damage_projectile" value="1" >
    </E>
    <E key="sniper | $damage_melee" value="2" >
    </E>
    <E key="sniper | $damage_projectile" value="3" >
    </E>
    <E key="tank | $damage_explosion" value="1" >
    </E>
    <E key="tank_rocket | $damage_explosion" value="2" >
    </E>
    <E key="tank_rocket | $damage_projectile" value="1" >
    </E>
    <E key="tentacler | $damage_melee" value="1" >
    </E>
    <E key="tentacler_small | $damage_melee" value="1" >
    </E>
    <E key="worm | worm bite" value="1" >
    </E>
  </death_map>
  <kill_map>
    <E key="acidshooter" value="1" >
    </E>
    <E key="acidshot" value="4" >
    </E>
    <E key="bigzombie" value="1" >
    </E>
    <E key="bigzombiehead" value="1" >
    </E>
    <E key="bigzombietorso" value="1" >
    </E>
    <E key="blob" value="8" >
    </E>
    <E key="dripping_oil" value="1" >
    </E>
    <E key="dripping_radioactive" value="1" >
    </E>
    <E key="drone_lasership" value="1" >
    </E>
    <E key="glue" value="50" >
    </E>
    <E key="healerdrone_physics" value="1" >
    </E>
    <E key="miniblob" value="16" >
    </E>
    <E key="rat" value="2" >
    </E>
    <E key="scavenger_glue" value="11" >
    </E>
    <E key="scavenger_grenade" value="9" >
    </E>
    <E key="scavenger_smg" value="7" >
    </E>
    <E key="sheep" value="2" >
    </E>
    <E key="slime" value="1" >
    </E>
    <E key="sniper" value="2" >
    </E>
  </kill_map>
</Stats>
