<Stats deaths="567" kills="219" player_kills="4" player_projectile_count="0" >
  <death_map>
    <E key="NULL | $damage_drowning" value="6" >
    </E>
    <E key="NULL | $damage_electricity" value="16" >
    </E>
    <E key="NULL | $damage_explosion" value="133" >
    </E>
    <E key="NULL | $damage_fire" value="23" >
    </E>
    <E key="NULL | $damage_physicshit" value="13" >
    </E>
    <E key="NULL | damage from material: acid" value="9" >
    </E>
    <E key="NULL | damage from material: freezing vapour" value="2" >
    </E>
    <E key="NULL | damage from material: lava" value="5" >
    </E>
    <E key="NULL | damage from material: toxic rock" value="8" >
    </E>
    <E key="ant | $damage_melee" value="2" >
    </E>
    <E key="crystal_physics | $damage_projectile" value="1" >
    </E>
    <E key="death_ghost | $damage_curse" value="4" >
    </E>
    <E key="firemage | $damage_explosion" value="1" >
    </E>
    <E key="homunculus | $damage_projectile" value="3" >
    </E>
    <E key="lukki_minion | $damage_curse" value="1" >
    </E>
    <E key="maggot | $damage_explosion" value="1" >
    </E>
    <E key="missilecrab | $damage_projectile" value="1" >
    </E>
    <E key="orb_laseremitter_cutter | $damage_plasmabeam" value="3" >
    </E>
    <E key="phantom_b | $damage_projectile" value="1" >
    </E>
    <E key="player | $damage_electricity" value="4" >
    </E>
    <E key="player | $damage_explosion" value="21" >
    </E>
    <E key="player | $damage_fire" value="1" >
    </E>
    <E key="player | $damage_ice" value="10" >
    </E>
    <E key="player | $damage_kick" value="1" >
    </E>
    <E key="player | $damage_melee" value="1" >
    </E>
    <E key="player | $damage_plasmabeam" value="1" >
    </E>
    <E key="player | $damage_projectile" value="230" >
    </E>
    <E key="player | $damage_slice" value="31" >
    </E>
    <E key="player_rng_items | $damage_explosion" value="7" >
    </E>
    <E key="roboguard | $damage_melee" value="2" >
    </E>
    <E key="roboguard | $damage_projectile" value="7" >
    </E>
    <E key="scavenger_invis | $damage_slice" value="1" >
    </E>
    <E key="scavenger_leader | $damage_explosion" value="1" >
    </E>
    <E key="skullfly | $damage_fire" value="1" >
    </E>
    <E key="slimeshooter_nontoxic | $damage_projectile" value="1" >
    </E>
    <E key="sniper | $damage_projectile" value="1" >
    </E>
    <E key="sunbaby | $damage_sun" value="1" >
    </E>
    <E key="sunegg | $damage_sun" value="1" >
    </E>
    <E key="tentacler | $damage_melee" value="3" >
    </E>
    <E key="wizard_swapper | $damage_projectile" value="1" >
    </E>
    <E key="wizard_swapper | $damage_slice" value="1" >
    </E>
    <E key="worm_skull | worm bite" value="5" >
    </E>
    <E key="zombie | $damage_melee" value="1" >
    </E>
  </death_map>
  <kill_map>
    <E key="acidshooter" value="1" >
    </E>
    <E key="acidshot" value="3" >
    </E>
    <E key="bat" value="6" >
    </E>
    <E key="bigbat" value="1" >
    </E>
    <E key="bigzombie" value="1" >
    </E>
    <E key="bigzombietorso" value="1" >
    </E>
    <E key="drone_physics" value="4" >
    </E>
    <E key="flamer" value="2" >
    </E>
    <E key="fly" value="12" >
    </E>
    <E key="frog" value="1" >
    </E>
    <E key="frog_big" value="1" >
    </E>
    <E key="fungus" value="3" >
    </E>
    <E key="glue" value="5" >
    </E>
    <E key="goblin_bomb" value="1" >
    </E>
    <E key="longleg" value="4" >
    </E>
    <E key="maggot" value="1" >
    </E>
    <E key="miniblob" value="6" >
    </E>
    <E key="phantom_a" value="1" >
    </E>
    <E key="physics_ragdoll_ai" value="4" >
    </E>
    <E key="physics_torch_stand" value="1" >
    </E>
    <E key="player" value="4" >
    </E>
    <E key="potion_aggressive" value="1" >
    </E>
    <E key="rat" value="84" >
    </E>
    <E key="scavenger_glue" value="3" >
    </E>
    <E key="scavenger_grenade" value="1" >
    </E>
    <E key="scavenger_heal" value="1" >
    </E>
    <E key="scavenger_smg" value="2" >
    </E>
    <E key="scorpion" value="25" >
    </E>
    <E key="sheep" value="1" >
    </E>
    <E key="shotgunner" value="1" >
    </E>
    <E key="skullrat" value="2" >
    </E>
    <E key="sniper" value="1" >
    </E>
    <E key="tentacler" value="3" >
    </E>
    <E key="tentacler_small" value="15" >
    </E>
    <E key="thunderskull" value="1" >
    </E>
    <E key="wizard_swapper" value="1" >
    </E>
    <E key="worm_skull" value="1" >
    </E>
    <E key="worm_tiny" value="1" >
    </E>
    <E key="zombie" value="12" >
    </E>
  </kill_map>
</Stats>
