<Stats deaths="533" kills="47" player_kills="5" player_projectile_count="0" >
  <death_map>
    <E key="NULL | $damage_drowning" value="39" >
    </E>
    <E key="NULL | $damage_electricity" value="5" >
    </E>
    <E key="NULL | $damage_explosion" value="117" >
    </E>
    <E key="NULL | $damage_fire" value="77" >
    </E>
    <E key="NULL | $damage_physicshit" value="12" >
    </E>
    <E key="NULL | damage from material: acid" value="5" >
    </E>
    <E key="NULL | damage from material: toxic rock" value="7" >
    </E>
    <E key="ant | $damage_melee" value="2" >
    </E>
    <E key="blob | $damage_melee" value="1" >
    </E>
    <E key="chest_mimic | $damage_melee" value="1" >
    </E>
    <E key="death_ghost | $damage_curse" value="3" >
    </E>
    <E key="firebug | $damage_fire" value="1" >
    </E>
    <E key="firemage_weak | $damage_explosion" value="1" >
    </E>
    <E key="fly | $damage_melee" value="1" >
    </E>
    <E key="frog | $damage_melee" value="6" >
    </E>
    <E key="frog_big | $damage_melee" value="20" >
    </E>
    <E key="longleg | $damage_melee" value="1" >
    </E>
    <E key="lukki_minion | $damage_curse" value="1" >
    </E>
    <E key="miner_weak | $damage_explosion" value="15" >
    </E>
    <E key="miner_weak | $damage_melee" value="10" >
    </E>
    <E key="orb_laseremitter_cutter | $damage_plasmabeam" value="1" >
    </E>
    <E key="plague_rats_rat | $damage_melee" value="1" >
    </E>
    <E key="player | $damage_explosion" value="8" >
    </E>
    <E key="player | $damage_ice" value="1" >
    </E>
    <E key="player | $damage_plasmabeam" value="1" >
    </E>
    <E key="player | $damage_projectile" value="99" >
    </E>
    <E key="player | $damage_slice" value="35" >
    </E>
    <E key="playerghost | $damage_explosion" value="2" >
    </E>
    <E key="rat | $damage_melee" value="4" >
    </E>
    <E key="roboguard | $damage_projectile" value="1" >
    </E>
    <E key="scavenger_invis | $damage_slice" value="1" >
    </E>
    <E key="shaman | $damage_projectile" value="1" >
    </E>
    <E key="shotgunner | $damage_melee" value="1" >
    </E>
    <E key="shotgunner | $damage_projectile" value="4" >
    </E>
    <E key="shotgunner_weak | $damage_melee" value="1" >
    </E>
    <E key="shotgunner_weak | $damage_projectile" value="3" >
    </E>
    <E key="slimeshooter_nontoxic | $damage_explosion" value="1" >
    </E>
    <E key="tentacler | $damage_melee" value="1" >
    </E>
    <E key="tentacler_small | $damage_melee" value="2" >
    </E>
    <E key="wizard_dark | $damage_projectile" value="3" >
    </E>
    <E key="wizard_dark | $damage_slice" value="1" >
    </E>
    <E key="wizard_neutral | $damage_projectile" value="2" >
    </E>
    <E key="wizard_tele | $damage_projectile" value="3" >
    </E>
    <E key="worm | worm bite" value="15" >
    </E>
    <E key="worm_big | worm bite" value="2" >
    </E>
    <E key="zombie | $damage_melee" value="14" >
    </E>
  </death_map>
  <kill_map>
    <E key="ant" value="1" >
    </E>
    <E key="frog" value="6" >
    </E>
    <E key="frog_big" value="1" >
    </E>
    <E key="miner_weak" value="4" >
    </E>
    <E key="player" value="5" >
    </E>
    <E key="rat" value="21" >
    </E>
    <E key="shotgunner" value="1" >
    </E>
    <E key="zombie" value="8" >
    </E>
  </kill_map>
</Stats>
