<Stats deaths="18" kills="36" player_kills="0" player_projectile_count="0" >
  <death_map>
    <E key="NULL | $damage_drowning" value="1" >
    </E>
    <E key="NULL | $damage_electricity" value="1" >
    </E>
    <E key="NULL | damage from material: Cursed rock" value="1" >
    </E>
    <E key="player | $damage_electricity" value="1" >
    </E>
    <E key="player | $damage_projectile" value="13" >
    </E>
    <E key="worm_big | worm bite" value="1" >
    </E>
  </death_map>
  <kill_map>
    <E key="meatmaggot" value="4" >
    </E>
    <E key="rat" value="22" >
    </E>
    <E key="shotgunner_hell" value="5" >
    </E>
    <E key="slimespirit" value="1" >
    </E>
    <E key="walleye" value="1" >
    </E>
    <E key="wallmouth" value="1" >
    </E>
    <E key="wizard_hearty" value="2" >
    </E>
  </kill_map>
</Stats>
