<Stats deaths="34" kills="1" player_kills="0" player_projectile_count="0" >
  <death_map>
    <E key="NULL | $damage_explosion" value="2" >
    </E>
    <E key="NULL | damage from material: Cursed rock" value="1" >
    </E>
    <E key="NULL | physics body damaged" value="12" >
    </E>
    <E key="player | $damage_electricity" value="1" >
    </E>
    <E key="player | $damage_explosion" value="1" >
    </E>
    <E key="player | $damage_projectile" value="16" >
    </E>
    <E key="spitmonster | $damage_projectile" value="1" >
    </E>
  </death_map>
  <kill_map>
    <E key="tnt_hell" value="1" >
    </E>
  </kill_map>
</Stats>
