<Stats deaths="62" kills="40" player_kills="0" player_projectile_count="0" >
  <death_map>
    <E key="NULL | $damage_drowning" value="2" >
    </E>
    <E key="NULL | $damage_electricity" value="1" >
    </E>
    <E key="NULL | $damage_explosion" value="3" >
    </E>
    <E key="NULL | $damage_physicshit" value="5" >
    </E>
    <E key="NULL | damage from material: acid" value="3" >
    </E>
    <E key="NULL | damage from material: lava" value="1" >
    </E>
    <E key="NULL | damage from material: toxic rock" value="1" >
    </E>
    <E key="chest_mimic | $damage_melee" value="1" >
    </E>
    <E key="death_ghost | $damage_curse" value="2" >
    </E>
    <E key="enlightened_alchemist | $damage_projectile" value="1" >
    </E>
    <E key="phantom_b | $damage_melee" value="1" >
    </E>
    <E key="player | $damage_electricity" value="3" >
    </E>
    <E key="player | $damage_explosion" value="1" >
    </E>
    <E key="player | $damage_ice" value="2" >
    </E>
    <E key="player | $damage_kick" value="1" >
    </E>
    <E key="player | $damage_plasmabeam" value="2" >
    </E>
    <E key="player | $damage_projectile" value="19" >
    </E>
    <E key="player | $damage_rock_curse" value="3" >
    </E>
    <E key="player | $damage_slice" value="2" >
    </E>
    <E key="roboguard | $damage_melee" value="1" >
    </E>
    <E key="skullfly | $damage_projectile" value="1" >
    </E>
    <E key="skullrat | $damage_melee" value="3" >
    </E>
    <E key="tentacler | $damage_melee" value="1" >
    </E>
    <E key="worm | worm bite" value="1" >
    </E>
    <E key="worm_skull | worm bite" value="1" >
    </E>
  </death_map>
  <kill_map>
    <E key="alchemist" value="1" >
    </E>
    <E key="blob" value="2" >
    </E>
    <E key="lasershooter" value="1" >
    </E>
    <E key="miniblob" value="14" >
    </E>
    <E key="monk" value="1" >
    </E>
    <E key="physics_torch_stand" value="1" >
    </E>
    <E key="potion" value="1" >
    </E>
    <E key="potion_aggressive" value="1" >
    </E>
    <E key="rat" value="2" >
    </E>
    <E key="roboguard" value="3" >
    </E>
    <E key="scavenger_grenade" value="2" >
    </E>
    <E key="scavenger_heal" value="1" >
    </E>
    <E key="scavenger_smg" value="1" >
    </E>
    <E key="scorpion" value="1" >
    </E>
    <E key="tentacler" value="1" >
    </E>
    <E key="tentacler_small" value="1" >
    </E>
    <E key="wizard_poly" value="1" >
    </E>
    <E key="wizard_swapper" value="1" >
    </E>
    <E key="zombie" value="4" >
    </E>
  </kill_map>
</Stats>
