<Stats deaths="31" kills="0" player_kills="0" player_projectile_count="0" >
  <death_map>
    <E key="NULL | $damage_drowning" value="2" >
    </E>
    <E key="NULL | $damage_explosion" value="2" >
    </E>
    <E key="NULL | $damage_fire" value="3" >
    </E>
    <E key="NULL | damage from material: Cursed rock" value="1" >
    </E>
    <E key="NULL | damage from material: lava" value="2" >
    </E>
    <E key="NULL | damage from material: toxic rock" value="1" >
    </E>
    <E key="homunculus | $damage_projectile" value="2" >
    </E>
    <E key="player | $damage_projectile" value="13" >
    </E>
    <E key="player | $damage_slice" value="1" >
    </E>
    <E key="statue | $damage_melee" value="1" >
    </E>
    <E key="worm | worm bite" value="1" >
    </E>
    <E key="worm_skull | worm bite" value="2" >
    </E>
  </death_map>
  <kill_map>
  </kill_map>
</Stats>
