<Stats deaths="1031" kills="7" player_kills="0" player_projectile_count="0" >
  <death_map>
    <E key="NULL | $damage_explosion" value="674" >
    </E>
    <E key="NULL | $damage_fire" value="79" >
    </E>
    <E key="NULL | $damage_plasmabeam" value="2" >
    </E>
    <E key="NULL | $damage_projectile" value="22" >
    </E>
    <E key="NULL | damage from material: Cursed rock" value="12" >
    </E>
    <E key="NULL | damage from material: acid" value="19" >
    </E>
    <E key="NULL | damage from material: lava" value="1" >
    </E>
    <E key="NULL | damage from material: toxic rock" value="56" >
    </E>
    <E key="basebot_sentry | $damage_fire" value="1" >
    </E>
    <E key="blob | $damage_melee" value="6" >
    </E>
    <E key="homunculus | $damage_projectile" value="4" >
    </E>
    <E key="miniblob | $damage_melee" value="12" >
    </E>
    <E key="player | $damage_drill" value="1" >
    </E>
    <E key="player | $damage_explosion" value="2" >
    </E>
    <E key="player | $damage_fire" value="1" >
    </E>
    <E key="player | $damage_projectile" value="132" >
    </E>
    <E key="player | $damage_slice" value="1" >
    </E>
    <E key="roboguard_big | $damage_fire" value="4" >
    </E>
    <E key="rock_curse | $damage_rock_curse" value="2" >
    </E>
  </death_map>
  <kill_map>
    <E key="blob" value="1" >
    </E>
    <E key="miniblob" value="6" >
    </E>
  </kill_map>
</Stats>
