<Stats deaths="215" kills="305" player_kills="4" player_projectile_count="0" >
  <death_map>
    <E key="NULL | $damage_electricity" value="13" >
    </E>
    <E key="NULL | $damage_explosion" value="67" >
    </E>
    <E key="NULL | $damage_physicshit" value="8" >
    </E>
    <E key="NULL | damage from material: acid" value="8" >
    </E>
    <E key="NULL | damage from material: concentrated mana" value="6" >
    </E>
    <E key="NULL | damage from material: lava" value="1" >
    </E>
    <E key="bigfirebug | $damage_projectile" value="1" >
    </E>
    <E key="death_ghost | $damage_curse" value="1" >
    </E>
    <E key="maggot | $damage_explosion" value="3" >
    </E>
    <E key="missilecrab | $damage_projectile" value="1" >
    </E>
    <E key="orb_laseremitter_cutter | $damage_plasmabeam" value="2" >
    </E>
    <E key="player | $damage_electricity" value="7" >
    </E>
    <E key="player | $damage_explosion" value="12" >
    </E>
    <E key="player | $damage_projectile" value="77" >
    </E>
    <E key="player | $damage_slice" value="3" >
    </E>
    <E key="player_rng_items | $damage_explosion" value="1" >
    </E>
    <E key="roboguard | $damage_explosion" value="1" >
    </E>
    <E key="tank | $damage_projectile" value="1" >
    </E>
    <E key="worm | worm bite" value="1" >
    </E>
    <E key="worm_big | worm bite" value="1" >
    </E>
  </death_map>
  <kill_map>
    <E key="acidshooter" value="6" >
    </E>
    <E key="acidshot" value="10" >
    </E>
    <E key="ant" value="4" >
    </E>
    <E key="blob" value="6" >
    </E>
    <E key="bloom" value="1" >
    </E>
    <E key="coward" value="1" >
    </E>
    <E key="drone_lasership" value="1" >
    </E>
    <E key="frog" value="1" >
    </E>
    <E key="fungus" value="6" >
    </E>
    <E key="fungus_projectile" value="1" >
    </E>
    <E key="healerdrone_physics" value="3" >
    </E>
    <E key="longleg" value="16" >
    </E>
    <E key="maggot" value="1" >
    </E>
    <E key="miniblob" value="51" >
    </E>
    <E key="physics_ragdoll_ai" value="1" >
    </E>
    <E key="player" value="4" >
    </E>
    <E key="potion" value="1" >
    </E>
    <E key="powder_stash" value="1" >
    </E>
    <E key="rat" value="87" >
    </E>
    <E key="roboguard" value="1" >
    </E>
    <E key="scavenger_glue" value="2" >
    </E>
    <E key="scavenger_grenade" value="1" >
    </E>
    <E key="scavenger_invis" value="3" >
    </E>
    <E key="scavenger_mine" value="1" >
    </E>
    <E key="sheep" value="2" >
    </E>
    <E key="shotgunner" value="1" >
    </E>
    <E key="shotgunner_weak" value="1" >
    </E>
    <E key="slimeshooter" value="7" >
    </E>
    <E key="slimeshooter_nontoxic" value="5" >
    </E>
    <E key="tentacler" value="9" >
    </E>
    <E key="tentacler_small" value="20" >
    </E>
    <E key="thunderskull" value="6" >
    </E>
    <E key="wizard_dark" value="5" >
    </E>
    <E key="wizard_neutral" value="1" >
    </E>
    <E key="wizard_swapper" value="2" >
    </E>
    <E key="wizard_tele" value="2" >
    </E>
    <E key="wizard_twitchy" value="2" >
    </E>
    <E key="worm_tiny" value="1" >
    </E>
    <E key="zombie" value="31" >
    </E>
  </kill_map>
</Stats>
