<Stats deaths="69" kills="24" player_kills="1" player_projectile_count="0" >
  <death_map>
    <E key="NULL | $damage_drowning" value="1" >
    </E>
    <E key="NULL | $damage_fire" value="6" >
    </E>
    <E key="NULL | $damage_physicshit" value="2" >
    </E>
    <E key="NULL | damage from material: Cursed rock" value="2" >
    </E>
    <E key="NULL | damage from material: lava" value="1" >
    </E>
    <E key="death_ghost | $damage_curse" value="1" >
    </E>
    <E key="phantom_a | $damage_projectile" value="2" >
    </E>
    <E key="player | $damage_projectile" value="42" >
    </E>
    <E key="player | $damage_rock_curse" value="2" >
    </E>
    <E key="player | $damage_slice" value="3" >
    </E>
    <E key="shotgunner_hell | $damage_projectile" value="1" >
    </E>
    <E key="sniper_hell | $damage_projectile" value="2" >
    </E>
    <E key="worm | worm bite" value="2" >
    </E>
    <E key="worm_skull | worm bite" value="2" >
    </E>
  </death_map>
  <kill_map>
    <E key="firebug" value="1" >
    </E>
    <E key="fireskull" value="1" >
    </E>
    <E key="meatmaggot" value="1" >
    </E>
    <E key="mimic_physics" value="1" >
    </E>
    <E key="miniblob" value="1" >
    </E>
    <E key="phantom_b" value="1" >
    </E>
    <E key="player" value="1" >
    </E>
    <E key="rat" value="3" >
    </E>
    <E key="scorpion" value="13" >
    </E>
    <E key="skullrat" value="1" >
    </E>
  </kill_map>
</Stats>
