<Stats deaths="15" kills="15" player_kills="3" player_projectile_count="0" >
  <death_map>
    <E key="NULL | $damage_explosion" value="1" >
    </E>
    <E key="chain_bolt | $damage_rock_curse" value="1" >
    </E>
    <E key="player | $damage_explosion" value="1" >
    </E>
    <E key="player | $damage_projectile" value="11" >
    </E>
    <E key="player | $damage_rock_curse" value="1" >
    </E>
  </death_map>
  <kill_map>
    <E key="alchemist" value="1" >
    </E>
    <E key="longleg" value="1" >
    </E>
    <E key="player" value="3" >
    </E>
    <E key="potion_aggressive" value="1" >
    </E>
    <E key="scorpion" value="7" >
    </E>
    <E key="skullfly" value="1" >
    </E>
    <E key="skullrat" value="1" >
    </E>
  </kill_map>
</Stats>
