<Stats deaths="138" kills="0" player_kills="0" player_projectile_count="0" >
  <death_map>
    <E key="NULL | $damage_drowning" value="8" >
    </E>
    <E key="NULL | $damage_electricity" value="2" >
    </E>
    <E key="NULL | $damage_explosion" value="17" >
    </E>
    <E key="NULL | $damage_physicshit" value="12" >
    </E>
    <E key="NULL | $damage_plasmabeam" value="2" >
    </E>
    <E key="NULL | $damage_radioactive" value="23" >
    </E>
    <E key="NULL | damage from material: acid" value="5" >
    </E>
    <E key="NULL | damage from material: lava" value="3" >
    </E>
    <E key="NULL | damage from material: toxic gas" value="1" >
    </E>
    <E key="NULL | damage from material: toxic rock" value="1" >
    </E>
    <E key="death_ghost | $damage_curse" value="4" >
    </E>
    <E key="evil_eye | $damage_plasmabeam" value="1" >
    </E>
    <E key="firebug | $damage_melee" value="1" >
    </E>
    <E key="firemage_weak | $damage_explosion" value="2" >
    </E>
    <E key="homunculus | $damage_projectile" value="1" >
    </E>
    <E key="plague_rats_rat | $damage_melee" value="1" >
    </E>
    <E key="player | $damage_explosion" value="7" >
    </E>
    <E key="player | $damage_physicshit" value="1" >
    </E>
    <E key="player | $damage_plasmabeam" value="2" >
    </E>
    <E key="player | $damage_projectile" value="27" >
    </E>
    <E key="player | $damage_slice" value="11" >
    </E>
    <E key="playerghost | $damage_projectile" value="2" >
    </E>
    <E key="slimeshooter_weak | $damage_projectile" value="1" >
    </E>
    <E key="worm | worm bite" value="3" >
    </E>
  </death_map>
  <kill_map>
  </kill_map>
</Stats>
