<Stats deaths="192" kills="58" player_kills="0" player_projectile_count="0" >
  <death_map>
    <E key="NULL | $damage_electricity" value="4" >
    </E>
    <E key="NULL | $damage_explosion" value="7" >
    </E>
    <E key="NULL | $damage_physicshit" value="3" >
    </E>
    <E key="NULL | damage from material: Cursed rock" value="8" >
    </E>
    <E key="NULL | damage from material: acid" value="1" >
    </E>
    <E key="NULL | damage from material: freezing vapour" value="1" >
    </E>
    <E key="NULL | damage from material: lava" value="6" >
    </E>
    <E key="death_ghost | $damage_curse" value="1" >
    </E>
    <E key="firemage | $damage_explosion" value="1" >
    </E>
    <E key="homunculus | $damage_projectile" value="6" >
    </E>
    <E key="orb_laseremitter_cutter | $damage_plasmabeam" value="3" >
    </E>
    <E key="phantom_b | $damage_projectile" value="1" >
    </E>
    <E key="player | $damage_electricity" value="6" >
    </E>
    <E key="player | $damage_explosion" value="12" >
    </E>
    <E key="player | $damage_plasmabeam" value="3" >
    </E>
    <E key="player | $damage_projectile" value="102" >
    </E>
    <E key="player | $damage_rock_curse" value="1" >
    </E>
    <E key="player | $damage_slice" value="9" >
    </E>
    <E key="rat | $damage_melee" value="1" >
    </E>
    <E key="rock_curse | $damage_rock_curse" value="1" >
    </E>
    <E key="skullrat | $damage_melee" value="1" >
    </E>
    <E key="tank | $damage_projectile" value="1" >
    </E>
    <E key="tentacler | $damage_melee" value="1" >
    </E>
    <E key="wizard_returner | $damage_explosion" value="4" >
    </E>
    <E key="wizard_returner | $damage_projectile" value="8" >
    </E>
  </death_map>
  <kill_map>
    <E key="acidshooter" value="3" >
    </E>
    <E key="acidshot" value="7" >
    </E>
    <E key="arrowtrap_left" value="1" >
    </E>
    <E key="arrowtrap_right" value="1" >
    </E>
    <E key="enlightened_alchemist" value="1" >
    </E>
    <E key="flamer" value="1" >
    </E>
    <E key="longleg" value="7" >
    </E>
    <E key="necromancer" value="1" >
    </E>
    <E key="phantom_b" value="2" >
    </E>
    <E key="physics_torch_stand" value="2" >
    </E>
    <E key="plague_rats_rat" value="1" >
    </E>
    <E key="polyorb" value="3" >
    </E>
    <E key="scavenger_grenade" value="1" >
    </E>
    <E key="scavenger_smg" value="4" >
    </E>
    <E key="scorpion" value="7" >
    </E>
    <E key="shooterflower" value="1" >
    </E>
    <E key="slimeshooter" value="1" >
    </E>
    <E key="tentacler_small" value="7" >
    </E>
    <E key="thunderskull" value="1" >
    </E>
    <E key="wizard_hearty" value="2" >
    </E>
    <E key="wizard_neutral" value="1" >
    </E>
    <E key="wizard_tele" value="1" >
    </E>
    <E key="wizard_twitchy" value="1" >
    </E>
    <E key="wizard_weaken" value="1" >
    </E>
  </kill_map>
</Stats>
