<Stats deaths="229" kills="337" player_kills="9" player_projectile_count="0" >
  <death_map>
    <E key="NULL | $damage_explosion" value="18" >
    </E>
    <E key="NULL | $damage_physicshit" value="15" >
    </E>
    <E key="NULL | $damage_plasmabeam" value="1" >
    </E>
    <E key="NULL | damage from material: Cursed rock" value="1" >
    </E>
    <E key="NULL | damage from material: acid" value="3" >
    </E>
    <E key="NULL | damage from material: freezing vapour" value="3" >
    </E>
    <E key="NULL | damage from material: toxic rock" value="1" >
    </E>
    <E key="beam_from_sky | $damage_plasmabeam" value="1" >
    </E>
    <E key="death_ghost | $damage_curse" value="4" >
    </E>
    <E key="homunculus | $damage_projectile" value="9" >
    </E>
    <E key="lukki_minion | $damage_curse" value="1" >
    </E>
    <E key="miniblob | $damage_melee" value="1" >
    </E>
    <E key="orb_laseremitter_cutter | $damage_plasmabeam" value="1" >
    </E>
    <E key="player | $damage_explosion" value="10" >
    </E>
    <E key="player | $damage_fire" value="1" >
    </E>
    <E key="player | $damage_ice" value="4" >
    </E>
    <E key="player | $damage_projectile" value="121" >
    </E>
    <E key="player | $damage_slice" value="4" >
    </E>
    <E key="player_rng_items | $damage_explosion" value="1" >
    </E>
    <E key="rock_curse | $damage_rock_curse" value="1" >
    </E>
    <E key="sniper | $damage_projectile" value="4" >
    </E>
    <E key="thundermage | $damage_explosion" value="7" >
    </E>
    <E key="wizard_homing | $damage_explosion" value="5" >
    </E>
    <E key="worm | worm bite" value="5" >
    </E>
    <E key="worm_big | worm bite" value="6" >
    </E>
    <E key="worm_tiny | worm bite" value="1" >
    </E>
  </death_map>
  <kill_map>
    <E key="acidshooter" value="1" >
    </E>
    <E key="acidshot" value="2" >
    </E>
    <E key="bat" value="2" >
    </E>
    <E key="bigzombietorso" value="1" >
    </E>
    <E key="blob" value="6" >
    </E>
    <E key="bomb" value="2" >
    </E>
    <E key="chest_mimic" value="1" >
    </E>
    <E key="dripping_oil" value="1" >
    </E>
    <E key="dripping_water" value="1" >
    </E>
    <E key="drone_physics" value="1" >
    </E>
    <E key="fly" value="3" >
    </E>
    <E key="fungus" value="1" >
    </E>
    <E key="glue" value="9" >
    </E>
    <E key="iceskull" value="5" >
    </E>
    <E key="miniblob" value="28" >
    </E>
    <E key="pebble_physics" value="4" >
    </E>
    <E key="physics_barrel_oil" value="1" >
    </E>
    <E key="physics_box_explosive" value="1" >
    </E>
    <E key="physics_torch_stand" value="1" >
    </E>
    <E key="player" value="9" >
    </E>
    <E key="potion" value="3" >
    </E>
    <E key="rat" value="156" >
    </E>
    <E key="scavenger_glue" value="4" >
    </E>
    <E key="scavenger_grenade" value="7" >
    </E>
    <E key="scavenger_invis" value="1" >
    </E>
    <E key="scavenger_smg" value="10" >
    </E>
    <E key="scorpion" value="10" >
    </E>
    <E key="sheep_fly" value="1" >
    </E>
    <E key="shotgunner" value="14" >
    </E>
    <E key="slimeshooter" value="11" >
    </E>
    <E key="sniper" value="17" >
    </E>
    <E key="tank" value="5" >
    </E>
    <E key="tentacler_small" value="2" >
    </E>
    <E key="thundermage" value="7" >
    </E>
    <E key="thunderskull" value="2" >
    </E>
    <E key="wizard_dark" value="1" >
    </E>
    <E key="worm" value="2" >
    </E>
    <E key="worm_tiny" value="3" >
    </E>
    <E key="zombie_weak" value="1" >
    </E>
  </kill_map>
</Stats>
