<Stats deaths="20" kills="8" player_kills="0" player_projectile_count="0" >
  <death_map>
    <E key="NULL | $damage_physicshit" value="3" >
    </E>
    <E key="basebot_soldier | $damage_explosion" value="1" >
    </E>
    <E key="player | $damage_electricity" value="10" >
    </E>
    <E key="player | $damage_explosion" value="3" >
    </E>
    <E key="player | $damage_hitfx_curse" value="3" >
    </E>
  </death_map>
  <kill_map>
    <E key="frog_big" value="1" >
    </E>
    <E key="fungus_tiny" value="4" >
    </E>
    <E key="scavenger_glue" value="2" >
    </E>
    <E key="scavenger_grenade" value="1" >
    </E>
  </kill_map>
</Stats>
