<Stats deaths="2019" kills="253" player_kills="0" player_projectile_count="0" >
  <death_map>
    <E key="NULL | $damage_drowning" value="482" >
    </E>
    <E key="NULL | $damage_electricity" value="19" >
    </E>
    <E key="NULL | $damage_explosion" value="348" >
    </E>
    <E key="NULL | $damage_fire" value="59" >
    </E>
    <E key="NULL | $damage_melee" value="4" >
    </E>
    <E key="NULL | $damage_physicshit" value="25" >
    </E>
    <E key="NULL | $damage_projectile" value="2" >
    </E>
    <E key="NULL | damage from material: Poison" value="1" >
    </E>
    <E key="NULL | damage from material: acid" value="40" >
    </E>
    <E key="NULL | damage from material: freezing liquid" value="2" >
    </E>
    <E key="NULL | damage from material: lava" value="13" >
    </E>
    <E key="NULL | damage from material: toxic gas" value="1" >
    </E>
    <E key="NULL | damage from material: toxic rock" value="69" >
    </E>
    <E key="acidshooter | $damage_melee" value="1" >
    </E>
    <E key="acidshooter | $damage_projectile" value="2" >
    </E>
    <E key="ant | $damage_melee" value="11" >
    </E>
    <E key="bat | $damage_melee" value="5" >
    </E>
    <E key="blob | $damage_melee" value="53" >
    </E>
    <E key="bloom | $damage_explosion" value="1" >
    </E>
    <E key="boss_pit | $damage_explosion" value="1" >
    </E>
    <E key="boss_pit | $damage_projectile" value="6" >
    </E>
    <E key="death_ghost | $damage_curse" value="19" >
    </E>
    <E key="drone_physics | $damage_projectile" value="1" >
    </E>
    <E key="firebug | $damage_fire" value="2" >
    </E>
    <E key="firemage_weak | $damage_explosion" value="4" >
    </E>
    <E key="fly | $damage_melee" value="5" >
    </E>
    <E key="frog | $damage_melee" value="8" >
    </E>
    <E key="frog_big | $damage_melee" value="7" >
    </E>
    <E key="giantshooter | $damage_melee" value="1" >
    </E>
    <E key="goblin_bomb | $damage_explosion" value="1" >
    </E>
    <E key="goblin_bomb | $damage_melee" value="6" >
    </E>
    <E key="homunculus | $damage_projectile" value="6" >
    </E>
    <E key="longleg | $damage_melee" value="3" >
    </E>
    <E key="lukki_minion | $damage_curse" value="3" >
    </E>
    <E key="maggot | $damage_explosion" value="4" >
    </E>
    <E key="miner | $damage_explosion" value="36" >
    </E>
    <E key="miner | $damage_melee" value="13" >
    </E>
    <E key="miner | $damage_slice" value="1" >
    </E>
    <E key="miner_weak | $damage_explosion" value="48" >
    </E>
    <E key="miner_weak | $damage_melee" value="14" >
    </E>
    <E key="miniblob | $damage_melee" value="47" >
    </E>
    <E key="necromancer_super | $damage_projectile" value="1" >
    </E>
    <E key="orb_laseremitter_cutter | $damage_plasmabeam" value="8" >
    </E>
    <E key="player | $damage_electricity" value="6" >
    </E>
    <E key="player | $damage_explosion" value="37" >
    </E>
    <E key="player | $damage_fire" value="1" >
    </E>
    <E key="player | $damage_ice" value="8" >
    </E>
    <E key="player | $damage_plasmabeam" value="3" >
    </E>
    <E key="player | $damage_projectile" value="237" >
    </E>
    <E key="player | $damage_rock_curse" value="1" >
    </E>
    <E key="player | $damage_slice" value="35" >
    </E>
    <E key="player | bzzt!" value="1" >
    </E>
    <E key="player | hit" value="2" >
    </E>
    <E key="player_rng_items | $damage_explosion" value="7" >
    </E>
    <E key="player_rng_items | $damage_projectile" value="2" >
    </E>
    <E key="playerghost | $damage_melee" value="1" >
    </E>
    <E key="playerghost | $damage_projectile" value="1" >
    </E>
    <E key="rat | $damage_melee" value="43" >
    </E>
    <E key="roboguard | $damage_explosion" value="7" >
    </E>
    <E key="roboguard | $damage_melee" value="13" >
    </E>
    <E key="roboguard | $damage_projectile" value="11" >
    </E>
    <E key="scavenger_clusterbomb | $damage_explosion" value="2" >
    </E>
    <E key="scavenger_clusterbomb | $damage_melee" value="1" >
    </E>
    <E key="scavenger_clusterbomb | $damage_projectile" value="2" >
    </E>
    <E key="scavenger_grenade | $damage_projectile" value="4" >
    </E>
    <E key="scavenger_invis | $damage_projectile" value="5" >
    </E>
    <E key="scavenger_invis | $damage_slice" value="1" >
    </E>
    <E key="scavenger_poison | $damage_explosion" value="1" >
    </E>
    <E key="scavenger_smg | $damage_explosion" value="2" >
    </E>
    <E key="shaman | $damage_projectile" value="4" >
    </E>
    <E key="shotgunner | $damage_melee" value="9" >
    </E>
    <E key="shotgunner | $damage_projectile" value="31" >
    </E>
    <E key="shotgunner_weak | $damage_melee" value="1" >
    </E>
    <E key="shotgunner_weak | $damage_projectile" value="12" >
    </E>
    <E key="slimeshooter | $damage_explosion" value="22" >
    </E>
    <E key="slimeshooter | $damage_melee" value="1" >
    </E>
    <E key="slimeshooter | $damage_projectile" value="4" >
    </E>
    <E key="slimeshooter_nontoxic | $damage_explosion" value="2" >
    </E>
    <E key="slimeshooter_nontoxic | $damage_melee" value="1" >
    </E>
    <E key="slimeshooter_weak | $damage_explosion" value="4" >
    </E>
    <E key="slimeshooter_weak | $damage_projectile" value="6" >
    </E>
    <E key="sunegg | $damage_sun" value="22" >
    </E>
    <E key="tentacler | $damage_melee" value="12" >
    </E>
    <E key="tentacler_small | $damage_melee" value="14" >
    </E>
    <E key="wizard_dark | $damage_explosion" value="1" >
    </E>
    <E key="wizard_dark | $damage_projectile" value="5" >
    </E>
    <E key="wizard_dark | $damage_slice" value="1" >
    </E>
    <E key="wizard_neutral | $damage_projectile" value="1" >
    </E>
    <E key="wizard_returner | $damage_explosion" value="1" >
    </E>
    <E key="wizard_swapper | $damage_slice" value="1" >
    </E>
    <E key="wizard_tele | $damage_explosion" value="1" >
    </E>
    <E key="wizard_tele | $damage_projectile" value="6" >
    </E>
    <E key="wizard_twitchy | $damage_projectile" value="2" >
    </E>
    <E key="worm | worm bite" value="17" >
    </E>
    <E key="worm_big | worm bite" value="1" >
    </E>
    <E key="worm_tiny | worm bite" value="4" >
    </E>
    <E key="zombie | $damage_explosion" value="1" >
    </E>
    <E key="zombie | $damage_melee" value="15" >
    </E>
  </death_map>
  <kill_map>
    <E key="acidshooter_weak" value="1" >
    </E>
    <E key="blob" value="4" >
    </E>
    <E key="drone_physics" value="1" >
    </E>
    <E key="fly" value="3" >
    </E>
    <E key="frog" value="14" >
    </E>
    <E key="longleg" value="3" >
    </E>
    <E key="miner" value="1" >
    </E>
    <E key="miner_weak" value="4" >
    </E>
    <E key="miniblob" value="39" >
    </E>
    <E key="rat" value="129" >
    </E>
    <E key="scorpion" value="3" >
    </E>
    <E key="sheep" value="1" >
    </E>
    <E key="shotgunner" value="1" >
    </E>
    <E key="slimeshooter" value="2" >
    </E>
    <E key="slimeshooter_weak" value="1" >
    </E>
    <E key="tentacler" value="1" >
    </E>
    <E key="tentacler_small" value="6" >
    </E>
    <E key="wizard_swapper" value="3" >
    </E>
    <E key="zombie" value="16" >
    </E>
    <E key="zombie_weak" value="20" >
    </E>
  </kill_map>
</Stats>
