<Stats deaths="118" kills="33" player_kills="4" player_projectile_count="0" >
  <death_map>
    <E key="NULL | $damage_drowning" value="8" >
    </E>
    <E key="NULL | $damage_electricity" value="3" >
    </E>
    <E key="NULL | $damage_explosion" value="10" >
    </E>
    <E key="NULL | $damage_physicshit" value="8" >
    </E>
    <E key="NULL | damage from material: acid" value="4" >
    </E>
    <E key="blob | $damage_melee" value="1" >
    </E>
    <E key="effect_curse_cloud_01_temporary | $damage_explosion" value="5" >
    </E>
    <E key="lasergun | $damage_projectile" value="1" >
    </E>
    <E key="miner_weak | $damage_explosion" value="4" >
    </E>
    <E key="miner_weak | $damage_melee" value="1" >
    </E>
    <E key="player | $damage_explosion" value="13" >
    </E>
    <E key="player | $damage_ice" value="1" >
    </E>
    <E key="player | $damage_kick" value="1" >
    </E>
    <E key="player | $damage_projectile" value="45" >
    </E>
    <E key="player | $damage_slice" value="4" >
    </E>
    <E key="shotgunner | $damage_melee" value="1" >
    </E>
    <E key="shotgunner | $damage_projectile" value="1" >
    </E>
    <E key="shotgunner_weak | $damage_projectile" value="1" >
    </E>
    <E key="slimeshooter | $damage_explosion" value="1" >
    </E>
    <E key="slimeshooter_nontoxic | $damage_projectile" value="1" >
    </E>
    <E key="slimeshooter_weak | $damage_projectile" value="1" >
    </E>
    <E key="sniper | $damage_melee" value="1" >
    </E>
    <E key="sniper | $damage_projectile" value="1" >
    </E>
    <E key="worm_tiny | worm bite" value="1" >
    </E>
  </death_map>
  <kill_map>
    <E key="bat" value="1" >
    </E>
    <E key="bomb" value="2" >
    </E>
    <E key="frog" value="1" >
    </E>
    <E key="goblin_bomb" value="1" >
    </E>
    <E key="miner_weak" value="5" >
    </E>
    <E key="player" value="4" >
    </E>
    <E key="scavenger_grenade" value="2" >
    </E>
    <E key="scavenger_smg" value="1" >
    </E>
    <E key="shotgunner" value="2" >
    </E>
    <E key="shotgunner_weak" value="3" >
    </E>
    <E key="slimeshooter" value="1" >
    </E>
    <E key="slimeshooter_weak" value="2" >
    </E>
    <E key="zombie" value="4" >
    </E>
    <E key="zombie_weak" value="4" >
    </E>
  </kill_map>
</Stats>
