<Stats deaths="437" kills="78" player_kills="1" player_projectile_count="0" >
  <death_map>
    <E key="NULL | $damage_electricity" value="42" >
    </E>
    <E key="NULL | $damage_explosion" value="183" >
    </E>
    <E key="NULL | $damage_physicshit" value="19" >
    </E>
    <E key="NULL | physics body damaged" value="78" >
    </E>
    <E key="ant | $damage_melee" value="1" >
    </E>
    <E key="bat | $damage_melee" value="1" >
    </E>
    <E key="death_ghost | $damage_curse" value="4" >
    </E>
    <E key="homunculus | $damage_projectile" value="2" >
    </E>
    <E key="iceskull | $damage_explosion" value="1" >
    </E>
    <E key="lukki_minion | $damage_curse" value="1" >
    </E>
    <E key="player | $damage_electricity" value="6" >
    </E>
    <E key="player | $damage_explosion" value="10" >
    </E>
    <E key="player | $damage_plasmabeam" value="4" >
    </E>
    <E key="player | $damage_projectile" value="63" >
    </E>
    <E key="player | $damage_rock_curse" value="1" >
    </E>
    <E key="player | $damage_slice" value="1" >
    </E>
    <E key="player_rng_items | $damage_explosion" value="2" >
    </E>
    <E key="rat | $damage_melee" value="1" >
    </E>
    <E key="scavenger_invis | $damage_projectile" value="1" >
    </E>
    <E key="shotgunner | $damage_projectile" value="1" >
    </E>
    <E key="slimeshooter | $damage_explosion" value="5" >
    </E>
    <E key="slimeshooter_nontoxic | $damage_explosion" value="1" >
    </E>
    <E key="tentacler | $damage_melee" value="4" >
    </E>
    <E key="tentacler_small | $damage_melee" value="1" >
    </E>
    <E key="thundermage | $damage_melee" value="1" >
    </E>
    <E key="wizard_dark | $damage_projectile" value="1" >
    </E>
    <E key="wizard_swapper | $damage_explosion" value="1" >
    </E>
    <E key="zombie | $damage_melee" value="1" >
    </E>
  </death_map>
  <kill_map>
    <E key="acidshooter" value="1" >
    </E>
    <E key="blob" value="2" >
    </E>
    <E key="miniblob" value="19" >
    </E>
    <E key="player" value="1" >
    </E>
    <E key="rat" value="47" >
    </E>
    <E key="sheep" value="1" >
    </E>
    <E key="sheep_bat" value="1" >
    </E>
    <E key="sheep_fly" value="1" >
    </E>
    <E key="shotgunner" value="1" >
    </E>
    <E key="tentacler_small" value="2" >
    </E>
    <E key="wizard_twitchy" value="1" >
    </E>
    <E key="zombie" value="1" >
    </E>
  </kill_map>
</Stats>
