<Stats deaths="200" kills="38" player_kills="0" player_projectile_count="0" >
  <death_map>
    <E key="NULL | $damage_drowning" value="2" >
    </E>
    <E key="NULL | $damage_electricity" value="10" >
    </E>
    <E key="NULL | $damage_explosion" value="56" >
    </E>
    <E key="NULL | $damage_fire" value="19" >
    </E>
    <E key="NULL | $damage_physicshit" value="6" >
    </E>
    <E key="NULL | damage from material: acid" value="8" >
    </E>
    <E key="NULL | damage from material: freezing vapour" value="1" >
    </E>
    <E key="NULL | damage from material: lava" value="1" >
    </E>
    <E key="bigzombie | $damage_explosion" value="1" >
    </E>
    <E key="death_ghost | $damage_curse" value="7" >
    </E>
    <E key="firemage | $damage_explosion" value="1" >
    </E>
    <E key="player | $damage_electricity" value="2" >
    </E>
    <E key="player | $damage_ice" value="6" >
    </E>
    <E key="player | $damage_projectile" value="54" >
    </E>
    <E key="player | $damage_slice" value="4" >
    </E>
    <E key="scavenger_glue | $damage_melee" value="4" >
    </E>
    <E key="scavenger_leader | $damage_explosion" value="1" >
    </E>
    <E key="scavenger_leader | $damage_melee" value="4" >
    </E>
    <E key="scavenger_leader | $damage_projectile" value="1" >
    </E>
    <E key="scavenger_mine | $damage_projectile" value="1" >
    </E>
    <E key="scavenger_smg | $damage_melee" value="2" >
    </E>
    <E key="sniper | $damage_melee" value="1" >
    </E>
    <E key="sniper | $damage_projectile" value="3" >
    </E>
    <E key="tank_rocket | $damage_projectile" value="1" >
    </E>
    <E key="tentacler | $damage_melee" value="1" >
    </E>
    <E key="tentacler_small | $damage_melee" value="1" >
    </E>
    <E key="thundermage | $damage_electricity" value="1" >
    </E>
    <E key="worm | worm bite" value="1" >
    </E>
  </death_map>
  <kill_map>
    <E key="glue" value="20" >
    </E>
    <E key="miniblob" value="5" >
    </E>
    <E key="propane_tank" value="1" >
    </E>
    <E key="scavenger_glue" value="3" >
    </E>
    <E key="scavenger_grenade" value="4" >
    </E>
    <E key="scavenger_heal" value="1" >
    </E>
    <E key="scavenger_smg" value="4" >
    </E>
  </kill_map>
</Stats>
