<Stats deaths="240" kills="183" player_kills="0" player_projectile_count="0" >
  <death_map>
    <E key="NULL | $damage_drowning" value="6" >
    </E>
    <E key="NULL | $damage_electricity" value="4" >
    </E>
    <E key="NULL | $damage_explosion" value="105" >
    </E>
    <E key="NULL | $damage_fire" value="6" >
    </E>
    <E key="NULL | $damage_physicshit" value="4" >
    </E>
    <E key="NULL | $damage_projectile" value="2" >
    </E>
    <E key="NULL | damage from material: lava" value="3" >
    </E>
    <E key="acidshooter | $damage_projectile" value="1" >
    </E>
    <E key="ant | $damage_melee" value="1" >
    </E>
    <E key="blob | $damage_melee" value="6" >
    </E>
    <E key="death_ghost | $damage_curse" value="2" >
    </E>
    <E key="frog | $damage_melee" value="1" >
    </E>
    <E key="frog_big | $damage_melee" value="2" >
    </E>
    <E key="fungus_giga | $damage_projectile" value="1" >
    </E>
    <E key="homunculus | $damage_projectile" value="1" >
    </E>
    <E key="lukki | hit" value="1" >
    </E>
    <E key="miner | $damage_explosion" value="1" >
    </E>
    <E key="miniblob | $damage_melee" value="2" >
    </E>
    <E key="necromancer_super | $damage_explosion" value="1" >
    </E>
    <E key="orb_laseremitter_cutter | $damage_plasmabeam" value="2" >
    </E>
    <E key="player | $damage_electricity" value="1" >
    </E>
    <E key="player | $damage_explosion" value="8" >
    </E>
    <E key="player | $damage_ice" value="3" >
    </E>
    <E key="player | $damage_kick" value="1" >
    </E>
    <E key="player | $damage_melee" value="1" >
    </E>
    <E key="player | $damage_projectile" value="49" >
    </E>
    <E key="player | $damage_slice" value="3" >
    </E>
    <E key="player_rng_items | $damage_explosion" value="2" >
    </E>
    <E key="roboguard | $damage_explosion" value="1" >
    </E>
    <E key="roboguard | $damage_melee" value="3" >
    </E>
    <E key="slimeshooter | $damage_explosion" value="2" >
    </E>
    <E key="slimeshooter | $damage_projectile" value="3" >
    </E>
    <E key="tentacler_small | $damage_melee" value="8" >
    </E>
    <E key="wizard_dark | $damage_projectile" value="1" >
    </E>
    <E key="worm | worm bite" value="1" >
    </E>
    <E key="worm_big | worm bite" value="1" >
    </E>
  </death_map>
  <kill_map>
    <E key="acidshooter" value="3" >
    </E>
    <E key="ant" value="1" >
    </E>
    <E key="bat" value="2" >
    </E>
    <E key="blob" value="30" >
    </E>
    <E key="drone_physics" value="1" >
    </E>
    <E key="fly" value="1" >
    </E>
    <E key="frog" value="2" >
    </E>
    <E key="frog_big" value="1" >
    </E>
    <E key="giantshooter" value="1" >
    </E>
    <E key="miner" value="3" >
    </E>
    <E key="miniblob" value="98" >
    </E>
    <E key="physics_ragdoll_ai" value="1" >
    </E>
    <E key="rat" value="19" >
    </E>
    <E key="sheep" value="1" >
    </E>
    <E key="shotgunner" value="1" >
    </E>
    <E key="slimeshooter" value="2" >
    </E>
    <E key="tentacler" value="2" >
    </E>
    <E key="tentacler_small" value="2" >
    </E>
    <E key="wizard_dark" value="1" >
    </E>
    <E key="zombie" value="11" >
    </E>
  </kill_map>
</Stats>
