<Stats deaths="55" kills="87" player_kills="1" player_projectile_count="0" >
  <death_map>
    <E key="NULL | $damage_electricity" value="1" >
    </E>
    <E key="NULL | $damage_explosion" value="4" >
    </E>
    <E key="NULL | $damage_physicshit" value="10" >
    </E>
    <E key="homunculus | $damage_projectile" value="1" >
    </E>
    <E key="icemage | $damage_explosion" value="2" >
    </E>
    <E key="player | $damage_drill" value="1" >
    </E>
    <E key="player | $damage_electricity" value="1" >
    </E>
    <E key="player | $damage_explosion" value="3" >
    </E>
    <E key="player | $damage_projectile" value="24" >
    </E>
    <E key="player | $damage_slice" value="3" >
    </E>
    <E key="worm | worm bite" value="1" >
    </E>
    <E key="worm_big | worm bite" value="4" >
    </E>
  </death_map>
  <kill_map>
    <E key="fungus_projectile" value="1" >
    </E>
    <E key="ghost_crystal" value="1" >
    </E>
    <E key="icemage" value="2" >
    </E>
    <E key="iceskull" value="1" >
    </E>
    <E key="pebble_physics" value="1" >
    </E>
    <E key="player" value="1" >
    </E>
    <E key="rat" value="62" >
    </E>
    <E key="scavenger_glue" value="1" >
    </E>
    <E key="scavenger_grenade" value="5" >
    </E>
    <E key="scavenger_smg" value="2" >
    </E>
    <E key="scorpion" value="1" >
    </E>
    <E key="shotgunner" value="4" >
    </E>
    <E key="sniper" value="4" >
    </E>
    <E key="worm_tiny" value="1" >
    </E>
  </kill_map>
</Stats>
