<Stats deaths="162" kills="16" player_kills="0" player_projectile_count="0" >
  <death_map>
    <E key="NULL | $damage_drowning" value="2" >
    </E>
    <E key="NULL | $damage_explosion" value="12" >
    </E>
    <E key="NULL | $damage_fire" value="33" >
    </E>
    <E key="NULL | $damage_physicshit" value="13" >
    </E>
    <E key="death_ghost | $damage_curse" value="1" >
    </E>
    <E key="effect_curse_cloud_01_temporary | $damage_explosion" value="1" >
    </E>
    <E key="firemage_weak | $damage_explosion" value="2" >
    </E>
    <E key="miner_weak | $damage_explosion" value="14" >
    </E>
    <E key="orb_laseremitter | $damage_plasmabeam" value="1" >
    </E>
    <E key="player | $damage_explosion" value="16" >
    </E>
    <E key="player | $damage_fire" value="1" >
    </E>
    <E key="player | $damage_ice" value="1" >
    </E>
    <E key="player | $damage_projectile" value="46" >
    </E>
    <E key="player | $damage_slice" value="7" >
    </E>
    <E key="shotgunner_weak | $damage_projectile" value="7" >
    </E>
    <E key="slimeshooter | $damage_explosion" value="2" >
    </E>
    <E key="slimeshooter_nontoxic | $damage_explosion" value="1" >
    </E>
    <E key="tank | $damage_projectile" value="1" >
    </E>
    <E key="worm | worm bite" value="1" >
    </E>
  </death_map>
  <kill_map>
    <E key="longleg" value="2" >
    </E>
    <E key="miner_weak" value="2" >
    </E>
    <E key="zombie_weak" value="12" >
    </E>
  </kill_map>
</Stats>
