<Stats deaths="83" kills="4" player_kills="1" player_projectile_count="0" >
  <death_map>
    <E key="NULL | $damage_electricity" value="1" >
    </E>
    <E key="NULL | damage from material: acid" value="4" >
    </E>
    <E key="NULL | damage from material: freezing vapour" value="1" >
    </E>
    <E key="NULL | damage from material: lava" value="24" >
    </E>
    <E key="crystal_physics | $damage_projectile" value="1" >
    </E>
    <E key="failed_alchemist_b | $damage_explosion" value="3" >
    </E>
    <E key="gazer | $damage_projectile" value="1" >
    </E>
    <E key="orb_green | $damage_projectile" value="1" >
    </E>
    <E key="player | $damage_electricity" value="6" >
    </E>
    <E key="player | $damage_explosion" value="2" >
    </E>
    <E key="player | $damage_projectile" value="20" >
    </E>
    <E key="player | $damage_slice" value="2" >
    </E>
    <E key="skullfly | $damage_fire" value="2" >
    </E>
    <E key="skullrat | $damage_melee" value="7" >
    </E>
    <E key="statue | $damage_melee" value="1" >
    </E>
    <E key="worm | worm bite" value="1" >
    </E>
    <E key="worm_skull | worm bite" value="6" >
    </E>
  </death_map>
  <kill_map>
    <E key="failed_alchemist_b" value="3" >
    </E>
    <E key="player" value="1" >
    </E>
  </kill_map>
</Stats>
