<Stats deaths="75" kills="15" player_kills="0" player_projectile_count="0" >
  <death_map>
    <E key="NULL | $damage_electricity" value="6" >
    </E>
    <E key="NULL | $damage_explosion" value="5" >
    </E>
    <E key="NULL | $damage_physicshit" value="3" >
    </E>
    <E key="NULL | damage from material: acid" value="1" >
    </E>
    <E key="contact_damage | $damage_curse" value="1" >
    </E>
    <E key="death_ghost | $damage_curse" value="1" >
    </E>
    <E key="homunculus | $damage_projectile" value="1" >
    </E>
    <E key="player | $damage_electricity" value="5" >
    </E>
    <E key="player | $damage_explosion" value="5" >
    </E>
    <E key="player | $damage_plasmabeam" value="1" >
    </E>
    <E key="player | $damage_projectile" value="44" >
    </E>
    <E key="player | $damage_slice" value="2" >
    </E>
  </death_map>
  <kill_map>
    <E key="fireskull" value="1" >
    </E>
    <E key="lasershooter" value="1" >
    </E>
    <E key="longleg" value="2" >
    </E>
    <E key="miniblob" value="1" >
    </E>
    <E key="rat" value="5" >
    </E>
    <E key="scavenger_glue" value="1" >
    </E>
    <E key="scavenger_heal" value="1" >
    </E>
    <E key="tentacler_small" value="1" >
    </E>
    <E key="thunderskull" value="1" >
    </E>
    <E key="zombie_weak" value="1" >
    </E>
  </kill_map>
</Stats>
