<Stats deaths="8" kills="11" player_kills="0" player_projectile_count="0" >
  <death_map>
    <E key="NULL | $damage_explosion" value="1" >
    </E>
    <E key="player | $damage_electricity" value="2" >
    </E>
    <E key="player | $damage_explosion" value="2" >
    </E>
    <E key="player | $damage_projectile" value="3" >
    </E>
  </death_map>
  <kill_map>
    <E key="glue" value="2" >
    </E>
    <E key="rat" value="7" >
    </E>
    <E key="shotgunner_hell" value="1" >
    </E>
    <E key="slimeshooter_nontoxic" value="1" >
    </E>
  </kill_map>
</Stats>
