<Stats deaths="49" kills="15" player_kills="0" player_projectile_count="0" >
  <death_map>
    <E key="NULL | damage from material: Cursed rock" value="1" >
    </E>
    <E key="NULL | physics body damaged" value="26" >
    </E>
    <E key="plague_rats_rat | $damage_melee" value="1" >
    </E>
    <E key="player | $damage_explosion" value="1" >
    </E>
    <E key="player | $damage_ice" value="4" >
    </E>
    <E key="player | $damage_projectile" value="13" >
    </E>
    <E key="player | $damage_slice" value="3" >
    </E>
  </death_map>
  <kill_map>
    <E key="acidshooter" value="2" >
    </E>
    <E key="bigzombiehead" value="1" >
    </E>
    <E key="failed_alchemist" value="1" >
    </E>
    <E key="failed_alchemist_b" value="1" >
    </E>
    <E key="phantom_b" value="1" >
    </E>
    <E key="player_rng_items" value="1" >
    </E>
    <E key="tentacler" value="1" >
    </E>
    <E key="tentacler_small" value="5" >
    </E>
    <E key="wizard_returner" value="2" >
    </E>
  </kill_map>
</Stats>
