<Stats deaths="89" kills="272" player_kills="9" player_projectile_count="0" >
  <death_map>
    <E key="NULL | $damage_explosion" value="2" >
    </E>
    <E key="NULL | $damage_physicshit" value="21" >
    </E>
    <E key="necromancer_shop | $damage_explosion" value="1" >
    </E>
    <E key="player | $damage_drill" value="1" >
    </E>
    <E key="player | $damage_electricity" value="2" >
    </E>
    <E key="player | $damage_explosion" value="1" >
    </E>
    <E key="player | $damage_ice" value="2" >
    </E>
    <E key="player | $damage_physicshit" value="2" >
    </E>
    <E key="player | $damage_plasmabeam" value="1" >
    </E>
    <E key="player | $damage_projectile" value="51" >
    </E>
    <E key="player | $damage_rock_curse" value="1" >
    </E>
    <E key="player | $damage_slice" value="3" >
    </E>
    <E key="player_rng_items | $damage_projectile" value="1" >
    </E>
  </death_map>
  <kill_map>
    <E key="bomb" value="3" >
    </E>
    <E key="chest_mimic" value="1" >
    </E>
    <E key="fish" value="245" >
    </E>
    <E key="goblin_bomb" value="1" >
    </E>
    <E key="icer" value="1" >
    </E>
    <E key="necromancer_shop" value="1" >
    </E>
    <E key="player" value="9" >
    </E>
    <E key="player_rng_items" value="2" >
    </E>
    <E key="pollen" value="1" >
    </E>
    <E key="scavenger_grenade" value="1" >
    </E>
    <E key="scavenger_heal" value="1" >
    </E>
    <E key="scavenger_smg" value="1" >
    </E>
    <E key="slimeshooter" value="1" >
    </E>
    <E key="tnt" value="3" >
    </E>
    <E key="wolf" value="1" >
    </E>
  </kill_map>
</Stats>
