<Stats deaths="112" kills="51" player_kills="0" player_projectile_count="0" >
  <death_map>
    <E key="NULL | $damage_drowning" value="2" >
    </E>
    <E key="NULL | $damage_explosion" value="14" >
    </E>
    <E key="NULL | $damage_physicshit" value="1" >
    </E>
    <E key="NULL | damage from material: freezing vapour" value="6" >
    </E>
    <E key="NULL | physics body damaged" value="1" >
    </E>
    <E key="flamer | $damage_explosion" value="2" >
    </E>
    <E key="orb_laseremitter | $damage_plasmabeam" value="1" >
    </E>
    <E key="orb_laseremitter_cutter | $damage_plasmabeam" value="2" >
    </E>
    <E key="pebble_player_physics | $damage_explosion" value="51" >
    </E>
    <E key="player | $damage_electricity" value="5" >
    </E>
    <E key="player | $damage_explosion" value="3" >
    </E>
    <E key="player | $damage_projectile" value="2" >
    </E>
    <E key="scavenger_smg | $damage_projectile" value="11" >
    </E>
    <E key="shotgunner | $damage_projectile" value="7" >
    </E>
    <E key="sniper | $damage_projectile" value="2" >
    </E>
    <E key="tank | $damage_projectile" value="1" >
    </E>
    <E key="wizard_twitchy | $damage_projectile" value="1" >
    </E>
  </death_map>
  <kill_map>
    <E key="pebble_player_physics" value="51" >
    </E>
  </kill_map>
</Stats>
