<Stats deaths="48" kills="0" player_kills="0" player_projectile_count="0" >
  <death_map>
    <E key="NULL | $damage_drowning" value="1" >
    </E>
    <E key="NULL | $damage_electricity" value="6" >
    </E>
    <E key="NULL | $damage_explosion" value="5" >
    </E>
    <E key="NULL | $damage_fire" value="1" >
    </E>
    <E key="NULL | $damage_physicshit" value="3" >
    </E>
    <E key="assassin | $damage_melee" value="1" >
    </E>
    <E key="homunculus | $damage_projectile" value="5" >
    </E>
    <E key="maggot | $damage_explosion" value="1" >
    </E>
    <E key="player | $damage_electricity" value="3" >
    </E>
    <E key="player | $damage_explosion" value="2" >
    </E>
    <E key="player | $damage_ice" value="2" >
    </E>
    <E key="player | $damage_projectile" value="16" >
    </E>
    <E key="player | $damage_slice" value="1" >
    </E>
    <E key="scavenger_glue | $damage_melee" value="1" >
    </E>
  </death_map>
  <kill_map>
  </kill_map>
</Stats>
