<Stats deaths="16" kills="7" player_kills="0" player_projectile_count="0" >
  <death_map>
    <E key="NULL | $damage_drowning" value="1" >
    </E>
    <E key="NULL | $damage_electricity" value="4" >
    </E>
    <E key="NULL | $damage_explosion" value="1" >
    </E>
    <E key="death_ghost | $damage_curse" value="1" >
    </E>
    <E key="player | $damage_electricity" value="2" >
    </E>
    <E key="player | $damage_projectile" value="6" >
    </E>
    <E key="worm_end | worm bite" value="1" >
    </E>
  </death_map>
  <kill_map>
    <E key="bloodcrystal_physics" value="1" >
    </E>
    <E key="lavashot" value="4" >
    </E>
    <E key="skullfly" value="1" >
    </E>
    <E key="thunderskull" value="1" >
    </E>
  </kill_map>
</Stats>
