<Mods>
  <Mod enabled="0" name="alchemy_recipes_display" settings_fold_open="1" workshop_item_id="2930582021" >
  </Mod>
  <Mod enabled="0" name="example" settings_fold_open="0" workshop_item_id="0" >
  </Mod>
  <Mod enabled="0" name="nightmare" settings_fold_open="0" workshop_item_id="0" >
  </Mod>
  <Mod enabled="0" name="starting_loadouts" settings_fold_open="0" workshop_item_id="0" >
  </Mod>
  <Mod enabled="0" name="translation_fi" settings_fold_open="0" workshop_item_id="0" >
  </Mod>
  <Mod enabled="0" name="daily_practice" settings_fold_open="0" workshop_item_id="0" >
  </Mod>
  <Mod enabled="0" name="seed_changer" settings_fold_open="1" workshop_item_id="2284931352" >
  </Mod>
  <Mod enabled="0" name="hitless_runs" settings_fold_open="0" workshop_item_id="2308040016" >
  </Mod>
  <Mod enabled="0" name="Cheat Menu by Everfades" settings_fold_open="0" workshop_item_id="0" >
  </Mod>
</Mods>
