<Entity 
  _version="1" 
  name="unknown" 
  serialize="0" 
  tags="world_state" >
  <_Transform 
    position.x="0" 
    position.y="0" 
    rotation="0" 
    scale.x="1" 
    scale.y="1" >
  </_Transform>
  <WorldStateComponent 
    DEBUG_LOADED_FROM_AUTOSAVE="0" 
    DEBUG_LOADED_FROM_OLD_VERSION="0" 
    ENDING_HAPPINESS="0" 
    ENDING_HAPPINESS_FRAMES="0" 
    ENDING_HAPPINESS_HAPPENING="0" 
    EVERYTHING_TO_GOLD="0" 
    INFINITE_GOLD_HAPPENING="0" 
    _enabled="1" 
    clouds_01_target="22.5298" 
    clouds_02_target="11.1496" 
    consume_actions="1" 
    damage_flash_multiplier="1" 
    day_count="32" 
    fog="0.07566" 
    fog_target="0" 
    global_genome_relations_modifier="0" 
    gore_multiplier="1" 
    gradient_sky_alpha_target="0.00499731" 
    intro_weather="0" 
    is_initialized="1" 
    lightning_count="0" 
    mFlashAlpha="0" 
    material_everything_to_gold="gold" 
    material_everything_to_gold_static="gold_static" 
    mods_have_been_active_during_this_run="1" 
    next_cut_through_world_id="0" 
    next_portal_id="1" 
    open_fog_of_war_everywhere="0" 
    perk_gold_is_forever="0" 
    perk_hp_drop_chance="0" 
    perk_infinite_spells="0" 
    perk_rats_player_friendly="0" 
    perk_trick_kills_blood_money="0" 
    player_did_damage_over_1milj="0" 
    player_did_infinite_spell_count="0" 
    player_living_with_minus_hp="0" 
    player_polymorph_count="3" 
    player_polymorph_random_count="1" 
    player_spawn_location.x="0" 
    player_spawn_location.y="0" 
    rain="0.0950268" 
    rain_target="0" 
    session_stat_file="??STA/sessions/20250129-105913" 
    sky_sunset_alpha_target="1" 
    time="0.249686" 
    time_dt="1" 
    time_total="31.0973" 
    trick_kill_gold_multiplier="2" 
    twitch_has_been_active_during_this_run="0" 
    wind="-0.0570572" 
    wind_speed="-3.42345" 
    wind_speed_sin="3" 
    wind_speed_sin_t="10" >
    <lua_globals>
      <E 
        key="BOSS_MEAT_DEAD" 
        value="1" >
      </E>
      <E 
        key="HELPLESS_KILLS" 
        value="109" >
      </E>
      <E 
        key="HOLY_MOUNTAIN_DEPTH" 
        value="25" >
      </E>
      <E 
        key="HOLY_MOUNTAIN_VISITS" 
        value="7" >
      </E>
      <E 
        key="ISLANDSPIRIT_SPAWNED" 
        value="1" >
      </E>
      <E 
        key="MISC_FISH_RAIN" 
        value="1" >
      </E>
      <E 
        key="ORB_MAP_STRING" 
        value="8,1 1,-3 -9,7 -8,19 -18,28 -20,5 -1,31 20,31 19,5 6,3 19,-3" >
      </E>
      <E 
        key="PERK_NO_MORE_SHUFFLE_WANDS" 
        value="1" >
      </E>
      <E 
        key="PERK_PICKED_BLEED_OIL_PICKUP_COUNT" 
        value="1" >
      </E>
      <E 
        key="PERK_PICKED_EDIT_WANDS_EVERYWHERE_PICKUP_COUNT" 
        value="1" >
      </E>
      <E 
        key="PERK_PICKED_EXTRA_HP_PICKUP_COUNT" 
        value="1" >
      </E>
      <E 
        key="PERK_PICKED_EXTRA_SHOP_ITEM_PICKUP_COUNT" 
        value="1" >
      </E>
      <E 
        key="PERK_PICKED_HOVER_BOOST_PICKUP_COUNT" 
        value="1" >
      </E>
      <E 
        key="PERK_PICKED_ITEM_RADAR_PICKUP_COUNT" 
        value="1" >
      </E>
      <E 
        key="PERK_PICKED_MOON_RADAR_PICKUP_COUNT" 
        value="1" >
      </E>
      <E 
        key="PERK_PICKED_NO_MORE_SHUFFLE_PICKUP_COUNT" 
        value="1" >
      </E>
      <E 
        key="PERK_PICKED_ORBIT_PICKUP_COUNT" 
        value="1" >
      </E>
      <E 
        key="PERK_PICKED_PEACE_WITH_GODS_PICKUP_COUNT" 
        value="1" >
      </E>
      <E 
        key="PERK_PICKED_PERKS_LOTTERY_PICKUP_COUNT" 
        value="1" >
      </E>
      <E 
        key="PERK_PICKED_PROTECTION_FIRE_PICKUP_COUNT" 
        value="1" >
      </E>
      <E 
        key="PERK_PICKED_REMOVE_FOG_OF_WAR_PICKUP_COUNT" 
        value="1" >
      </E>
      <E 
        key="PERK_PICKED_SHIELD_PICKUP_COUNT" 
        value="1" >
      </E>
      <E 
        key="PERK_PICKED_WAND_EXPERIMENTER_PICKUP_COUNT" 
        value="1" >
      </E>
      <E 
        key="PERK_SHIELD_COUNT" 
        value="1" >
      </E>
      <E 
        key="PLAYER_HALO_LEVEL" 
        value="1" >
      </E>
      <E 
        key="STEVARI_DEATHS" 
        value="3" >
      </E>
      <E 
        key="TEMPLE_ACTIVE_-359_10523" 
        value="1" >
      </E>
      <E 
        key="TEMPLE_ACTIVE_-359_1307" 
        value="1" >
      </E>
      <E 
        key="TEMPLE_ACTIVE_-359_2843" 
        value="1" >
      </E>
      <E 
        key="TEMPLE_ACTIVE_-359_4891" 
        value="1" >
      </E>
      <E 
        key="TEMPLE_ACTIVE_-359_6427" 
        value="1" >
      </E>
      <E 
        key="TEMPLE_ACTIVE_-359_8475" 
        value="1" >
      </E>
      <E 
        key="TEMPLE_ACTIVE_-36199_4891" 
        value="1" >
      </E>
      <E 
        key="TEMPLE_ACTIVE_-36199_6427" 
        value="1" >
      </E>
      <E 
        key="TEMPLE_ACTIVE_-36199_8475" 
        value="1" >
      </E>
      <E 
        key="TEMPLE_ACTIVE_2233_13078" 
        value="1" >
      </E>
      <E 
        key="TEMPLE_COLLAPSED_-1_16" 
        value="1" >
      </E>
      <E 
        key="TEMPLE_LEAKED_0_12" 
        value="1" >
      </E>
      <E 
        key="TEMPLE_LEAKED_0_16" 
        value="1" >
      </E>
      <E 
        key="TEMPLE_LEAKED_0_2" 
        value="1" >
      </E>
      <E 
        key="TEMPLE_LEAKED_0_5" 
        value="1" >
      </E>
      <E 
        key="TEMPLE_LEAKED_0_9" 
        value="1" >
      </E>
      <E 
        key="TEMPLE_NEXT_PERK_INDEX" 
        value="41" >
      </E>
      <E 
        key="TEMPLE_PEACE_WITH_GODS" 
        value="1" >
      </E>
      <E 
        key="TEMPLE_PERK_DESTROY_CHANCE" 
        value="50" >
      </E>
      <E 
        key="TEMPLE_PERK_REROLL_COUNT" 
        value="7" >
      </E>
      <E 
        key="TEMPLE_REROLL_PERK_INDEX" 
        value="91" >
      </E>
      <E 
        key="TEMPLE_SHOP_ITEM_COUNT" 
        value="6" >
      </E>
      <E 
        key="TEMPLE_SPAWN_GUARDIAN" 
        value="0" >
      </E>
      <E 
        key="TOUCHING_GRASS" 
        value="1" >
      </E>
      <E 
        key="potion_mimics_awoken" 
        value="11" >
      </E>
      <E 
        key="potion_mimics_indicators" 
        value="10" >
      </E>
      <E 
        key="potion_mimics_reward_spawned" 
        value="1" >
      </E>
      <E 
        key="visited_biomes" 
        value="_EMPTY_,$biome_lake,$biome_desert,$biome_winter,_EMPTY_,$biome_coalmine_alt,$bio" >
      </E>
      <E 
        key="visited_biomes_count" 
        value="157" >
      </E>
    </lua_globals>
    <pending_portals>
    </pending_portals>
    <apparitions_per_level>
      <primitive>
        4
      </primitive>
    </apparitions_per_level>
    <npc_parties>
    </npc_parties>
    <orbs_found_thisrun>
      <primitive>
        0
      </primitive>
      <primitive>
        1
      </primitive>
      <primitive>
        3
      </primitive>
      <primitive>
        7
      </primitive>
    </orbs_found_thisrun>
    <flags>
      <string>
        weather_this_run_no_gradient
      </string>
      <string>
        PERK_VAMPIRISM
      </string>
      <string>
        PERK_FASTER_WANDS
      </string>
      <string>
        PERK_ELECTRICITY
      </string>
      <string>
        new_action_blood_to_acid
      </string>
      <string>
        PERK_PROJECTILE_REPULSION_SECTOR
      </string>
      <string>
        PERK_INVISIBILITY
      </string>
      <string>
        PERK_NO_MORE_SHUFFLE
      </string>
      <string>
        PERK_PICKED_NO_MORE_SHUFFLE
      </string>
      <string>
        PERK_VOMIT_RATS
      </string>
      <string>
        PERK_MEGA_BEAM_STONE
      </string>
      <string>
        PERK_ANGRY_LEVITATION
      </string>
      <string>
        PERK_EXTRA_SHOP_ITEM
      </string>
      <string>
        PERK_BLEED_SLIME
      </string>
      <string>
        PERK_ALWAYS_CAST
      </string>
      <string>
        PERK_ADVENTURER
      </string>
      <string>
        PERK_EXTRA_HP
      </string>
      <string>
        PERK_HOMUNCULUS
      </string>
      <string>
        PERK_PICKED_EXTRA_HP
      </string>
      <string>
        new_action_sea_swamp
      </string>
      <string>
        PERK_HEARTS_MORE_EXTRA_HP
      </string>
      <string>
        PERK_WAND_EXPERIMENTER
      </string>
      <string>
        PERK_RADAR_ENEMY
      </string>
      <string>
        PERK_PICKED_WAND_EXPERIMENTER
      </string>
      <string>
        PERK_UNLIMITED_SPELLS
      </string>
      <string>
        PERK_CONTACT_DAMAGE
      </string>
      <string>
        PERK_EXTRA_MONEY
      </string>
      <string>
        PERK_REPELLING_CAPE
      </string>
      <string>
        PERK_STAINLESS_ARMOUR
      </string>
      <string>
        PERK_PROJECTILE_SLOW_FIELD
      </string>
      <string>
        PERK_EXTRA_MANA
      </string>
      <string>
        PERK_LUKKI_MINION
      </string>
      <string>
        PERK_PEACE_WITH_GODS
      </string>
      <string>
        PERK_PICKED_PEACE_WITH_GODS
      </string>
      <string>
        PERK_SHIELD
      </string>
      <string>
        PERK_REVENGE_TENTACLE
      </string>
      <string>
        PERK_DEATH_GHOST
      </string>
      <string>
        PERK_PICKED_SHIELD
      </string>
      <string>
        PERK_DISSOLVE_POWDERS
      </string>
      <string>
        PERK_SAVING_GRACE
      </string>
      <string>
        PERK_LEVITATION_TRAIL
      </string>
      <string>
        PERK_BLEED_OIL
      </string>
      <string>
        PERK_PERKS_LOTTERY
      </string>
      <string>
        PERK_LOW_HP_DAMAGE_BOOST
      </string>
      <string>
        PERK_PICKED_PERKS_LOTTERY
      </string>
      <string>
        PERK_PICKED_BLEED_OIL
      </string>
      <string>
        PERK_PICKED_PROTECTION_FIRE
      </string>
      <string>
        new_action_zero_damage
      </string>
      <string>
        statue_hands_destroyed_1
      </string>
      <string>
        statue_hands_destroyed_2
      </string>
      <string>
        PERK_TRICK_BLOOD_MONEY
      </string>
      <string>
        PERK_PROJECTILE_EATER_SECTOR
      </string>
      <string>
        PERK_EXTRA_SLOTS
      </string>
      <string>
        PERK_EDIT_WANDS_EVERYWHERE
      </string>
      <string>
        PERK_PROTECTION_EXPLOSION
      </string>
      <string>
        PERK_ANGRY_GHOST
      </string>
      <string>
        PERK_PICKED_EDIT_WANDS_EVERYWHERE
      </string>
      <string>
        new_kill_mimic_potion
      </string>
      <string>
        PERK_PICKED_MOON_RADAR
      </string>
      <string>
        new_action_disc_bullet_bigger
      </string>
      <string>
        new_action_white_hole
      </string>
      <string>
        new_action_homing_wand
      </string>
      <string>
        new_action_sea_mimic
      </string>
      <string>
        new_action_touch_grass
      </string>
      <string>
        new_action_cessation
      </string>
      <string>
        new_kill_boss_sky
      </string>
      <string>
        new_kill_music_machine_02
      </string>
      <string>
        new_kill_elk
      </string>
      <string>
        new_action_duplicate
      </string>
      <string>
        musicmachine1
      </string>
      <string>
        PERK_FAST_PROJECTILES
      </string>
      <string>
        PERK_HOVER_BOOST
      </string>
      <string>
        PERK_TELEPORTITIS_DODGE
      </string>
      <string>
        PERK_PICKED_HOVER_BOOST
      </string>
      <string>
        PERK_BLEED_GAS
      </string>
      <string>
        PERK_REMOVE_FOG_OF_WAR
      </string>
      <string>
        PERK_PICKED_REMOVE_FOG_OF_WAR
      </string>
      <string>
        PERK_REVENGE_RATS
      </string>
      <string>
        PERK_PROJECTILE_HOMING_SHOOTER
      </string>
      <string>
        PERK_NO_MORE_KNOCKBACK
      </string>
      <string>
        PERK_EXTRA_MONEY_TRICK_KILL
      </string>
      <string>
        PERK_ORBIT
      </string>
      <string>
        PERK_PICKED_ORBIT
      </string>
      <string>
        PERK_FASTER_LEVITATION
      </string>
      <string>
        PERK_FREEZE_FIELD
      </string>
      <string>
        PERK_ITEM_RADAR
      </string>
      <string>
        PERK_PICKED_ITEM_RADAR
      </string>
      <string>
        PERK_WORM_ATTRACTOR
      </string>
      <string>
        PERK_STRONG_KICK
      </string>
      <string>
        PERK_PICKED_EXTRA_SHOP_ITEM
      </string>
    </flags>
    <changed_materials>
    </changed_materials>
    <cuts_through_world>
    </cuts_through_world>
  </WorldStateComponent>
  <Entity 
    _version="1" 
    name="player_stats" 
    serialize="0" 
    tags="" >
    <_Transform 
      position.x="0" 
      position.y="0" 
      rotation="0" 
      scale.x="1" 
      scale.y="1" >
    </_Transform>
    <PlayerStatsComponent 
      _enabled="1" 
      lives="1" 
      max_hp="4" 
      speed="1" >
    </PlayerStatsComponent>
  </Entity>
</Entity>
