<Stats deaths="1" kills="11" player_kills="1" player_projectile_count="0" >
  <death_map>
    <E key="player | $damage_explosion" value="1" >
    </E>
  </death_map>
  <kill_map>
    <E key="bigfirebug" value="1" >
    </E>
    <E key="dripping_water" value="1" >
    </E>
    <E key="firebug" value="4" >
    </E>
    <E key="goblin_bomb" value="1" >
    </E>
    <E key="miner" value="1" >
    </E>
    <E key="player" value="1" >
    </E>
    <E key="rat" value="1" >
    </E>
    <E key="shotgunner" value="1" >
    </E>
  </kill_map>
</Stats>
