<Stats BUILD_NAME="Noita-Build-Aug 12 2024-21:48:01" >
  <stats biomes_visited_with_wands="6" damage_taken="16.9471" dead="1" death_count="0" death_pos.x="833.71" death_pos.y="5834.27" enemies_killed="120" gold="1564" gold_all="2564" gold_infinite="0" healed="0" heart_containers="0" hp="100" items="18" kicks="12" killed_by=" | electricity" killed_by_extra="" places_visited="6" playtime="1540.07" playtime_str="0:25:40" projectiles_shot="14586" streaks="0" teleports="3" wands_edited="7" world_seed="1547633571" >
  </stats>
  <biome_baseline biomes_visited_with_wands="5" damage_taken="7.86833" dead="0" death_count="0" death_pos.x="0" death_pos.y="0" enemies_killed="38" gold="64" gold_all="1064" gold_infinite="0" healed="0" heart_containers="0" hp="100" items="12" kicks="10" killed_by="" killed_by_extra="" places_visited="5" playtime="872.033" playtime_str="0:14:32" projectiles_shot="1134" streaks="0" teleports="0" wands_edited="7" world_seed="1547633571" >
  </biome_baseline>
  <item_map>
  </item_map>
  <biomes_visited>
    <E key="$biome_coalmine" value="1" >
    </E>
    <E key="$biome_excavationsite" value="1" >
    </E>
    <E key="$biome_fungicave" value="1" >
    </E>
    <E key="$biome_holymountain" value="1" >
    </E>
    <E key="$biome_snowcastle" value="1" >
    </E>
    <E key="$biome_snowcave" value="1" >
    </E>
  </biomes_visited>
</Stats>
