<Stats BUILD_NAME="Noita-Build-Jan 25 2025-15:55:41" >
  <stats biomes_visited_with_wands="4" damage_taken="9.0013" dead="1" death_count="0" death_pos.x="-590.684" death_pos.y="1998.39" enemies_killed="10" gold="45" gold_all="165" gold_infinite="0" healed="0" heart_containers="0" hp="100" items="6" kicks="9" killed_by=" | fire" killed_by_extra="" places_visited="4" playtime="453.55" playtime_str="0:07:33" projectiles_shot="84" streaks="0" teleports="0" wands_edited="1" world_seed="1414165885" >
  </stats>
  <biome_baseline biomes_visited_with_wands="3" damage_taken="4.60044" dead="0" death_count="0" death_pos.x="0" death_pos.y="0" enemies_killed="6" gold="45" gold_all="165" gold_infinite="0" healed="0" heart_containers="0" hp="100" items="6" kicks="9" killed_by="" killed_by_extra="" places_visited="3" playtime="388.75" playtime_str="0:06:28" projectiles_shot="79" streaks="0" teleports="0" wands_edited="1" world_seed="1414165885" >
  </biome_baseline>
  <item_map>
  </item_map>
  <biomes_visited>
    <E key="$biome_coalmine" value="1" >
    </E>
    <E key="$biome_coalmine_alt" value="1" >
    </E>
    <E key="$biome_excavationsite" value="1" >
    </E>
    <E key="$biome_holymountain" value="1" >
    </E>
  </biomes_visited>
</Stats>
