<Stats BUILD_NAME="Noita-Build-Aug 12 2024-21:48:01" >
  <stats biomes_visited_with_wands="4" damage_taken="6.06119" dead="1" death_count="0" death_pos.x="97.1037" death_pos.y="2124.65" enemies_killed="15" gold="81" gold_all="441" gold_infinite="0" healed="0" heart_containers="0" hp="100" items="19" kicks="0" killed_by="Haulikkohiisi | projectile" killed_by_extra="" places_visited="4" playtime="655.05" playtime_str="0:10:55" projectiles_shot="554" streaks="0" teleports="0" wands_edited="8" world_seed="1384833653" >
  </stats>
  <biome_baseline biomes_visited_with_wands="3" damage_taken="1.63492" dead="0" death_count="0" death_pos.x="0" death_pos.y="0" enemies_killed="15" gold="61" gold_all="421" gold_infinite="0" healed="0" heart_containers="0" hp="100" items="19" kicks="0" killed_by="" killed_by_extra="" places_visited="3" playtime="643.05" playtime_str="0:10:43" projectiles_shot="550" streaks="0" teleports="0" wands_edited="8" world_seed="1384833653" >
  </biome_baseline>
  <item_map>
  </item_map>
  <biomes_visited>
    <E key="$biome_coalmine_alt" value="1" >
    </E>
    <E key="$biome_excavationsite" value="1" >
    </E>
    <E key="$biome_holymountain" value="1" >
    </E>
    <E key="$biome_snowcave" value="1" >
    </E>
  </biomes_visited>
</Stats>
