<Stats BUILD_NAME="Noita-Build-Aug 12 2024-21:48:01" >
  <stats biomes_visited_with_wands="5" damage_taken="16.9383" dead="1" death_count="0" death_pos.x="1066.73" death_pos.y="4044.9" enemies_killed="33" gold="775" gold_all="1545" gold_infinite="0" healed="0" heart_containers="0" hp="100" items="21" kicks="13" killed_by="Limanuljaska | projectile" killed_by_extra="" places_visited="5" playtime="1019.23" playtime_str="0:16:59" projectiles_shot="392" streaks="0" teleports="0" wands_edited="4" world_seed="1045940274" >
  </stats>
  <biome_baseline biomes_visited_with_wands="4" damage_taken="9.949" dead="0" death_count="0" death_pos.x="0" death_pos.y="0" enemies_killed="18" gold="255" gold_all="1025" gold_infinite="0" healed="0" heart_containers="0" hp="100" items="19" kicks="11" killed_by="" killed_by_extra="" places_visited="4" playtime="853.75" playtime_str="0:14:13" projectiles_shot="210" streaks="0" teleports="0" wands_edited="4" world_seed="1045940274" >
  </biome_baseline>
  <item_map>
  </item_map>
  <biomes_visited>
    <E key="$biome_coalmine" value="1" >
    </E>
    <E key="$biome_excavationsite" value="1" >
    </E>
    <E key="$biome_fungicave" value="1" >
    </E>
    <E key="$biome_holymountain" value="1" >
    </E>
    <E key="$biome_snowcave" value="1" >
    </E>
  </biomes_visited>
</Stats>
