<Stats BUILD_NAME="Noita-Build-Aug 12 2024-21:48:01" >
  <stats biomes_visited_with_wands="13" damage_taken="19.7175" dead="1" death_count="0" death_pos.x="-729.956" death_pos.y="4944.49" enemies_killed="79" gold="256309" gold_all="257509" gold_infinite="0" healed="0" heart_containers="0" hp="100" items="39" kicks="32" killed_by=" | explosion" killed_by_extra="" places_visited="13" playtime="4951.03" playtime_str="1:22:31" projectiles_shot="6004" streaks="0" teleports="0" wands_edited="5" world_seed="1723135895" >
  </stats>
  <biome_baseline biomes_visited_with_wands="12" damage_taken="9.16225" dead="0" death_count="0" death_pos.x="0" death_pos.y="0" enemies_killed="58" gold="255359" gold_all="256209" gold_infinite="0" healed="0" heart_containers="0" hp="100" items="35" kicks="25" killed_by="" killed_by_extra="" places_visited="12" playtime="4662.67" playtime_str="1:17:42" projectiles_shot="5172" streaks="0" teleports="0" wands_edited="4" world_seed="1723135895" >
  </biome_baseline>
  <item_map>
  </item_map>
  <biomes_visited>
    <E key="$biome_coalmine" value="1" >
    </E>
    <E key="$biome_desert" value="1" >
    </E>
    <E key="$biome_excavationsite" value="1" >
    </E>
    <E key="$biome_fungicave" value="1" >
    </E>
    <E key="$biome_gold" value="1" >
    </E>
    <E key="$biome_holymountain" value="1" >
    </E>
    <E key="$biome_lake" value="1" >
    </E>
    <E key="$biome_liquidcave" value="1" >
    </E>
    <E key="$biome_pyramid" value="1" >
    </E>
    <E key="$biome_snowcave" value="1" >
    </E>
    <E key="$biome_watchtower" value="1" >
    </E>
    <E key="$biome_winter" value="1" >
    </E>
    <E key="???" value="1" >
    </E>
  </biomes_visited>
</Stats>
