<Stats deaths="0" kills="48" player_kills="0" player_projectile_count="0" >
  <death_map>
  </death_map>
  <kill_map>
    <E key="bat" value="11" >
    </E>
    <E key="berserkspirit" value="1" >
    </E>
    <E key="firebug" value="2" >
    </E>
    <E key="glitter_bomb" value="1" >
    </E>
    <E key="goblin_bomb" value="2" >
    </E>
    <E key="longleg" value="3" >
    </E>
    <E key="miner" value="3" >
    </E>
    <E key="miner_weak" value="3" >
    </E>
    <E key="scavenger_grenade" value="7" >
    </E>
    <E key="scavenger_smg" value="2" >
    </E>
    <E key="shotgunner" value="2" >
    </E>
    <E key="slimeshooter" value="1" >
    </E>
    <E key="slimeshooter_weak" value="2" >
    </E>
    <E key="slimespirit" value="1" >
    </E>
    <E key="tnt" value="2" >
    </E>
    <E key="zombie_weak" value="5" >
    </E>
  </kill_map>
</Stats>
