<Stats deaths="1" kills="214" player_kills="0" player_projectile_count="0" >
  <death_map>
    <E key="turret_left | $damage_projectile" value="1" >
    </E>
  </death_map>
  <kill_map>
    <E key="acidshooter_weak" value="2" >
    </E>
    <E key="ant" value="1" >
    </E>
    <E key="bat" value="7" >
    </E>
    <E key="bigbat" value="1" >
    </E>
    <E key="bigfirebug" value="2" >
    </E>
    <E key="blob" value="1" >
    </E>
    <E key="drone_lasership" value="1" >
    </E>
    <E key="egg_hollow" value="2" >
    </E>
    <E key="firebug" value="9" >
    </E>
    <E key="fish" value="1" >
    </E>
    <E key="fly" value="7" >
    </E>
    <E key="flynest" value="1" >
    </E>
    <E key="fungus" value="3" >
    </E>
    <E key="giant" value="1" >
    </E>
    <E key="glue" value="4" >
    </E>
    <E key="goblin_bomb" value="2" >
    </E>
    <E key="iceskull" value="1" >
    </E>
    <E key="longleg" value="16" >
    </E>
    <E key="miner" value="7" >
    </E>
    <E key="miner_chef" value="2" >
    </E>
    <E key="miner_weak" value="5" >
    </E>
    <E key="miniblob" value="11" >
    </E>
    <E key="monk" value="2" >
    </E>
    <E key="rat" value="14" >
    </E>
    <E key="scavenger_glue" value="2" >
    </E>
    <E key="scavenger_grenade" value="38" >
    </E>
    <E key="scavenger_heal" value="1" >
    </E>
    <E key="scavenger_invis" value="1" >
    </E>
    <E key="scavenger_leader" value="2" >
    </E>
    <E key="scavenger_smg" value="17" >
    </E>
    <E key="shotgunner" value="8" >
    </E>
    <E key="shotgunner_weak" value="4" >
    </E>
    <E key="slimeshooter" value="6" >
    </E>
    <E key="slimeshooter_weak" value="6" >
    </E>
    <E key="sniper" value="5" >
    </E>
    <E key="tank" value="3" >
    </E>
    <E key="tentacler" value="3" >
    </E>
    <E key="tentacler_small" value="2" >
    </E>
    <E key="wizard_dark" value="1" >
    </E>
    <E key="wizard_tele" value="1" >
    </E>
    <E key="worm" value="1" >
    </E>
    <E key="zombie" value="3" >
    </E>
    <E key="zombie_weak" value="7" >
    </E>
  </kill_map>
</Stats>
