<Stats BUILD_NAME="Noita-Build-Aug 12 2024-21:48:01" >
  <stats biomes_visited_with_wands="4" damage_taken="7.05945" dead="1" death_count="0" death_pos.x="-2212.09" death_pos.y="1843.13" enemies_killed="52" gold="1447" gold_all="1627" gold_infinite="0" healed="0" heart_containers="0" hp="100" items="12" kicks="5" killed_by="Robottikyttä | projectile" killed_by_extra="" places_visited="4" playtime="900.017" playtime_str="0:15:00" projectiles_shot="1020" streaks="0" teleports="4" wands_edited="2" world_seed="1986448251" >
  </stats>
  <biome_baseline biomes_visited_with_wands="2" damage_taken="1.59466" dead="0" death_count="0" death_pos.x="0" death_pos.y="0" enemies_killed="7" gold="13" gold_all="193" gold_infinite="0" healed="0" heart_containers="0" hp="100" items="7" kicks="3" killed_by="" killed_by_extra="" places_visited="2" playtime="181" playtime_str="0:03:01" projectiles_shot="83" streaks="0" teleports="0" wands_edited="2" world_seed="1986448251" >
  </biome_baseline>
  <item_map>
  </item_map>
  <biomes_visited>
    <E key="$biome_coalmine" value="1" >
    </E>
    <E key="$biome_excavationsite" value="1" >
    </E>
    <E key="$biome_fungicave" value="1" >
    </E>
    <E key="$biome_holymountain" value="1" >
    </E>
  </biomes_visited>
</Stats>
