<Stats BUILD_NAME="Noita-Build-Jan 25 2025-15:55:41" >
  <stats biomes_visited_with_wands="4" damage_taken="8.32865" dead="1" death_count="0" death_pos.x="-2184.62" death_pos.y="2072.33" enemies_killed="64" gold="1026" gold_all="1086" gold_infinite="0" healed="0" heart_containers="0" hp="100" items="15" kicks="1" killed_by="Robottikyttä | projectile" killed_by_extra="" places_visited="4" playtime="859.45" playtime_str="0:14:19" projectiles_shot="1010" streaks="0" teleports="0" wands_edited="3" world_seed="2142679227" >
  </stats>
  <biome_baseline biomes_visited_with_wands="2" damage_taken="3.8" dead="0" death_count="0" death_pos.x="0" death_pos.y="0" enemies_killed="27" gold="431" gold_all="491" gold_infinite="0" healed="0" heart_containers="0" hp="100" items="13" kicks="1" killed_by="" killed_by_extra="" places_visited="2" playtime="550" playtime_str="0:09:10" projectiles_shot="456" streaks="0" teleports="0" wands_edited="3" world_seed="2142679227" >
  </biome_baseline>
  <item_map>
  </item_map>
  <biomes_visited>
    <E key="$biome_coalmine" value="1" >
    </E>
    <E key="$biome_excavationsite" value="1" >
    </E>
    <E key="$biome_fungicave" value="1" >
    </E>
    <E key="$biome_holymountain" value="1" >
    </E>
  </biomes_visited>
</Stats>
