<Stats BUILD_NAME="Noita-Build-Aug 12 2024-21:48:01" >
  <stats biomes_visited_with_wands="3" damage_taken="9.01718" dead="1" death_count="0" death_pos.x="-1917.86" death_pos.y="2473.92" enemies_killed="6" gold="832" gold_all="1052" gold_infinite="0" healed="0" heart_containers="0" hp="100" items="12" kicks="6" killed_by=" | explosion" killed_by_extra="" places_visited="3" playtime="290.483" playtime_str="0:04:50" projectiles_shot="91" streaks="0" teleports="0" wands_edited="0" world_seed="1986448251" >
  </stats>
  <biome_baseline biomes_visited_with_wands="2" damage_taken="1.66099" dead="0" death_count="0" death_pos.x="0" death_pos.y="0" enemies_killed="1" gold="788" gold_all="1008" gold_infinite="0" healed="0" heart_containers="0" hp="100" items="7" kicks="4" killed_by="" killed_by_extra="" places_visited="2" playtime="127.417" playtime_str="0:02:07" projectiles_shot="16" streaks="0" teleports="0" wands_edited="0" world_seed="1986448251" >
  </biome_baseline>
  <item_map>
  </item_map>
  <biomes_visited>
    <E key="$biome_coalmine" value="1" >
    </E>
    <E key="$biome_excavationsite" value="1" >
    </E>
    <E key="$biome_holymountain" value="1" >
    </E>
  </biomes_visited>
</Stats>
