<Stats deaths="0" kills="70" player_kills="0" player_projectile_count="0" >
  <death_map>
  </death_map>
  <kill_map>
    <E key="acidshooter_weak" value="2" >
    </E>
    <E key="assassin" value="1" >
    </E>
    <E key="bat" value="5" >
    </E>
    <E key="bigfirebug" value="1" >
    </E>
    <E key="blob" value="4" >
    </E>
    <E key="drone_physics" value="2" >
    </E>
    <E key="firebug" value="2" >
    </E>
    <E key="fungus" value="1" >
    </E>
    <E key="giantshooter_weak" value="1" >
    </E>
    <E key="goblin_bomb" value="1" >
    </E>
    <E key="icemage" value="1" >
    </E>
    <E key="miner_weak" value="1" >
    </E>
    <E key="miniblob" value="24" >
    </E>
    <E key="scavenger_invis" value="3" >
    </E>
    <E key="scavenger_smg" value="1" >
    </E>
    <E key="shotgunner" value="3" >
    </E>
    <E key="slimeshooter" value="6" >
    </E>
    <E key="slimeshooter_weak" value="3" >
    </E>
    <E key="tentacler" value="1" >
    </E>
    <E key="tentacler_small" value="2" >
    </E>
    <E key="wizard_dark" value="2" >
    </E>
    <E key="zombie" value="1" >
    </E>
    <E key="zombie_weak" value="2" >
    </E>
  </kill_map>
</Stats>
