<Stats deaths="1" kills="25" player_kills="0" player_projectile_count="0" >
  <death_map>
    <E key="NULL | $damage_explosion" value="1" >
    </E>
  </death_map>
  <kill_map>
    <E key="bigfirebug" value="1" >
    </E>
    <E key="glitter_bomb" value="1" >
    </E>
    <E key="longleg" value="4" >
    </E>
    <E key="miner" value="3" >
    </E>
    <E key="necromancer_shop" value="1" >
    </E>
    <E key="rat" value="4" >
    </E>
    <E key="shotgunner" value="3" >
    </E>
    <E key="slimeshooter" value="1" >
    </E>
    <E key="tnt" value="1" >
    </E>
    <E key="zombie_weak" value="6" >
    </E>
  </kill_map>
</Stats>
