<Stats deaths="1" kills="29" player_kills="0" player_projectile_count="0" >
  <death_map>
    <E key="shotgunner | $damage_projectile" value="1" >
    </E>
  </death_map>
  <kill_map>
    <E key="bat" value="4" >
    </E>
    <E key="bigbat" value="1" >
    </E>
    <E key="firebug" value="3" >
    </E>
    <E key="iceskull" value="2" >
    </E>
    <E key="miner_weak" value="3" >
    </E>
    <E key="rat" value="4" >
    </E>
    <E key="scavenger_grenade" value="4" >
    </E>
    <E key="scavenger_smg" value="1" >
    </E>
    <E key="shotgunner" value="2" >
    </E>
    <E key="slimeshooter" value="1" >
    </E>
    <E key="sniper" value="3" >
    </E>
    <E key="zombie" value="1" >
    </E>
  </kill_map>
</Stats>
