<Stats BUILD_NAME="Noita-Build-Aug 12 2024-21:48:01" >
  <stats biomes_visited_with_wands="1" damage_taken="4.07" dead="1" death_count="0" death_pos.x="1093.29" death_pos.y="429.297" enemies_killed="11" gold="128" gold_all="128" gold_infinite="0" healed="0" heart_containers="0" hp="100" items="0" kicks="1" killed_by="Heikko haulikkohiisi | projectile" killed_by_extra="" places_visited="1" playtime="67.1833" playtime_str="0:01:07" projectiles_shot="52" streaks="0" teleports="0" wands_edited="0" world_seed="935131713" >
  </stats>
  <biome_baseline biomes_visited_with_wands="0" damage_taken="0" dead="0" death_count="0" death_pos.x="0" death_pos.y="0" enemies_killed="0" gold="0" gold_all="0" gold_infinite="0" healed="0" heart_containers="0" hp="100" items="0" kicks="0" killed_by="" killed_by_extra="" places_visited="0" playtime="0" playtime_str="" projectiles_shot="0" streaks="0" teleports="0" wands_edited="0" world_seed="0" >
  </biome_baseline>
  <item_map>
  </item_map>
  <biomes_visited>
    <E key="$biome_coalmine" value="1" >
    </E>
  </biomes_visited>
</Stats>
