<Stats deaths="1" kills="12" player_kills="0" player_projectile_count="0" >
  <death_map>
    <E key="NULL | damage from material: freezing liquid" value="1" >
    </E>
  </death_map>
  <kill_map>
    <E key="bat" value="3" >
    </E>
    <E key="firebug" value="2" >
    </E>
    <E key="iceskull" value="1" >
    </E>
    <E key="scavenger_smg" value="1" >
    </E>
    <E key="slimeshooter" value="1" >
    </E>
    <E key="zombie_weak" value="4" >
    </E>
  </kill_map>
</Stats>
