<Stats BUILD_NAME="Noita-Build-Aug 12 2024-21:48:01" >
  <stats biomes_visited_with_wands="5" damage_taken="13.2329" dead="0" death_count="0" death_pos.x="0" death_pos.y="0" enemies_killed="70" gold="984" gold_all="1184" gold_infinite="0" healed="0" heart_containers="0" hp="100" items="9" kicks="4" killed_by="" killed_by_extra="" places_visited="5" playtime="933.6" playtime_str="0:15:33" projectiles_shot="2327" streaks="0" teleports="1" wands_edited="4" world_seed="1944929133" >
  </stats>
  <biome_baseline biomes_visited_with_wands="2" damage_taken="3.43433" dead="0" death_count="0" death_pos.x="0" death_pos.y="0" enemies_killed="14" gold="151" gold_all="151" gold_infinite="0" healed="0" heart_containers="0" hp="100" items="2" kicks="4" killed_by="" killed_by_extra="" places_visited="2" playtime="205.517" playtime_str="0:03:25" projectiles_shot="69" streaks="0" teleports="0" wands_edited="0" world_seed="1944929133" >
  </biome_baseline>
  <item_map>
  </item_map>
  <biomes_visited>
    <E key="$biome_coalmine" value="1" >
    </E>
    <E key="$biome_excavationsite" value="1" >
    </E>
    <E key="$biome_fungicave" value="1" >
    </E>
    <E key="$biome_holymountain" value="1" >
    </E>
    <E key="$biome_snowcave" value="1" >
    </E>
  </biomes_visited>
</Stats>
