<Stats BUILD_NAME="Noita-Build-Jan 25 2025-15:55:41" >
  <stats biomes_visited_with_wands="7" damage_taken="30.4151" dead="1" death_count="0" death_pos.x="1214.06" death_pos.y="6072.15" enemies_killed="214" gold="1739" gold_all="3759" gold_infinite="0" healed="0" heart_containers="0" hp="100" items="26" kicks="24" killed_by="Torjuntalaite | projectile" killed_by_extra="" places_visited="7" playtime="2508.98" playtime_str="0:41:48" projectiles_shot="6654" streaks="0" teleports="2" wands_edited="7" world_seed="261449280" >
  </stats>
  <biome_baseline biomes_visited_with_wands="4" damage_taken="10.0405" dead="0" death_count="0" death_pos.x="0" death_pos.y="0" enemies_killed="106" gold="132" gold_all="1112" gold_infinite="0" healed="0" heart_containers="0" hp="100" items="18" kicks="11" killed_by="" killed_by_extra="" places_visited="4" playtime="1466.77" playtime_str="0:24:26" projectiles_shot="2559" streaks="0" teleports="2" wands_edited="6" world_seed="261449280" >
  </biome_baseline>
  <item_map>
  </item_map>
  <biomes_visited>
    <E key="$biome_coalmine" value="1" >
    </E>
    <E key="$biome_excavationsite" value="1" >
    </E>
    <E key="$biome_fungicave" value="1" >
    </E>
    <E key="$biome_holymountain" value="1" >
    </E>
    <E key="$biome_snowcastle" value="1" >
    </E>
    <E key="$biome_snowcave" value="1" >
    </E>
    <E key="$biome_wandcave" value="1" >
    </E>
  </biomes_visited>
</Stats>
