<Stats deaths="1" kills="15" player_kills="0" player_projectile_count="0" >
  <death_map>
    <E key="shotgunner | $damage_projectile" value="1" >
    </E>
  </death_map>
  <kill_map>
    <E key="bat" value="1" >
    </E>
    <E key="bloom" value="1" >
    </E>
    <E key="firebug" value="3" >
    </E>
    <E key="goblin_bomb" value="1" >
    </E>
    <E key="miner" value="3" >
    </E>
    <E key="miner_weak" value="3" >
    </E>
    <E key="shotgunner" value="3" >
    </E>
  </kill_map>
</Stats>
