<Stats BUILD_NAME="Noita-Build-Aug 12 2024-21:48:01" >
  <stats biomes_visited_with_wands="7" damage_taken="28.6162" dead="1" death_count="0" death_pos.x="-248.652" death_pos.y="9026" enemies_killed="88" gold="482" gold_all="1952" gold_infinite="0" healed="0" heart_containers="0" hp="100" items="23" kicks="15" killed_by=" | explosion" killed_by_extra="" places_visited="7" playtime="2347.53" playtime_str="0:39:07" projectiles_shot="2248" streaks="0" teleports="0" wands_edited="9" world_seed="1650862153" >
  </stats>
  <biome_baseline biomes_visited_with_wands="5" damage_taken="15.1322" dead="0" death_count="0" death_pos.x="0" death_pos.y="0" enemies_killed="75" gold="282" gold_all="1052" gold_infinite="0" healed="0" heart_containers="0" hp="100" items="20" kicks="13" killed_by="" killed_by_extra="" places_visited="5" playtime="1777.25" playtime_str="0:29:37" projectiles_shot="757" streaks="0" teleports="0" wands_edited="8" world_seed="1650862153" >
  </biome_baseline>
  <item_map>
  </item_map>
  <biomes_visited>
    <E key="$biome_coalmine" value="1" >
    </E>
    <E key="$biome_excavationsite" value="1" >
    </E>
    <E key="$biome_holymountain" value="1" >
    </E>
    <E key="$biome_rainforest" value="1" >
    </E>
    <E key="$biome_snowcastle" value="1" >
    </E>
    <E key="$biome_snowcave" value="1" >
    </E>
    <E key="$biome_vault" value="1" >
    </E>
  </biomes_visited>
</Stats>
