<Stats BUILD_NAME="Noita-Build-Aug 12 2024-21:48:01" >
  <stats biomes_visited_with_wands="4" damage_taken="8.08911" dead="1" death_count="0" death_pos.x="71.9418" death_pos.y="2672.67" enemies_killed="29" gold="160" gold_all="230" gold_infinite="0" healed="0" heart_containers="0" hp="100" items="14" kicks="1" killed_by="Haulikkohiisi | projectile" killed_by_extra="" places_visited="4" playtime="495.933" playtime_str="0:08:15" projectiles_shot="409" streaks="0" teleports="0" wands_edited="8" world_seed="2116191961" >
  </stats>
  <biome_baseline biomes_visited_with_wands="0" damage_taken="0" dead="0" death_count="0" death_pos.x="0" death_pos.y="0" enemies_killed="0" gold="0" gold_all="0" gold_infinite="0" healed="0" heart_containers="0" hp="100" items="0" kicks="0" killed_by="" killed_by_extra="" places_visited="0" playtime="0" playtime_str="" projectiles_shot="0" streaks="0" teleports="0" wands_edited="0" world_seed="0" >
  </biome_baseline>
  <item_map>
  </item_map>
  <biomes_visited>
    <E key="$biome_coalmine_alt" value="1" >
    </E>
    <E key="$biome_excavationsite" value="1" >
    </E>
    <E key="$biome_holymountain" value="1" >
    </E>
    <E key="$biome_snowcave" value="1" >
    </E>
  </biomes_visited>
</Stats>
