<Stats deaths="1" kills="851" player_kills="0" player_projectile_count="0" >
  <death_map>
    <E key="boss_ghost | $damage_plasmabeam" value="1" >
    </E>
  </death_map>
  <kill_map>
    <E key="acidshooter" value="12" >
    </E>
    <E key="acidshot" value="10" >
    </E>
    <E key="alchemist" value="4" >
    </E>
    <E key="ant" value="5" >
    </E>
    <E key="arrowtrap_left" value="3" >
    </E>
    <E key="arrowtrap_right" value="1" >
    </E>
    <E key="assassin" value="1" >
    </E>
    <E key="basebot_hidden" value="1" >
    </E>
    <E key="basebot_neutralizer" value="2" >
    </E>
    <E key="basebot_sentry" value="5" >
    </E>
    <E key="basebot_soldier" value="2" >
    </E>
    <E key="bat" value="1" >
    </E>
    <E key="bigbat" value="1" >
    </E>
    <E key="bigzombie" value="3" >
    </E>
    <E key="bigzombiehead" value="3" >
    </E>
    <E key="bigzombietorso" value="2" >
    </E>
    <E key="blob" value="54" >
    </E>
    <E key="bloodcrystal_physics" value="1" >
    </E>
    <E key="bloom" value="2" >
    </E>
    <E key="boss_alchemist" value="1" >
    </E>
    <E key="boss_ghost_polyp" value="1" >
    </E>
    <E key="boss_meat" value="1" >
    </E>
    <E key="boss_pit" value="1" >
    </E>
    <E key="boss_robot" value="1" >
    </E>
    <E key="chest_mimic" value="1" >
    </E>
    <E key="confusespirit" value="4" >
    </E>
    <E key="coward" value="2" >
    </E>
    <E key="dripping_radioactive" value="1" >
    </E>
    <E key="dripping_water" value="1" >
    </E>
    <E key="drone_lasership" value="9" >
    </E>
    <E key="enlightened_alchemist" value="1" >
    </E>
    <E key="ethereal_being" value="1" >
    </E>
    <E key="failed_alchemist" value="1" >
    </E>
    <E key="firebug" value="2" >
    </E>
    <E key="firemage" value="4" >
    </E>
    <E key="firetrap_right" value="1" >
    </E>
    <E key="fish" value="5" >
    </E>
    <E key="flamer" value="1" >
    </E>
    <E key="fly" value="8" >
    </E>
    <E key="frog_big" value="11" >
    </E>
    <E key="fungus" value="22" >
    </E>
    <E key="fungus_big" value="27" >
    </E>
    <E key="fungus_giga" value="10" >
    </E>
    <E key="fungus_tiny" value="41" >
    </E>
    <E key="glue" value="3" >
    </E>
    <E key="healerdrone_physics" value="1" >
    </E>
    <E key="hpcrystal" value="2" >
    </E>
    <E key="iceskull" value="2" >
    </E>
    <E key="longleg" value="15" >
    </E>
    <E key="lukki" value="4" >
    </E>
    <E key="lukki_longleg" value="1" >
    </E>
    <E key="maggot_tiny" value="1" >
    </E>
    <E key="meatmaggot" value="3" >
    </E>
    <E key="mine_scavenger" value="2" >
    </E>
    <E key="miner" value="3" >
    </E>
    <E key="miner_hell" value="5" >
    </E>
    <E key="miner_weak" value="6" >
    </E>
    <E key="miniblob" value="359" >
    </E>
    <E key="missilecrab" value="1" >
    </E>
    <E key="monk" value="1" >
    </E>
    <E key="necrobot" value="1" >
    </E>
    <E key="phantom_a" value="2" >
    </E>
    <E key="phantom_b" value="1" >
    </E>
    <E key="physics_torch_stand" value="1" >
    </E>
    <E key="pollen" value="7" >
    </E>
    <E key="potion" value="1" >
    </E>
    <E key="potion_aggressive" value="1" >
    </E>
    <E key="rat" value="7" >
    </E>
    <E key="roboguard_big" value="2" >
    </E>
    <E key="root_grower" value="1" >
    </E>
    <E key="root_grower_branch" value="1" >
    </E>
    <E key="scavenger_clusterbomb" value="2" >
    </E>
    <E key="scavenger_glue" value="5" >
    </E>
    <E key="scavenger_grenade" value="23" >
    </E>
    <E key="scavenger_invis" value="1" >
    </E>
    <E key="scavenger_leader" value="3" >
    </E>
    <E key="scavenger_mine" value="2" >
    </E>
    <E key="scavenger_poison" value="7" >
    </E>
    <E key="scavenger_smg" value="10" >
    </E>
    <E key="shooterflower" value="3" >
    </E>
    <E key="shotgunner" value="5" >
    </E>
    <E key="shotgunner_hell" value="9" >
    </E>
    <E key="shotgunner_weak" value="1" >
    </E>
    <E key="skullfly" value="6" >
    </E>
    <E key="skullrat" value="7" >
    </E>
    <E key="skycrystal_physics" value="1" >
    </E>
    <E key="slimeshooter" value="3" >
    </E>
    <E key="slimeshooter_boss_limbs" value="3" >
    </E>
    <E key="sniper" value="2" >
    </E>
    <E key="sniper_hell" value="8" >
    </E>
    <E key="snowcrystal" value="1" >
    </E>
    <E key="spearbot" value="3" >
    </E>
    <E key="spidernest" value="1" >
    </E>
    <E key="tank" value="3" >
    </E>
    <E key="tank_rocket" value="1" >
    </E>
    <E key="tentacler" value="2" >
    </E>
    <E key="tentacler_small" value="3" >
    </E>
    <E key="thunderskull" value="3" >
    </E>
    <E key="tnt_hell" value="2" >
    </E>
    <E key="turret_left" value="2" >
    </E>
    <E key="walleye" value="1" >
    </E>
    <E key="wizard_dark" value="2" >
    </E>
    <E key="wizard_hearty" value="3" >
    </E>
    <E key="wizard_poly" value="2" >
    </E>
    <E key="wizard_returner" value="2" >
    </E>
    <E key="wizard_swapper" value="1" >
    </E>
    <E key="wizard_tele" value="1" >
    </E>
    <E key="wizard_twitchy" value="1" >
    </E>
    <E key="wizard_weaken" value="1" >
    </E>
    <E key="worm" value="2" >
    </E>
    <E key="worm_big" value="2" >
    </E>
    <E key="worm_tiny" value="1" >
    </E>
    <E key="zombie" value="3" >
    </E>
    <E key="zombie_weak" value="2" >
    </E>
  </kill_map>
</Stats>
