<Stats deaths="1" kills="28" player_kills="0" player_projectile_count="0" >
  <death_map>
    <E key="NULL | damage from material: lava" value="1" >
    </E>
  </death_map>
  <kill_map>
    <E key="bigfirebug" value="1" >
    </E>
    <E key="firebug" value="3" >
    </E>
    <E key="frog" value="3" >
    </E>
    <E key="giantshooter_weak" value="1" >
    </E>
    <E key="goblin_bomb" value="1" >
    </E>
    <E key="miner" value="1" >
    </E>
    <E key="miner_fire" value="4" >
    </E>
    <E key="miner_weak" value="1" >
    </E>
    <E key="rat" value="2" >
    </E>
    <E key="shotgunner" value="4" >
    </E>
    <E key="slimeshooter" value="2" >
    </E>
    <E key="slimeshooter_weak" value="1" >
    </E>
    <E key="zombie" value="1" >
    </E>
    <E key="zombie_weak" value="3" >
    </E>
  </kill_map>
</Stats>
