<Stats BUILD_NAME="Noita-Build-Jan 25 2025-15:55:41" >
  <stats biomes_visited_with_wands="7" damage_taken="36.1666" dead="1" death_count="0" death_pos.x="-382.283" death_pos.y="8578.37" enemies_killed="110" gold="425" gold_all="2935" gold_infinite="0" healed="0" heart_containers="0" hp="100" items="27" kicks="11" killed_by="Skoude | projectile" killed_by_extra="" places_visited="7" playtime="2446.07" playtime_str="0:40:46" projectiles_shot="7618" streaks="0" teleports="0" wands_edited="9" world_seed="505328555" >
  </stats>
  <biome_baseline biomes_visited_with_wands="3" damage_taken="3.51522" dead="0" death_count="0" death_pos.x="0" death_pos.y="0" enemies_killed="19" gold="135" gold_all="205" gold_infinite="0" healed="0" heart_containers="0" hp="100" items="5" kicks="9" killed_by="" killed_by_extra="" places_visited="3" playtime="478.933" playtime_str="0:07:58" projectiles_shot="572" streaks="0" teleports="0" wands_edited="1" world_seed="505328555" >
  </biome_baseline>
  <item_map>
  </item_map>
  <biomes_visited>
    <E key="$biome_coalmine" value="1" >
    </E>
    <E key="$biome_coalmine_alt" value="1" >
    </E>
    <E key="$biome_excavationsite" value="1" >
    </E>
    <E key="$biome_holymountain" value="1" >
    </E>
    <E key="$biome_rainforest" value="1" >
    </E>
    <E key="$biome_snowcastle" value="1" >
    </E>
    <E key="$biome_snowcave" value="1" >
    </E>
  </biomes_visited>
</Stats>
