<Stats BUILD_NAME="Noita-Build-Aug 12 2024-21:48:01" >
  <stats biomes_visited_with_wands="4" damage_taken="7.40146" dead="1" death_count="0" death_pos.x="58.5865" death_pos.y="1920.75" enemies_killed="10" gold="50" gold_all="110" gold_infinite="0" healed="0" heart_containers="0" hp="100" items="11" kicks="0" killed_by=" | explosion" killed_by_extra="" places_visited="4" playtime="238.767" playtime_str="0:03:58" projectiles_shot="1111" streaks="0" teleports="0" wands_edited="6" world_seed="1836696313" >
  </stats>
  <biome_baseline biomes_visited_with_wands="0" damage_taken="0" dead="0" death_count="0" death_pos.x="0" death_pos.y="0" enemies_killed="0" gold="0" gold_all="0" gold_infinite="0" healed="0" heart_containers="0" hp="100" items="0" kicks="0" killed_by="" killed_by_extra="" places_visited="0" playtime="0" playtime_str="" projectiles_shot="0" streaks="0" teleports="0" wands_edited="0" world_seed="0" >
  </biome_baseline>
  <item_map>
  </item_map>
  <biomes_visited>
    <E key="$biome_excavationsite" value="1" >
    </E>
    <E key="$biome_fungicave" value="1" >
    </E>
    <E key="$biome_holymountain" value="1" >
    </E>
    <E key="$biome_snowcave" value="1" >
    </E>
  </biomes_visited>
</Stats>
