<Stats BUILD_NAME="Noita-Build-Aug 12 2024-21:48:01" >
  <stats biomes_visited_with_wands="3" damage_taken="10.2762" dead="1" death_count="0" death_pos.x="-1029.89" death_pos.y="2375.51" enemies_killed="21" gold="1060" gold_all="1280" gold_infinite="0" healed="0" heart_containers="0" hp="100" items="12" kicks="1" killed_by=" | explosion" killed_by_extra="" places_visited="3" playtime="443.383" playtime_str="0:07:23" projectiles_shot="274" streaks="0" teleports="0" wands_edited="0" world_seed="1986448251" >
  </stats>
  <biome_baseline biomes_visited_with_wands="2" damage_taken="3.75" dead="0" death_count="0" death_pos.x="0" death_pos.y="0" enemies_killed="8" gold="930" gold_all="1150" gold_infinite="0" healed="0" heart_containers="0" hp="100" items="8" kicks="0" killed_by="" killed_by_extra="" places_visited="2" playtime="196.233" playtime_str="0:03:16" projectiles_shot="90" streaks="0" teleports="0" wands_edited="0" world_seed="1986448251" >
  </biome_baseline>
  <item_map>
  </item_map>
  <biomes_visited>
    <E key="$biome_coalmine" value="1" >
    </E>
    <E key="$biome_excavationsite" value="1" >
    </E>
    <E key="$biome_holymountain" value="1" >
    </E>
  </biomes_visited>
</Stats>
