<Stats deaths="1" kills="52" player_kills="0" player_projectile_count="0" >
  <death_map>
    <E key="roboguard | $damage_projectile" value="1" >
    </E>
  </death_map>
  <kill_map>
    <E key="acidshooter_weak" value="1" >
    </E>
    <E key="acidshot" value="1" >
    </E>
    <E key="alchemist" value="1" >
    </E>
    <E key="bat" value="3" >
    </E>
    <E key="bigfirebug" value="1" >
    </E>
    <E key="drone_physics" value="1" >
    </E>
    <E key="firebug" value="7" >
    </E>
    <E key="fly" value="5" >
    </E>
    <E key="flynest" value="1" >
    </E>
    <E key="fungus" value="1" >
    </E>
    <E key="longleg" value="10" >
    </E>
    <E key="miniblob" value="7" >
    </E>
    <E key="shotgunner" value="1" >
    </E>
    <E key="slimeshooter" value="2" >
    </E>
    <E key="tentacler" value="2" >
    </E>
    <E key="tentacler_small" value="1" >
    </E>
    <E key="wizard_dark" value="1" >
    </E>
    <E key="worm" value="1" >
    </E>
    <E key="zombie" value="1" >
    </E>
    <E key="zombie_weak" value="4" >
    </E>
  </kill_map>
</Stats>
