<Stats BUILD_NAME="Noita-Build-Aug 12 2024-21:48:01" >
  <stats biomes_visited_with_wands="9" damage_taken="7.43605" dead="1" death_count="0" death_pos.x="-1884.09" death_pos.y="210.207" enemies_killed="10" gold="254642" gold_all="255192" gold_infinite="0" healed="0" heart_containers="0" hp="100" items="13" kicks="10" killed_by=" | worm bite" killed_by_extra="" places_visited="9" playtime="1643.88" playtime_str="0:27:23" projectiles_shot="317" streaks="0" teleports="0" wands_edited="5" world_seed="595225203" >
  </stats>
  <biome_baseline biomes_visited_with_wands="0" damage_taken="0" dead="0" death_count="0" death_pos.x="0" death_pos.y="0" enemies_killed="0" gold="0" gold_all="0" gold_infinite="0" healed="0" heart_containers="0" hp="100" items="0" kicks="0" killed_by="" killed_by_extra="" places_visited="0" playtime="0" playtime_str="" projectiles_shot="0" streaks="0" teleports="0" wands_edited="0" world_seed="0" >
  </biome_baseline>
  <item_map>
  </item_map>
  <biomes_visited>
    <E key="$biome_coalmine" value="1" >
    </E>
    <E key="$biome_desert" value="1" >
    </E>
    <E key="$biome_excavationsite" value="1" >
    </E>
    <E key="$biome_gold" value="1" >
    </E>
    <E key="$biome_holymountain" value="1" >
    </E>
    <E key="$biome_lake" value="1" >
    </E>
    <E key="$biome_pyramid" value="1" >
    </E>
    <E key="$biome_watchtower" value="1" >
    </E>
    <E key="$biome_winter" value="1" >
    </E>
  </biomes_visited>
</Stats>
