<Stats deaths="1" kills="7" player_kills="1" player_projectile_count="0" >
  <death_map>
    <E key="player | $damage_explosion" value="1" >
    </E>
  </death_map>
  <kill_map>
    <E key="longleg" value="1" >
    </E>
    <E key="miner_weak" value="2" >
    </E>
    <E key="player" value="1" >
    </E>
    <E key="slimeshooter_weak" value="1" >
    </E>
    <E key="tnt" value="1" >
    </E>
    <E key="zombie_weak" value="1" >
    </E>
  </kill_map>
</Stats>
