<Stats BUILD_NAME="Noita-Build-Jan 25 2025-15:55:41" >
  <stats biomes_visited_with_wands="3" damage_taken="9.02539" dead="1" death_count="0" death_pos.x="-1737.91" death_pos.y="2072.88" enemies_killed="45" gold="309" gold_all="909" gold_infinite="0" healed="0" heart_containers="0" hp="100" items="9" kicks="8" killed_by=" | fire" killed_by_extra="" places_visited="3" playtime="839.35" playtime_str="0:13:59" projectiles_shot="372" streaks="0" teleports="0" wands_edited="2" world_seed="1027894740" >
  </stats>
  <biome_baseline biomes_visited_with_wands="2" damage_taken="3.625" dead="0" death_count="0" death_pos.x="0" death_pos.y="0" enemies_killed="26" gold="6" gold_all="606" gold_infinite="0" healed="0" heart_containers="0" hp="100" items="6" kicks="4" killed_by="" killed_by_extra="" places_visited="2" playtime="448.45" playtime_str="0:07:28" projectiles_shot="186" streaks="0" teleports="0" wands_edited="2" world_seed="1027894740" >
  </biome_baseline>
  <item_map>
  </item_map>
  <biomes_visited>
    <E key="$biome_coalmine" value="1" >
    </E>
    <E key="$biome_excavationsite" value="1" >
    </E>
    <E key="$biome_holymountain" value="1" >
    </E>
  </biomes_visited>
</Stats>
