<Stats BUILD_NAME="Noita-Build-Aug 12 2024-21:48:01" >
  <stats biomes_visited_with_wands="2" damage_taken="10.9" dead="1" death_count="0" death_pos.x="-238.898" death_pos.y="1339.61" enemies_killed="11" gold="47" gold_all="377" gold_infinite="0" healed="0" heart_containers="0" hp="100" items="11" kicks="0" killed_by=" | explosion" killed_by_extra="" places_visited="2" playtime="359.167" playtime_str="0:05:59" projectiles_shot="88" streaks="0" teleports="0" wands_edited="6" world_seed="1187929143" >
  </stats>
  <biome_baseline biomes_visited_with_wands="0" damage_taken="0" dead="0" death_count="0" death_pos.x="0" death_pos.y="0" enemies_killed="0" gold="0" gold_all="0" gold_infinite="0" healed="0" heart_containers="0" hp="100" items="0" kicks="0" killed_by="" killed_by_extra="" places_visited="0" playtime="0" playtime_str="" projectiles_shot="0" streaks="0" teleports="0" wands_edited="0" world_seed="0" >
  </biome_baseline>
  <item_map>
  </item_map>
  <biomes_visited>
    <E key="$biome_excavationsite" value="1" >
    </E>
    <E key="$biome_holymountain" value="1" >
    </E>
  </biomes_visited>
</Stats>
