<Stats BUILD_NAME="Noita-Build-Jan 25 2025-15:55:41" >
  <stats biomes_visited_with_wands="3" damage_taken="9.93113" dead="1" death_count="0" death_pos.x="-567.085" death_pos.y="2946.13" enemies_killed="25" gold="143" gold_all="543" gold_infinite="0" healed="0" heart_containers="0" hp="100" items="7" kicks="15" killed_by=" | explosion" killed_by_extra="" places_visited="3" playtime="675.267" playtime_str="0:11:15" projectiles_shot="1010" streaks="0" teleports="0" wands_edited="5" world_seed="181870015" >
  </stats>
  <biome_baseline biomes_visited_with_wands="2" damage_taken="0.553333" dead="0" death_count="0" death_pos.x="0" death_pos.y="0" enemies_killed="10" gold="153" gold_all="413" gold_infinite="0" healed="0" heart_containers="0" hp="100" items="5" kicks="0" killed_by="" killed_by_extra="" places_visited="2" playtime="255.817" playtime_str="0:04:15" projectiles_shot="148" streaks="0" teleports="0" wands_edited="2" world_seed="181870015" >
  </biome_baseline>
  <item_map>
  </item_map>
  <biomes_visited>
    <E key="$biome_coalmine" value="1" >
    </E>
    <E key="$biome_excavationsite" value="1" >
    </E>
    <E key="$biome_holymountain" value="1" >
    </E>
  </biomes_visited>
</Stats>
