<Stats BUILD_NAME="Noita-Build-Aug 12 2024-21:48:01" >
  <stats biomes_visited_with_wands="29" damage_taken="476.923" dead="1" death_count="0" death_pos.x="-11356.6" death_pos.y="12896.2" enemies_killed="853" gold="12298" gold_all="271318" gold_infinite="0" healed="256.2" heart_containers="0" hp="100" items="142" kicks="8" killed_by=" | plasma beam" killed_by_extra="" places_visited="29" playtime="16477.7" playtime_str="4:34:37" projectiles_shot="289645" streaks="0" teleports="3" wands_edited="34" world_seed="217595880" >
  </stats>
  <biome_baseline biomes_visited_with_wands="26" damage_taken="355.146" dead="0" death_count="0" death_pos.x="0" death_pos.y="0" enemies_killed="782" gold="11068" gold_all="270088" gold_infinite="0" healed="182.7" heart_containers="0" hp="100" items="128" kicks="8" killed_by="" killed_by_extra="" places_visited="26" playtime="15536.6" playtime_str="4:18:56" projectiles_shot="247106" streaks="0" teleports="3" wands_edited="28" world_seed="217595880" >
  </biome_baseline>
  <item_map>
  </item_map>
  <biomes_visited>
    <E key="$biome_boss_arena" value="1" >
    </E>
    <E key="$biome_boss_victoryroom" value="1" >
    </E>
    <E key="$biome_crypt" value="1" >
    </E>
    <E key="$biome_fun" value="1" >
    </E>
    <E key="$biome_ghost_secret" value="1" >
    </E>
    <E key="$biome_liquidcave" value="1" >
    </E>
    <E key="$biome_meat" value="1" >
    </E>
    <E key="$biome_robobase" value="1" >
    </E>
    <E key="$biome_sandcave" value="1" >
    </E>
    <E key="$biome_secret_lab" value="1" >
    </E>
    <E key="$biome_vault" value="1" >
    </E>
    <E key="$biome_vault_frozen" value="1" >
    </E>
    <E key="$biome_wandcave" value="1" >
    </E>
    <E key="$biome_winter_caves" value="1" >
    </E>
    <E key="$biome_wizardcave" value="1" >
    </E>
    <E key="east $biome_coalmine" value="1" >
    </E>
    <E key="east $biome_desert" value="1" >
    </E>
    <E key="east $biome_excavationsite" value="1" >
    </E>
    <E key="east $biome_fungicave" value="1" >
    </E>
    <E key="east $biome_holymountain" value="1" >
    </E>
    <E key="east $biome_lake" value="1" >
    </E>
    <E key="east $biome_rainforest" value="1" >
    </E>
    <E key="east $biome_snowcastle" value="1" >
    </E>
    <E key="east $biome_snowcave" value="1" >
    </E>
    <E key="east $biome_vault" value="1" >
    </E>
    <E key="east $biome_wandcave" value="1" >
    </E>
    <E key="east $biome_watchtower" value="1" >
    </E>
    <E key="east $biome_winter" value="1" >
    </E>
    <E key="east ???" value="1" >
    </E>
  </biomes_visited>
</Stats>
