<Stats deaths="1" kills="6" player_kills="0" player_projectile_count="0" >
  <death_map>
    <E key="NULL | $damage_explosion" value="1" >
    </E>
  </death_map>
  <kill_map>
    <E key="bigfirebug" value="1" >
    </E>
    <E key="firebug" value="1" >
    </E>
    <E key="goblin_bomb" value="1" >
    </E>
    <E key="miner" value="1" >
    </E>
    <E key="slimeshooter" value="1" >
    </E>
    <E key="slimeshooter_weak" value="1" >
    </E>
  </kill_map>
</Stats>
