<Stats BUILD_NAME="Noita-Build-Aug 12 2024-21:48:01" >
  <stats biomes_visited_with_wands="3" damage_taken="8.43779" dead="1" death_count="0" death_pos.x="-945.569" death_pos.y="1840.16" enemies_killed="11" gold="545" gold_all="545" gold_infinite="0" healed="0" heart_containers="0" hp="100" items="4" kicks="7" killed_by="Minä | fire" killed_by_extra="" places_visited="3" playtime="326.317" playtime_str="0:05:26" projectiles_shot="112" streaks="0" teleports="0" wands_edited="0" world_seed="830635184" >
  </stats>
  <biome_baseline biomes_visited_with_wands="2" damage_taken="3.8" dead="0" death_count="0" death_pos.x="0" death_pos.y="0" enemies_killed="8" gold="330" gold_all="330" gold_infinite="0" healed="0" heart_containers="0" hp="100" items="2" kicks="6" killed_by="" killed_by_extra="" places_visited="2" playtime="220.55" playtime_str="0:03:40" projectiles_shot="58" streaks="0" teleports="0" wands_edited="0" world_seed="830635184" >
  </biome_baseline>
  <item_map>
  </item_map>
  <biomes_visited>
    <E key="$biome_coalmine" value="1" >
    </E>
    <E key="$biome_excavationsite" value="1" >
    </E>
    <E key="$biome_holymountain" value="1" >
    </E>
  </biomes_visited>
</Stats>
