<Stats deaths="1" kills="26" player_kills="1" player_projectile_count="0" >
  <death_map>
    <E key="player | $damage_explosion" value="1" >
    </E>
  </death_map>
  <kill_map>
    <E key="bat" value="4" >
    </E>
    <E key="firebug" value="5" >
    </E>
    <E key="miner" value="2" >
    </E>
    <E key="miner_weak" value="1" >
    </E>
    <E key="player" value="1" >
    </E>
    <E key="rat" value="1" >
    </E>
    <E key="scavenger_grenade" value="1" >
    </E>
    <E key="scavenger_smg" value="2" >
    </E>
    <E key="shotgunner_weak" value="3" >
    </E>
    <E key="slime" value="3" >
    </E>
    <E key="slimeshooter_weak" value="1" >
    </E>
    <E key="slimespirit" value="1" >
    </E>
    <E key="thunderskull" value="1" >
    </E>
  </kill_map>
</Stats>
