<Stats deaths="1" kills="31" player_kills="0" player_projectile_count="0" >
  <death_map>
    <E key="slimeshooter | $damage_explosion" value="1" >
    </E>
  </death_map>
  <kill_map>
    <E key="bat" value="6" >
    </E>
    <E key="bigfirebug" value="2" >
    </E>
    <E key="frog" value="2" >
    </E>
    <E key="goblin_bomb" value="1" >
    </E>
    <E key="miner" value="2" >
    </E>
    <E key="miner_weak" value="2" >
    </E>
    <E key="scavenger_mine" value="1" >
    </E>
    <E key="shotgunner" value="1" >
    </E>
    <E key="shotgunner_weak" value="4" >
    </E>
    <E key="slimeshooter" value="1" >
    </E>
    <E key="slimeshooter_weak" value="1" >
    </E>
    <E key="zombie" value="1" >
    </E>
    <E key="zombie_weak" value="7" >
    </E>
  </kill_map>
</Stats>
