<Stats deaths="1" kills="82" player_kills="0" player_projectile_count="0" >
  <death_map>
    <E key="NULL | damage from material: lava" value="1" >
    </E>
  </death_map>
  <kill_map>
    <E key="acidshooter" value="2" >
    </E>
    <E key="acidshot" value="4" >
    </E>
    <E key="bigfirebug" value="1" >
    </E>
    <E key="blob" value="2" >
    </E>
    <E key="firemage_weak" value="1" >
    </E>
    <E key="fish" value="1" >
    </E>
    <E key="frog" value="1" >
    </E>
    <E key="goblin_bomb" value="1" >
    </E>
    <E key="iceskull" value="1" >
    </E>
    <E key="longleg" value="9" >
    </E>
    <E key="miniblob" value="21" >
    </E>
    <E key="rat" value="11" >
    </E>
    <E key="scavenger_grenade" value="5" >
    </E>
    <E key="shotgunner" value="2" >
    </E>
    <E key="slimeshooter" value="4" >
    </E>
    <E key="slimeshooter_weak" value="2" >
    </E>
    <E key="tank" value="1" >
    </E>
    <E key="tank_rocket" value="1" >
    </E>
    <E key="tentacler_small" value="4" >
    </E>
    <E key="wizard_dark" value="1" >
    </E>
    <E key="wizard_twitchy" value="1" >
    </E>
    <E key="zombie" value="5" >
    </E>
    <E key="zombie_weak" value="1" >
    </E>
  </kill_map>
</Stats>
