<Stats deaths="1" kills="11" player_kills="1" player_projectile_count="0" >
  <death_map>
    <E key="player | $damage_fire" value="1" >
    </E>
  </death_map>
  <kill_map>
    <E key="firebug" value="1" >
    </E>
    <E key="longleg" value="1" >
    </E>
    <E key="miner_weak" value="1" >
    </E>
    <E key="player" value="1" >
    </E>
    <E key="shotgunner" value="1" >
    </E>
    <E key="slimeshooter_weak" value="3" >
    </E>
    <E key="zombie_weak" value="3" >
    </E>
  </kill_map>
</Stats>
