<Stats BUILD_NAME="Noita-Build-Jan 25 2025-15:55:41" >
  <stats biomes_visited_with_wands="3" damage_taken="4.041" dead="1" death_count="0" death_pos.x="-646" death_pos.y="1040.05" enemies_killed="22" gold="279" gold_all="279" gold_infinite="0" healed="0" heart_containers="0" hp="100" items="3" kicks="3" killed_by=" | explosion" killed_by_extra="" places_visited="3" playtime="281.017" playtime_str="0:04:41" projectiles_shot="121" streaks="0" teleports="0" wands_edited="0" world_seed="1208075028" >
  </stats>
  <biome_baseline biomes_visited_with_wands="0" damage_taken="0" dead="0" death_count="0" death_pos.x="0" death_pos.y="0" enemies_killed="0" gold="0" gold_all="0" gold_infinite="0" healed="0" heart_containers="0" hp="100" items="0" kicks="0" killed_by="" killed_by_extra="" places_visited="0" playtime="0" playtime_str="" projectiles_shot="0" streaks="0" teleports="0" wands_edited="0" world_seed="0" >
  </biome_baseline>
  <item_map>
  </item_map>
  <biomes_visited>
    <E key="$biome_coalmine" value="1" >
    </E>
    <E key="$biome_coalmine_alt" value="1" >
    </E>
    <E key="$biome_holymountain" value="1" >
    </E>
  </biomes_visited>
</Stats>
