<Stats BUILD_NAME="Noita-Build-Aug 12 2024-21:48:01" >
  <stats biomes_visited_with_wands="4" damage_taken="9.94733" dead="1" death_count="0" death_pos.x="2140.05" death_pos.y="4012.02" enemies_killed="6" gold="225" gold_all="295" gold_infinite="0" healed="0" heart_containers="0" hp="100" items="6" kicks="1" killed_by=" | damage from material: freezing vapour" killed_by_extra="" places_visited="4" playtime="572.2" playtime_str="0:09:32" projectiles_shot="118" streaks="0" teleports="0" wands_edited="0" world_seed="858743982" >
  </stats>
  <biome_baseline biomes_visited_with_wands="3" damage_taken="5.14133" dead="0" death_count="0" death_pos.x="0" death_pos.y="0" enemies_killed="6" gold="135" gold_all="205" gold_infinite="0" healed="0" heart_containers="0" hp="100" items="5" kicks="1" killed_by="" killed_by_extra="" places_visited="3" playtime="469.833" playtime_str="0:07:49" projectiles_shot="112" streaks="0" teleports="0" wands_edited="0" world_seed="858743982" >
  </biome_baseline>
  <item_map>
  </item_map>
  <biomes_visited>
    <E key="$biome_coalmine" value="1" >
    </E>
    <E key="$biome_excavationsite" value="1" >
    </E>
    <E key="$biome_holymountain" value="1" >
    </E>
    <E key="$biome_snowcave" value="1" >
    </E>
  </biomes_visited>
</Stats>
