<Stats deaths="1" kills="88" player_kills="0" player_projectile_count="0" >
  <death_map>
    <E key="NULL | $damage_explosion" value="1" >
    </E>
  </death_map>
  <kill_map>
    <E key="acidshot" value="2" >
    </E>
    <E key="bat" value="2" >
    </E>
    <E key="bigfirebug" value="2" >
    </E>
    <E key="bloom" value="1" >
    </E>
    <E key="chest_mimic" value="1" >
    </E>
    <E key="drone_lasership" value="2" >
    </E>
    <E key="firebug" value="5" >
    </E>
    <E key="fish" value="6" >
    </E>
    <E key="fly" value="5" >
    </E>
    <E key="fungus" value="1" >
    </E>
    <E key="iceskull" value="3" >
    </E>
    <E key="longleg" value="9" >
    </E>
    <E key="lukki" value="1" >
    </E>
    <E key="lukki_longleg" value="1" >
    </E>
    <E key="miner" value="1" >
    </E>
    <E key="miner_weak" value="1" >
    </E>
    <E key="monk" value="1" >
    </E>
    <E key="necromancer_shop" value="1" >
    </E>
    <E key="rat" value="5" >
    </E>
    <E key="scavenger_clusterbomb" value="1" >
    </E>
    <E key="scavenger_grenade" value="8" >
    </E>
    <E key="scavenger_heal" value="3" >
    </E>
    <E key="scavenger_mine" value="1" >
    </E>
    <E key="scavenger_smg" value="8" >
    </E>
    <E key="shooterflower" value="2" >
    </E>
    <E key="shotgunner" value="4" >
    </E>
    <E key="shotgunner_weak" value="2" >
    </E>
    <E key="slimeshooter" value="2" >
    </E>
    <E key="slimeshooter_weak" value="1" >
    </E>
    <E key="worm_tiny" value="1" >
    </E>
    <E key="zombie_weak" value="5" >
    </E>
  </kill_map>
</Stats>
