<Stats deaths="1" kills="59" player_kills="0" player_projectile_count="0" >
  <death_map>
    <E key="NULL | damage from material: acid" value="1" >
    </E>
  </death_map>
  <kill_map>
    <E key="acidshooter" value="1" >
    </E>
    <E key="acidshot" value="14" >
    </E>
    <E key="bat" value="2" >
    </E>
    <E key="bigfirebug" value="1" >
    </E>
    <E key="firebug" value="5" >
    </E>
    <E key="fly" value="3" >
    </E>
    <E key="flynest" value="1" >
    </E>
    <E key="giantshooter_weak" value="1" >
    </E>
    <E key="longleg" value="12" >
    </E>
    <E key="miner" value="1" >
    </E>
    <E key="miner_weak" value="1" >
    </E>
    <E key="miniblob" value="1" >
    </E>
    <E key="rat" value="3" >
    </E>
    <E key="roboguard" value="1" >
    </E>
    <E key="shotgunner" value="2" >
    </E>
    <E key="slimeshooter" value="4" >
    </E>
    <E key="slimeshooter_weak" value="2" >
    </E>
    <E key="spidernest" value="1" >
    </E>
    <E key="tentacler" value="1" >
    </E>
    <E key="wizard_tele" value="1" >
    </E>
    <E key="zombie" value="1" >
    </E>
  </kill_map>
</Stats>
