<Stats BUILD_NAME="Noita-Build-Aug 12 2024-21:48:01" >
  <stats biomes_visited_with_wands="4" damage_taken="14.7675" dead="1" death_count="0" death_pos.x="346.696" death_pos.y="1585.26" enemies_killed="3" gold="416" gold_all="456" gold_infinite="0" healed="0" heart_containers="0" hp="100" items="12" kicks="0" killed_by="Kranuhiisi | projectile" killed_by_extra="" places_visited="4" playtime="298.833" playtime_str="0:04:58" projectiles_shot="134" streaks="0" teleports="0" wands_edited="2" world_seed="2089197659" >
  </stats>
  <biome_baseline biomes_visited_with_wands="2" damage_taken="8.136" dead="0" death_count="0" death_pos.x="0" death_pos.y="0" enemies_killed="3" gold="166" gold_all="206" gold_infinite="0" healed="0" heart_containers="0" hp="100" items="11" kicks="0" killed_by="" killed_by_extra="" places_visited="2" playtime="224.267" playtime_str="0:03:44" projectiles_shot="81" streaks="0" teleports="0" wands_edited="1" world_seed="2089197659" >
  </biome_baseline>
  <item_map>
  </item_map>
  <biomes_visited>
    <E key="$biome_excavationsite" value="1" >
    </E>
    <E key="$biome_holymountain" value="1" >
    </E>
    <E key="$biome_snowcastle" value="1" >
    </E>
    <E key="$biome_snowcave" value="1" >
    </E>
  </biomes_visited>
</Stats>
