<Stats BUILD_NAME="Noita-Build-Aug 12 2024-21:48:01" >
  <stats biomes_visited_with_wands="3" damage_taken="5.27166" dead="1" death_count="0" death_pos.x="191.863" death_pos.y="1536.52" enemies_killed="0" gold="40" gold_all="110" gold_infinite="0" healed="0" heart_containers="0" hp="100" items="9" kicks="0" killed_by=" | plasma beam" killed_by_extra="" places_visited="3" playtime="215.183" playtime_str="0:03:35" projectiles_shot="34" streaks="0" teleports="0" wands_edited="4" world_seed="948116527" >
  </stats>
  <biome_baseline biomes_visited_with_wands="0" damage_taken="0" dead="0" death_count="0" death_pos.x="0" death_pos.y="0" enemies_killed="0" gold="0" gold_all="0" gold_infinite="0" healed="0" heart_containers="0" hp="100" items="0" kicks="0" killed_by="" killed_by_extra="" places_visited="0" playtime="0" playtime_str="" projectiles_shot="0" streaks="0" teleports="0" wands_edited="0" world_seed="0" >
  </biome_baseline>
  <item_map>
  </item_map>
  <biomes_visited>
    <E key="$biome_excavationsite" value="1" >
    </E>
    <E key="$biome_holymountain" value="1" >
    </E>
    <E key="$biome_snowcastle" value="1" >
    </E>
  </biomes_visited>
</Stats>
