<Stats BUILD_NAME="Noita-Build-Aug 12 2024-21:48:01" >
  <stats biomes_visited_with_wands="4" damage_taken="14.2959" dead="0" death_count="0" death_pos.x="0" death_pos.y="0" enemies_killed="11" gold="1174" gold_all="1674" gold_infinite="0" healed="0" heart_containers="0" hp="100" items="20" kicks="6" killed_by="" killed_by_extra="" places_visited="4" playtime="866.25" playtime_str="0:14:26" projectiles_shot="323" streaks="0" teleports="0" wands_edited="8" world_seed="1399691198" >
  </stats>
  <biome_baseline biomes_visited_with_wands="3" damage_taken="8.43781" dead="0" death_count="0" death_pos.x="0" death_pos.y="0" enemies_killed="11" gold="4" gold_all="504" gold_infinite="0" healed="0" heart_containers="0" hp="100" items="10" kicks="3" killed_by="" killed_by_extra="" places_visited="3" playtime="466.467" playtime_str="0:07:46" projectiles_shot="98" streaks="0" teleports="0" wands_edited="5" world_seed="1399691198" >
  </biome_baseline>
  <item_map>
  </item_map>
  <biomes_visited>
    <E key="$biome_coalmine" value="1" >
    </E>
    <E key="$biome_excavationsite" value="1" >
    </E>
    <E key="$biome_holymountain" value="1" >
    </E>
    <E key="$biome_snowcave" value="1" >
    </E>
  </biomes_visited>
</Stats>
