<Stats deaths="0" kills="25" player_kills="0" player_projectile_count="0" >
  <death_map>
  </death_map>
  <kill_map>
    <E key="acidshot" value="1" >
    </E>
    <E key="bigfirebug" value="1" >
    </E>
    <E key="cocktail" value="1" >
    </E>
    <E key="fish" value="1" >
    </E>
    <E key="iceskull" value="5" >
    </E>
    <E key="miner_weak" value="1" >
    </E>
    <E key="rat" value="2" >
    </E>
    <E key="scavenger_grenade" value="2" >
    </E>
    <E key="scavenger_smg" value="2" >
    </E>
    <E key="shotgunner" value="1" >
    </E>
    <E key="slimeshooter" value="2" >
    </E>
    <E key="sniper" value="4" >
    </E>
    <E key="worm_big" value="1" >
    </E>
    <E key="zombie_weak" value="1" >
    </E>
  </kill_map>
</Stats>
