<Stats deaths="1" kills="120" player_kills="0" player_projectile_count="0" >
  <death_map>
    <E key="NULL | $damage_electricity" value="1" >
    </E>
  </death_map>
  <kill_map>
    <E key="drone_lasership" value="5" >
    </E>
    <E key="firebug" value="1" >
    </E>
    <E key="longleg" value="2" >
    </E>
    <E key="miner" value="7" >
    </E>
    <E key="miner_weak" value="5" >
    </E>
    <E key="miniblob" value="8" >
    </E>
    <E key="scavenger_grenade" value="33" >
    </E>
    <E key="scavenger_heal" value="1" >
    </E>
    <E key="scavenger_invis" value="2" >
    </E>
    <E key="scavenger_leader" value="1" >
    </E>
    <E key="scavenger_smg" value="24" >
    </E>
    <E key="shotgunner" value="6" >
    </E>
    <E key="shotgunner_weak" value="2" >
    </E>
    <E key="slimeshooter" value="3" >
    </E>
    <E key="slimeshooter_weak" value="2" >
    </E>
    <E key="sniper" value="4" >
    </E>
    <E key="tank" value="5" >
    </E>
    <E key="tentacler" value="2" >
    </E>
    <E key="tentacler_small" value="2" >
    </E>
    <E key="tnt" value="1" >
    </E>
    <E key="zombie_weak" value="4" >
    </E>
  </kill_map>
</Stats>
