<Stats BUILD_NAME="Noita-Build-Jan 25 2025-15:55:41" >
  <stats biomes_visited_with_wands="46" damage_taken="535.329" dead="0" death_count="0" death_pos.x="0" death_pos.y="0" enemies_killed="2416" gold="1368" gold_all="31373" gold_infinite="0" healed="160.47" heart_containers="0" hp="100" items="190" kicks="102" killed_by="" killed_by_extra="" places_visited="46" playtime="20878.2" playtime_str="5:47:58" projectiles_shot="400679" streaks="0" teleports="3" wands_edited="58" world_seed="1718602593" >
  </stats>
  <biome_baseline biomes_visited_with_wands="43" damage_taken="435.309" dead="0" death_count="0" death_pos.x="0" death_pos.y="0" enemies_killed="2243" gold="7058" gold_all="31363" gold_infinite="0" healed="148.7" heart_containers="0" hp="100" items="181" kicks="102" killed_by="" killed_by_extra="" places_visited="43" playtime="19160" playtime_str="5:19:20" projectiles_shot="358251" streaks="0" teleports="3" wands_edited="56" world_seed="1718602593" >
  </biome_baseline>
  <item_map>
  </item_map>
  <biomes_visited>
    <E key="$biome_barren" value="1" >
    </E>
    <E key="$biome_boss_arena" value="1" >
    </E>
    <E key="$biome_boss_sky" value="1" >
    </E>
    <E key="$biome_coalmine" value="1" >
    </E>
    <E key="$biome_coalmine_alt" value="1" >
    </E>
    <E key="$biome_crypt" value="1" >
    </E>
    <E key="$biome_darkness" value="1" >
    </E>
    <E key="$biome_desert" value="1" >
    </E>
    <E key="$biome_dragoncave" value="1" >
    </E>
    <E key="$biome_excavationsite" value="1" >
    </E>
    <E key="$biome_fun" value="1" >
    </E>
    <E key="$biome_fungicave" value="1" >
    </E>
    <E key="$biome_holymountain" value="1" >
    </E>
    <E key="$biome_lake" value="1" >
    </E>
    <E key="$biome_liquidcave" value="1" >
    </E>
    <E key="$biome_meat" value="1" >
    </E>
    <E key="$biome_mestari_secret" value="1" >
    </E>
    <E key="$biome_orbroom" value="1" >
    </E>
    <E key="$biome_potion_mimics" value="1" >
    </E>
    <E key="$biome_pyramid" value="1" >
    </E>
    <E key="$biome_rainforest" value="1" >
    </E>
    <E key="$biome_rainforest_dark" value="1" >
    </E>
    <E key="$biome_robobase" value="1" >
    </E>
    <E key="$biome_sandcave" value="1" >
    </E>
    <E key="$biome_secret_lab" value="1" >
    </E>
    <E key="$biome_snowcastle" value="1" >
    </E>
    <E key="$biome_snowcave" value="1" >
    </E>
    <E key="$biome_vault" value="1" >
    </E>
    <E key="$biome_watchtower" value="1" >
    </E>
    <E key="$biome_water" value="1" >
    </E>
    <E key="$biome_winter" value="1" >
    </E>
    <E key="$biome_wizardcave" value="1" >
    </E>
    <E key="???" value="1" >
    </E>
    <E key="west $biome_coalmine" value="1" >
    </E>
    <E key="west $biome_coalmine_alt" value="1" >
    </E>
    <E key="west $biome_desert" value="1" >
    </E>
    <E key="west $biome_excavationsite" value="1" >
    </E>
    <E key="west $biome_fungicave" value="1" >
    </E>
    <E key="west $biome_holymountain" value="1" >
    </E>
    <E key="west $biome_pyramid" value="1" >
    </E>
    <E key="west $biome_rainforest" value="1" >
    </E>
    <E key="west $biome_snowcastle" value="1" >
    </E>
    <E key="west $biome_snowcave" value="1" >
    </E>
    <E key="west $biome_vault" value="1" >
    </E>
    <E key="west $biome_watchtower" value="1" >
    </E>
    <E key="west $biome_winter" value="1" >
    </E>
  </biomes_visited>
</Stats>
