<Stats BUILD_NAME="Noita-Build-Aug 12 2024-21:48:01" >
  <stats biomes_visited_with_wands="5" damage_taken="10.4802" dead="1" death_count="0" death_pos.x="-3296.36" death_pos.y="1565.28" enemies_killed="59" gold="1213" gold_all="1433" gold_infinite="0" healed="0" heart_containers="0" hp="100" items="19" kicks="2" killed_by=" | damage from material: acid" killed_by_extra="" places_visited="5" playtime="847.017" playtime_str="0:14:07" projectiles_shot="671" streaks="0" teleports="6" wands_edited="3" world_seed="1986448251" >
  </stats>
  <biome_baseline biomes_visited_with_wands="3" damage_taken="3.95" dead="0" death_count="0" death_pos.x="0" death_pos.y="0" enemies_killed="9" gold="840" gold_all="1060" gold_infinite="0" healed="0" heart_containers="0" hp="100" items="10" kicks="0" killed_by="" killed_by_extra="" places_visited="3" playtime="288.467" playtime_str="0:04:48" projectiles_shot="145" streaks="0" teleports="0" wands_edited="3" world_seed="1986448251" >
  </biome_baseline>
  <item_map>
  </item_map>
  <biomes_visited>
    <E key="$biome_coalmine" value="1" >
    </E>
    <E key="$biome_coalmine_alt" value="1" >
    </E>
    <E key="$biome_excavationsite" value="1" >
    </E>
    <E key="$biome_fungicave" value="1" >
    </E>
    <E key="$biome_holymountain" value="1" >
    </E>
  </biomes_visited>
</Stats>
