<Stats BUILD_NAME="Noita-Build-Aug 12 2024-21:48:01" >
  <stats biomes_visited_with_wands="6" damage_taken="16.1677" dead="0" death_count="0" death_pos.x="0" death_pos.y="0" enemies_killed="48" gold="639" gold_all="999" gold_infinite="0" healed="0" heart_containers="0" hp="100" items="19" kicks="3" killed_by="" killed_by_extra="" places_visited="6" playtime="1309.42" playtime_str="0:21:49" projectiles_shot="2154" streaks="0" teleports="9" wands_edited="4" world_seed="1440800910" >
  </stats>
  <biome_baseline biomes_visited_with_wands="5" damage_taken="9.34546" dead="0" death_count="0" death_pos.x="0" death_pos.y="0" enemies_killed="41" gold="639" gold_all="999" gold_infinite="0" healed="0" heart_containers="0" hp="100" items="14" kicks="3" killed_by="" killed_by_extra="" places_visited="5" playtime="868.267" playtime_str="0:14:28" projectiles_shot="1765" streaks="0" teleports="0" wands_edited="4" world_seed="1440800910" >
  </biome_baseline>
  <item_map>
  </item_map>
  <biomes_visited>
    <E key="$biome_coalmine" value="1" >
    </E>
    <E key="$biome_excavationsite" value="1" >
    </E>
    <E key="$biome_fungicave" value="1" >
    </E>
    <E key="$biome_holymountain" value="1" >
    </E>
    <E key="$biome_snowcastle" value="1" >
    </E>
    <E key="$biome_snowcave" value="1" >
    </E>
  </biomes_visited>
</Stats>
