<Stats BUILD_NAME="Noita-Build-Aug 12 2024-21:48:01" >
  <stats biomes_visited_with_wands="4" damage_taken="11.6898" dead="0" death_count="0" death_pos.x="0" death_pos.y="0" enemies_killed="25" gold="858" gold_all="1088" gold_infinite="0" healed="0" heart_containers="0" hp="100" items="15" kicks="8" killed_by="" killed_by_extra="" places_visited="4" playtime="894.3" playtime_str="0:14:54" projectiles_shot="550" streaks="0" teleports="0" wands_edited="6" world_seed="1665115851" >
  </stats>
  <biome_baseline biomes_visited_with_wands="3" damage_taken="7.33398" dead="0" death_count="0" death_pos.x="0" death_pos.y="0" enemies_killed="8" gold="138" gold_all="368" gold_infinite="0" healed="0" heart_containers="0" hp="100" items="11" kicks="7" killed_by="" killed_by_extra="" places_visited="3" playtime="513.033" playtime_str="0:08:33" projectiles_shot="193" streaks="0" teleports="0" wands_edited="4" world_seed="1665115851" >
  </biome_baseline>
  <item_map>
  </item_map>
  <biomes_visited>
    <E key="$biome_coalmine" value="1" >
    </E>
    <E key="$biome_excavationsite" value="1" >
    </E>
    <E key="$biome_holymountain" value="1" >
    </E>
    <E key="$biome_snowcave" value="1" >
    </E>
  </biomes_visited>
</Stats>
