<Stats BUILD_NAME="Noita-Build-Aug 12 2024-21:48:01" >
  <stats biomes_visited_with_wands="4" damage_taken="8.93973" dead="1" death_count="0" death_pos.x="-2737" death_pos.y="1624.42" enemies_killed="35" gold="2408" gold_all="2628" gold_infinite="0" healed="0" heart_containers="0" hp="100" items="14" kicks="30" killed_by="Turso | melee" killed_by_extra="" places_visited="4" playtime="646.3" playtime_str="0:10:46" projectiles_shot="320" streaks="0" teleports="1" wands_edited="3" world_seed="1986448251" >
  </stats>
  <biome_baseline biomes_visited_with_wands="2" damage_taken="1.571" dead="0" death_count="0" death_pos.x="0" death_pos.y="0" enemies_killed="8" gold="830" gold_all="1050" gold_infinite="0" healed="0" heart_containers="0" hp="100" items="8" kicks="29" killed_by="" killed_by_extra="" places_visited="2" playtime="249.3" playtime_str="0:04:09" projectiles_shot="94" streaks="0" teleports="0" wands_edited="3" world_seed="1986448251" >
  </biome_baseline>
  <item_map>
  </item_map>
  <biomes_visited>
    <E key="$biome_coalmine" value="1" >
    </E>
    <E key="$biome_excavationsite" value="1" >
    </E>
    <E key="$biome_fungicave" value="1" >
    </E>
    <E key="$biome_holymountain" value="1" >
    </E>
  </biomes_visited>
</Stats>
