<Stats deaths="1" kills="110" player_kills="0" player_projectile_count="0" >
  <death_map>
    <E key="necromancer_super | $damage_projectile" value="1" >
    </E>
  </death_map>
  <kill_map>
    <E key="bat" value="1" >
    </E>
    <E key="bloom" value="3" >
    </E>
    <E key="drone_lasership" value="2" >
    </E>
    <E key="firebug" value="2" >
    </E>
    <E key="fly" value="10" >
    </E>
    <E key="glue" value="2" >
    </E>
    <E key="iceskull" value="2" >
    </E>
    <E key="longleg" value="4" >
    </E>
    <E key="lukki_eggs" value="2" >
    </E>
    <E key="lukki_longleg" value="1" >
    </E>
    <E key="lukki_tiny" value="5" >
    </E>
    <E key="mine_scavenger" value="1" >
    </E>
    <E key="miner" value="1" >
    </E>
    <E key="miner_weak" value="5" >
    </E>
    <E key="necromancer_shop" value="3" >
    </E>
    <E key="rat" value="6" >
    </E>
    <E key="scavenger_clusterbomb" value="1" >
    </E>
    <E key="scavenger_grenade" value="18" >
    </E>
    <E key="scavenger_leader" value="2" >
    </E>
    <E key="scavenger_poison" value="3" >
    </E>
    <E key="scavenger_smg" value="13" >
    </E>
    <E key="shooterflower" value="1" >
    </E>
    <E key="shotgunner" value="3" >
    </E>
    <E key="shotgunner_weak" value="2" >
    </E>
    <E key="slimeshooter" value="7" >
    </E>
    <E key="slimeshooter_weak" value="4" >
    </E>
    <E key="sniper" value="2" >
    </E>
    <E key="tank" value="1" >
    </E>
    <E key="wizard_twitchy" value="1" >
    </E>
    <E key="zombie" value="1" >
    </E>
    <E key="zombie_weak" value="1" >
    </E>
  </kill_map>
</Stats>
