<Stats deaths="0" kills="2415" player_kills="0" player_projectile_count="0" >
  <death_map>
  </death_map>
  <kill_map>
    <E key="acidshooter" value="20" >
    </E>
    <E key="acidshot" value="20" >
    </E>
    <E key="alchemist" value="4" >
    </E>
    <E key="ant" value="8" >
    </E>
    <E key="arrowtrap_left" value="5" >
    </E>
    <E key="arrowtrap_right" value="4" >
    </E>
    <E key="assassin" value="6" >
    </E>
    <E key="barfer" value="2" >
    </E>
    <E key="basebot_neutralizer" value="4" >
    </E>
    <E key="basebot_sentry" value="3" >
    </E>
    <E key="bat" value="41" >
    </E>
    <E key="bigbat" value="2" >
    </E>
    <E key="bigfirebug" value="7" >
    </E>
    <E key="bigzombie" value="15" >
    </E>
    <E key="bigzombiehead" value="17" >
    </E>
    <E key="bigzombietorso" value="15" >
    </E>
    <E key="blob" value="99" >
    </E>
    <E key="bloodcrystal_physics" value="5" >
    </E>
    <E key="bloom" value="20" >
    </E>
    <E key="boss_alchemist" value="1" >
    </E>
    <E key="boss_dragon" value="1" >
    </E>
    <E key="boss_meat" value="1" >
    </E>
    <E key="boss_pit" value="1" >
    </E>
    <E key="boss_sky" value="1" >
    </E>
    <E key="confusespirit" value="5" >
    </E>
    <E key="coward" value="10" >
    </E>
    <E key="dripping_oil" value="1" >
    </E>
    <E key="dripping_radioactive" value="1" >
    </E>
    <E key="dripping_water" value="3" >
    </E>
    <E key="drone_lasership" value="26" >
    </E>
    <E key="drone_physics" value="10" >
    </E>
    <E key="duck" value="4" >
    </E>
    <E key="eel" value="1" >
    </E>
    <E key="egg_fire" value="1" >
    </E>
    <E key="egg_hollow" value="25" >
    </E>
    <E key="egg_monster" value="2" >
    </E>
    <E key="egg_red" value="3" >
    </E>
    <E key="egg_slime" value="3" >
    </E>
    <E key="elk" value="2" >
    </E>
    <E key="enlightened_alchemist" value="2" >
    </E>
    <E key="failed_alchemist" value="1" >
    </E>
    <E key="failed_alchemist_b" value="4" >
    </E>
    <E key="failed_alchemist_orb" value="4" >
    </E>
    <E key="firebug" value="29" >
    </E>
    <E key="firebugnest" value="1" >
    </E>
    <E key="firemage" value="4" >
    </E>
    <E key="firemage_weak" value="4" >
    </E>
    <E key="firetrap_left" value="1" >
    </E>
    <E key="firetrap_right" value="1" >
    </E>
    <E key="fish" value="12" >
    </E>
    <E key="flamer" value="7" >
    </E>
    <E key="fly" value="38" >
    </E>
    <E key="frog" value="2" >
    </E>
    <E key="frog_big" value="17" >
    </E>
    <E key="fungus" value="54" >
    </E>
    <E key="fungus_big" value="32" >
    </E>
    <E key="fungus_giga" value="12" >
    </E>
    <E key="fungus_tiny" value="95" >
    </E>
    <E key="giant" value="1" >
    </E>
    <E key="glue" value="16" >
    </E>
    <E key="goblin_bomb" value="3" >
    </E>
    <E key="healerdrone_physics" value="1" >
    </E>
    <E key="icemage" value="1" >
    </E>
    <E key="icer" value="3" >
    </E>
    <E key="iceskull" value="11" >
    </E>
    <E key="lasergun" value="2" >
    </E>
    <E key="lasershooter" value="4" >
    </E>
    <E key="longleg" value="7" >
    </E>
    <E key="lukki" value="6" >
    </E>
    <E key="lukki_eggs" value="1" >
    </E>
    <E key="lukki_longleg" value="7" >
    </E>
    <E key="lukki_tiny" value="2" >
    </E>
    <E key="maggot" value="1" >
    </E>
    <E key="meatmaggot" value="2" >
    </E>
    <E key="mimic_potion" value="1" >
    </E>
    <E key="mine_scavenger" value="7" >
    </E>
    <E key="miner" value="23" >
    </E>
    <E key="miner_fire" value="3" >
    </E>
    <E key="miner_hell" value="5" >
    </E>
    <E key="miner_weak" value="11" >
    </E>
    <E key="miniblob" value="744" >
    </E>
    <E key="missilecrab" value="4" >
    </E>
    <E key="monk" value="6" >
    </E>
    <E key="music_machine_02" value="1" >
    </E>
    <E key="necrobot" value="1" >
    </E>
    <E key="necromancer" value="4" >
    </E>
    <E key="necromancer_shop" value="3" >
    </E>
    <E key="necromancer_super" value="2" >
    </E>
    <E key="pebble_physics" value="2" >
    </E>
    <E key="phantom_a" value="5" >
    </E>
    <E key="phantom_b" value="9" >
    </E>
    <E key="physics_torch_stand" value="1" >
    </E>
    <E key="pipe_bomb" value="1" >
    </E>
    <E key="playerghost" value="3" >
    </E>
    <E key="pollen" value="18" >
    </E>
    <E key="polyorb" value="1" >
    </E>
    <E key="rat" value="40" >
    </E>
    <E key="roboguard" value="11" >
    </E>
    <E key="roboguard_big" value="3" >
    </E>
    <E key="root_grower" value="5" >
    </E>
    <E key="scavenger_clusterbomb" value="12" >
    </E>
    <E key="scavenger_glue" value="18" >
    </E>
    <E key="scavenger_grenade" value="149" >
    </E>
    <E key="scavenger_heal" value="16" >
    </E>
    <E key="scavenger_invis" value="13" >
    </E>
    <E key="scavenger_leader" value="13" >
    </E>
    <E key="scavenger_mine" value="4" >
    </E>
    <E key="scavenger_poison" value="13" >
    </E>
    <E key="scavenger_smg" value="63" >
    </E>
    <E key="scorpion" value="2" >
    </E>
    <E key="scorpion_watchtower" value="13" >
    </E>
    <E key="sheep" value="56" >
    </E>
    <E key="sheep_bat" value="2" >
    </E>
    <E key="sheep_fly" value="5" >
    </E>
    <E key="shooterflower" value="7" >
    </E>
    <E key="shotgunner" value="32" >
    </E>
    <E key="shotgunner_hell" value="12" >
    </E>
    <E key="shotgunner_weak" value="4" >
    </E>
    <E key="skullfly" value="17" >
    </E>
    <E key="skullrat" value="24" >
    </E>
    <E key="slime" value="1" >
    </E>
    <E key="slimeshooter" value="11" >
    </E>
    <E key="slimeshooter_boss_limbs" value="3" >
    </E>
    <E key="slimeshooter_nontoxic" value="13" >
    </E>
    <E key="slimeshooter_weak" value="4" >
    </E>
    <E key="slimespirit" value="2" >
    </E>
    <E key="sniper" value="34" >
    </E>
    <E key="sniper_hell" value="6" >
    </E>
    <E key="spearbot" value="1" >
    </E>
    <E key="spittrap_left" value="1" >
    </E>
    <E key="tank" value="24" >
    </E>
    <E key="tank_rocket" value="7" >
    </E>
    <E key="tank_super" value="2" >
    </E>
    <E key="tentacler" value="18" >
    </E>
    <E key="tentacler_small" value="29" >
    </E>
    <E key="thundermage" value="6" >
    </E>
    <E key="thunderskull" value="5" >
    </E>
    <E key="turret_left" value="1" >
    </E>
    <E key="turret_right" value="1" >
    </E>
    <E key="wizard_dark" value="3" >
    </E>
    <E key="wizard_hearty" value="4" >
    </E>
    <E key="wizard_neutral" value="2" >
    </E>
    <E key="wizard_poly" value="3" >
    </E>
    <E key="wizard_returner" value="7" >
    </E>
    <E key="wizard_swapper" value="8" >
    </E>
    <E key="wizard_tele" value="12" >
    </E>
    <E key="wizard_twitchy" value="5" >
    </E>
    <E key="worm" value="1" >
    </E>
    <E key="worm_skull" value="1" >
    </E>
    <E key="zombie" value="15" >
    </E>
    <E key="zombie_weak" value="9" >
    </E>
  </kill_map>
</Stats>
