<Stats BUILD_NAME="Noita-Build-Aug 12 2024-21:48:01" >
  <stats biomes_visited_with_wands="1" damage_taken="4.00065" dead="1" death_count="0" death_pos.x="-343.321" death_pos.y="808.847" enemies_killed="6" gold="51" gold_all="51" gold_infinite="0" healed="0" heart_containers="0" hp="100" items="3" kicks="8" killed_by=" | fire" killed_by_extra="" places_visited="1" playtime="159" playtime_str="0:02:39" projectiles_shot="65" streaks="0" teleports="0" wands_edited="0" world_seed="1986448251" >
  </stats>
  <biome_baseline biomes_visited_with_wands="0" damage_taken="0" dead="0" death_count="0" death_pos.x="0" death_pos.y="0" enemies_killed="0" gold="0" gold_all="0" gold_infinite="0" healed="0" heart_containers="0" hp="100" items="0" kicks="0" killed_by="" killed_by_extra="" places_visited="0" playtime="0" playtime_str="" projectiles_shot="0" streaks="0" teleports="0" wands_edited="0" world_seed="0" >
  </biome_baseline>
  <item_map>
  </item_map>
  <biomes_visited>
    <E key="$biome_coalmine" value="1" >
    </E>
  </biomes_visited>
</Stats>
