<Stats BUILD_NAME="Noita-Build-Jan 25 2025-15:55:41" >
  <stats biomes_visited_with_wands="6" damage_taken="24.84" dead="1" death_count="0" death_pos.x="-495.499" death_pos.y="6050.18" enemies_killed="76" gold="1181" gold_all="1711" gold_infinite="0" healed="0" heart_containers="0" hp="100" items="17" kicks="21" killed_by=" | explosion" killed_by_extra="" places_visited="6" playtime="1540.63" playtime_str="0:25:40" projectiles_shot="12226" streaks="0" teleports="0" wands_edited="8" world_seed="1550806118" >
  </stats>
  <biome_baseline biomes_visited_with_wands="6" damage_taken="13.35" dead="0" death_count="0" death_pos.x="0" death_pos.y="0" enemies_killed="56" gold="851" gold_all="1381" gold_infinite="0" healed="0" heart_containers="0" hp="100" items="17" kicks="20" killed_by="" killed_by_extra="" places_visited="6" playtime="1311.75" playtime_str="0:21:51" projectiles_shot="9277" streaks="0" teleports="0" wands_edited="8" world_seed="1550806118" >
  </biome_baseline>
  <item_map>
  </item_map>
  <biomes_visited>
    <E key="$biome_coalmine" value="1" >
    </E>
    <E key="$biome_excavationsite" value="1" >
    </E>
    <E key="$biome_fungicave" value="1" >
    </E>
    <E key="$biome_holymountain" value="1" >
    </E>
    <E key="$biome_snowcastle" value="1" >
    </E>
    <E key="$biome_snowcave" value="1" >
    </E>
  </biomes_visited>
</Stats>
