<Stats deaths="1" kills="21" player_kills="0" player_projectile_count="0" >
  <death_map>
    <E key="NULL | $damage_explosion" value="1" >
    </E>
  </death_map>
  <kill_map>
    <E key="acidshooter_weak" value="1" >
    </E>
    <E key="firebug" value="3" >
    </E>
    <E key="goblin_bomb" value="1" >
    </E>
    <E key="longleg" value="1" >
    </E>
    <E key="miner" value="5" >
    </E>
    <E key="miner_weak" value="3" >
    </E>
    <E key="rat" value="1" >
    </E>
    <E key="shotgunner" value="1" >
    </E>
    <E key="shotgunner_weak" value="1" >
    </E>
    <E key="slimeshooter" value="2" >
    </E>
    <E key="zombie_weak" value="2" >
    </E>
  </kill_map>
</Stats>
