<Stats deaths="1" kills="17" player_kills="0" player_projectile_count="0" >
  <death_map>
    <E key="NULL | $damage_fire" value="1" >
    </E>
  </death_map>
  <kill_map>
    <E key="acidshooter" value="1" >
    </E>
    <E key="drone_physics" value="1" >
    </E>
    <E key="firebug" value="4" >
    </E>
    <E key="longleg" value="2" >
    </E>
    <E key="miner_weak" value="1" >
    </E>
    <E key="rat" value="2" >
    </E>
    <E key="scavenger_invis" value="1" >
    </E>
    <E key="shotgunner" value="2" >
    </E>
    <E key="slimeshooter" value="1" >
    </E>
    <E key="slimeshooter_weak" value="1" >
    </E>
    <E key="zombie_weak" value="1" >
    </E>
  </kill_map>
</Stats>
