<Stats BUILD_NAME="Noita-Build-Jan 25 2025-15:55:41" >
  <stats biomes_visited_with_wands="4" damage_taken="13.1083" dead="1" death_count="0" death_pos.x="-211.206" death_pos.y="2860.23" enemies_killed="14" gold="743" gold_all="1453" gold_infinite="0" healed="0" heart_containers="0" hp="100" items="8" kicks="2" killed_by="Stevari | projectile" killed_by_extra="" places_visited="4" playtime="351.9" playtime_str="0:05:51" projectiles_shot="166" streaks="0" teleports="0" wands_edited="3" world_seed="1718602593" >
  </stats>
  <biome_baseline biomes_visited_with_wands="0" damage_taken="0" dead="0" death_count="0" death_pos.x="0" death_pos.y="0" enemies_killed="0" gold="0" gold_all="0" gold_infinite="0" healed="0" heart_containers="0" hp="100" items="0" kicks="0" killed_by="" killed_by_extra="" places_visited="0" playtime="0" playtime_str="" projectiles_shot="0" streaks="0" teleports="0" wands_edited="0" world_seed="0" >
  </biome_baseline>
  <item_map>
  </item_map>
  <biomes_visited>
    <E key="$biome_coalmine" value="1" >
    </E>
    <E key="$biome_coalmine_alt" value="1" >
    </E>
    <E key="$biome_excavationsite" value="1" >
    </E>
    <E key="$biome_holymountain" value="1" >
    </E>
  </biomes_visited>
</Stats>
