<Stats BUILD_NAME="Noita-Build-Aug 12 2024-21:48:01" >
  <stats biomes_visited_with_wands="4" damage_taken="10.3448" dead="1" death_count="0" death_pos.x="947.282" death_pos.y="3873.81" enemies_killed="9" gold="154" gold_all="1504" gold_infinite="0" healed="0" heart_containers="0" hp="100" items="14" kicks="16" killed_by="Rynkkyhiisi | projectile" killed_by_extra="" places_visited="4" playtime="1258.58" playtime_str="0:20:58" projectiles_shot="210" streaks="0" teleports="0" wands_edited="6" world_seed="1125127545" >
  </stats>
  <biome_baseline biomes_visited_with_wands="4" damage_taken="5.35599" dead="0" death_count="0" death_pos.x="0" death_pos.y="0" enemies_killed="8" gold="94" gold_all="1444" gold_infinite="0" healed="0" heart_containers="0" hp="100" items="13" kicks="16" killed_by="" killed_by_extra="" places_visited="4" playtime="1134.1" playtime_str="0:18:54" projectiles_shot="191" streaks="0" teleports="0" wands_edited="6" world_seed="1125127545" >
  </biome_baseline>
  <item_map>
  </item_map>
  <biomes_visited>
    <E key="$biome_coalmine" value="1" >
    </E>
    <E key="$biome_excavationsite" value="1" >
    </E>
    <E key="$biome_holymountain" value="1" >
    </E>
    <E key="$biome_snowcave" value="1" >
    </E>
  </biomes_visited>
</Stats>
