<Stats BUILD_NAME="Noita-Build-Aug 12 2024-21:48:01" >
  <stats biomes_visited_with_wands="4" damage_taken="11.1517" dead="1" death_count="0" death_pos.x="-1244.62" death_pos.y="3268" enemies_killed="12" gold="1123" gold_all="1153" gold_infinite="0" healed="0" heart_containers="0" hp="100" items="8" kicks="0" killed_by=" | damage from material: freezing liquid" killed_by_extra="" places_visited="4" playtime="439.417" playtime_str="0:07:19" projectiles_shot="214" streaks="0" teleports="0" wands_edited="4" world_seed="1623616590" >
  </stats>
  <biome_baseline biomes_visited_with_wands="3" damage_taken="6.104" dead="0" death_count="0" death_pos.x="0" death_pos.y="0" enemies_killed="10" gold="113" gold_all="143" gold_infinite="0" healed="0" heart_containers="0" hp="100" items="6" kicks="0" killed_by="" killed_by_extra="" places_visited="3" playtime="324.7" playtime_str="0:05:24" projectiles_shot="86" streaks="0" teleports="0" wands_edited="4" world_seed="1623616590" >
  </biome_baseline>
  <item_map>
  </item_map>
  <biomes_visited>
    <E key="$biome_coalmine" value="1" >
    </E>
    <E key="$biome_excavationsite" value="1" >
    </E>
    <E key="$biome_holymountain" value="1" >
    </E>
    <E key="$biome_snowcave" value="1" >
    </E>
  </biomes_visited>
</Stats>
