<Stats BUILD_NAME="Noita-Build-Aug 12 2024-21:48:01" >
  <stats biomes_visited_with_wands="4" damage_taken="8.63345" dead="1" death_count="0" death_pos.x="-1315.72" death_pos.y="1970.64" enemies_killed="28" gold="1168" gold_all="1428" gold_infinite="0" healed="0" heart_containers="0" hp="100" items="12" kicks="2" killed_by=" | damage from material: lava" killed_by_extra="" places_visited="4" playtime="486.5" playtime_str="0:08:06" projectiles_shot="243" streaks="0" teleports="0" wands_edited="4" world_seed="1986448251" >
  </stats>
  <biome_baseline biomes_visited_with_wands="3" damage_taken="2.10666" dead="0" death_count="0" death_pos.x="0" death_pos.y="0" enemies_killed="16" gold="990" gold_all="1250" gold_infinite="0" healed="0" heart_containers="0" hp="100" items="11" kicks="2" killed_by="" killed_by_extra="" places_visited="3" playtime="338.883" playtime_str="0:05:38" projectiles_shot="148" streaks="0" teleports="0" wands_edited="4" world_seed="1986448251" >
  </biome_baseline>
  <item_map>
  </item_map>
  <biomes_visited>
    <E key="$biome_coalmine" value="1" >
    </E>
    <E key="$biome_coalmine_alt" value="1" >
    </E>
    <E key="$biome_excavationsite" value="1" >
    </E>
    <E key="$biome_holymountain" value="1" >
    </E>
  </biomes_visited>
</Stats>
