<Stats BUILD_NAME="Noita-Build-Aug 12 2024-21:48:01" >
  <stats biomes_visited_with_wands="4" damage_taken="10.0703" dead="1" death_count="0" death_pos.x="-1728.87" death_pos.y="2627.9" enemies_killed="44" gold="1060" gold_all="1150" gold_infinite="0" healed="0" heart_containers="0" hp="100" items="10" kicks="5" killed_by=" | damage from material: acid" killed_by_extra="" places_visited="4" playtime="521.45" playtime_str="0:08:41" projectiles_shot="289" streaks="0" teleports="0" wands_edited="1" world_seed="955274486" >
  </stats>
  <biome_baseline biomes_visited_with_wands="3" damage_taken="3.94666" dead="0" death_count="0" death_pos.x="0" death_pos.y="0" enemies_killed="29" gold="206" gold_all="296" gold_infinite="0" healed="0" heart_containers="0" hp="100" items="6" kicks="5" killed_by="" killed_by_extra="" places_visited="3" playtime="285.217" playtime_str="0:04:45" projectiles_shot="148" streaks="0" teleports="0" wands_edited="1" world_seed="955274486" >
  </biome_baseline>
  <item_map>
  </item_map>
  <biomes_visited>
    <E key="$biome_coalmine" value="1" >
    </E>
    <E key="$biome_coalmine_alt" value="1" >
    </E>
    <E key="$biome_excavationsite" value="1" >
    </E>
    <E key="$biome_holymountain" value="1" >
    </E>
  </biomes_visited>
</Stats>
