<Stats deaths="1" kills="45" player_kills="0" player_projectile_count="0" >
  <death_map>
    <E key="NULL | $damage_fire" value="1" >
    </E>
  </death_map>
  <kill_map>
    <E key="acidshooter_weak" value="1" >
    </E>
    <E key="bat" value="3" >
    </E>
    <E key="bigfirebug" value="3" >
    </E>
    <E key="firebug" value="8" >
    </E>
    <E key="firebugnest" value="1" >
    </E>
    <E key="longleg" value="12" >
    </E>
    <E key="miner" value="1" >
    </E>
    <E key="miner_weak" value="3" >
    </E>
    <E key="sheep" value="1" >
    </E>
    <E key="shotgunner" value="2" >
    </E>
    <E key="shotgunner_weak" value="1" >
    </E>
    <E key="slimeshooter_weak" value="3" >
    </E>
    <E key="zombie_weak" value="6" >
    </E>
  </kill_map>
</Stats>
