<Stats deaths="1" kills="35" player_kills="0" player_projectile_count="0" >
  <death_map>
    <E key="tentacler | $damage_melee" value="1" >
    </E>
  </death_map>
  <kill_map>
    <E key="acidshooter" value="1" >
    </E>
    <E key="acidshot" value="2" >
    </E>
    <E key="bat" value="2" >
    </E>
    <E key="bigfirebug" value="1" >
    </E>
    <E key="drone_physics" value="1" >
    </E>
    <E key="firebug" value="6" >
    </E>
    <E key="fungus" value="1" >
    </E>
    <E key="giantshooter_weak" value="1" >
    </E>
    <E key="goblin_bomb" value="1" >
    </E>
    <E key="mine" value="1" >
    </E>
    <E key="miner" value="1" >
    </E>
    <E key="miner_weak" value="2" >
    </E>
    <E key="rat" value="2" >
    </E>
    <E key="shotgunner" value="3" >
    </E>
    <E key="slimeshooter" value="5" >
    </E>
    <E key="slimeshooter_weak" value="2" >
    </E>
    <E key="tentacler" value="1" >
    </E>
    <E key="zombie" value="1" >
    </E>
    <E key="zombie_weak" value="1" >
    </E>
  </kill_map>
</Stats>
