<Stats BUILD_NAME="Noita-Build-Aug 12 2024-21:48:01" >
  <stats biomes_visited_with_wands="4" damage_taken="6.92538" dead="1" death_count="0" death_pos.x="-2032.93" death_pos.y="2253.37" enemies_killed="17" gold="1120" gold_all="1340" gold_infinite="0" healed="0" heart_containers="0" hp="100" items="13" kicks="2" killed_by=" | fire" killed_by_extra="" places_visited="4" playtime="391.2" playtime_str="0:06:31" projectiles_shot="188" streaks="0" teleports="0" wands_edited="0" world_seed="1986448251" >
  </stats>
  <biome_baseline biomes_visited_with_wands="2" damage_taken="1.52499" dead="0" death_count="0" death_pos.x="0" death_pos.y="0" enemies_killed="4" gold="850" gold_all="1070" gold_infinite="0" healed="0" heart_containers="0" hp="100" items="7" kicks="1" killed_by="" killed_by_extra="" places_visited="2" playtime="105.167" playtime_str="0:01:45" projectiles_shot="32" streaks="0" teleports="0" wands_edited="0" world_seed="1986448251" >
  </biome_baseline>
  <item_map>
  </item_map>
  <biomes_visited>
    <E key="$biome_coalmine" value="1" >
    </E>
    <E key="$biome_excavationsite" value="1" >
    </E>
    <E key="$biome_fungicave" value="1" >
    </E>
    <E key="$biome_holymountain" value="1" >
    </E>
  </biomes_visited>
</Stats>
