<Stats BUILD_NAME="Noita-Build-Aug 12 2024-21:48:01" >
  <stats biomes_visited_with_wands="6" damage_taken="12.97" dead="1" death_count="0" death_pos.x="2589" death_pos.y="899.123" enemies_killed="82" gold="1273" gold_all="1653" gold_infinite="0" healed="0" heart_containers="0" hp="100" items="18" kicks="7" killed_by=" | damage from material: lava" killed_by_extra="" places_visited="6" playtime="1465.7" playtime_str="0:24:25" projectiles_shot="2115" streaks="0" teleports="3" wands_edited="7" world_seed="2061862966" >
  </stats>
  <biome_baseline biomes_visited_with_wands="3" damage_taken="3.29199" dead="0" death_count="0" death_pos.x="0" death_pos.y="0" enemies_killed="8" gold="110" gold_all="490" gold_infinite="0" healed="0" heart_containers="0" hp="100" items="10" kicks="5" killed_by="" killed_by_extra="" places_visited="3" playtime="416.233" playtime_str="0:06:56" projectiles_shot="124" streaks="0" teleports="0" wands_edited="3" world_seed="2061862966" >
  </biome_baseline>
  <item_map>
  </item_map>
  <biomes_visited>
    <E key="$biome_coalmine" value="1" >
    </E>
    <E key="$biome_coalmine_alt" value="1" >
    </E>
    <E key="$biome_excavationsite" value="1" >
    </E>
    <E key="$biome_fungicave" value="1" >
    </E>
    <E key="$biome_holymountain" value="1" >
    </E>
    <E key="$biome_snowcave" value="1" >
    </E>
  </biomes_visited>
</Stats>
