<Stats deaths="0" kills="247" player_kills="0" player_projectile_count="0" >
  <death_map>
  </death_map>
  <kill_map>
    <E key="acidshooter" value="3" >
    </E>
    <E key="acidshooter_weak" value="1" >
    </E>
    <E key="alchemist" value="1" >
    </E>
    <E key="ant" value="2" >
    </E>
    <E key="bat" value="10" >
    </E>
    <E key="bigbat" value="1" >
    </E>
    <E key="blob" value="6" >
    </E>
    <E key="chest_mimic" value="1" >
    </E>
    <E key="coward" value="1" >
    </E>
    <E key="drone_lasership" value="6" >
    </E>
    <E key="drone_physics" value="1" >
    </E>
    <E key="firebug" value="6" >
    </E>
    <E key="firemage_weak" value="2" >
    </E>
    <E key="fireskull" value="3" >
    </E>
    <E key="fish" value="15" >
    </E>
    <E key="frog" value="1" >
    </E>
    <E key="fungus" value="1" >
    </E>
    <E key="goblin_bomb" value="2" >
    </E>
    <E key="longleg" value="1" >
    </E>
    <E key="miner" value="9" >
    </E>
    <E key="miner_fire" value="2" >
    </E>
    <E key="miner_weak" value="10" >
    </E>
    <E key="miniblob" value="36" >
    </E>
    <E key="necromancer_shop" value="2" >
    </E>
    <E key="necromancer_super" value="1" >
    </E>
    <E key="rat" value="11" >
    </E>
    <E key="roboguard" value="2" >
    </E>
    <E key="scavenger_grenade" value="28" >
    </E>
    <E key="scavenger_heal" value="4" >
    </E>
    <E key="scavenger_invis" value="2" >
    </E>
    <E key="scavenger_leader" value="2" >
    </E>
    <E key="scavenger_smg" value="26" >
    </E>
    <E key="shotgunner" value="11" >
    </E>
    <E key="shotgunner_weak" value="1" >
    </E>
    <E key="slimeshooter" value="3" >
    </E>
    <E key="slimeshooter_weak" value="1" >
    </E>
    <E key="sniper" value="2" >
    </E>
    <E key="tank" value="3" >
    </E>
    <E key="tentacler" value="2" >
    </E>
    <E key="tentacler_small" value="1" >
    </E>
    <E key="tnt" value="1" >
    </E>
    <E key="turret_left" value="1" >
    </E>
    <E key="turret_right" value="1" >
    </E>
    <E key="wizard_dark" value="4" >
    </E>
    <E key="wizard_twitchy" value="1" >
    </E>
    <E key="zombie" value="10" >
    </E>
    <E key="zombie_weak" value="6" >
    </E>
  </kill_map>
</Stats>
