<Stats BUILD_NAME="Noita-Build-Aug 12 2024-21:48:01" >
  <stats biomes_visited_with_wands="12" damage_taken="31.3041" dead="0" death_count="0" death_pos.x="0" death_pos.y="0" enemies_killed="247" gold="206789" gold_all="259599" gold_infinite="0" healed="16.2" heart_containers="0" hp="100" items="47" kicks="22" killed_by="" killed_by_extra="" places_visited="12" playtime="5461.02" playtime_str="1:31:01" projectiles_shot="56844" streaks="0" teleports="0" wands_edited="18" world_seed="1045679281" >
  </stats>
  <biome_baseline biomes_visited_with_wands="0" damage_taken="0" dead="0" death_count="0" death_pos.x="0" death_pos.y="0" enemies_killed="0" gold="0" gold_all="0" gold_infinite="0" healed="0" heart_containers="0" hp="100" items="0" kicks="0" killed_by="" killed_by_extra="" places_visited="0" playtime="0" playtime_str="" projectiles_shot="0" streaks="0" teleports="0" wands_edited="0" world_seed="0" >
  </biome_baseline>
  <item_map>
  </item_map>
  <biomes_visited>
    <E key="$biome_coalmine" value="1" >
    </E>
    <E key="$biome_coalmine_alt" value="1" >
    </E>
    <E key="$biome_desert" value="1" >
    </E>
    <E key="$biome_excavationsite" value="1" >
    </E>
    <E key="$biome_fungicave" value="1" >
    </E>
    <E key="$biome_gold" value="1" >
    </E>
    <E key="$biome_holymountain" value="1" >
    </E>
    <E key="$biome_lake" value="1" >
    </E>
    <E key="$biome_snowcastle" value="1" >
    </E>
    <E key="$biome_snowcave" value="1" >
    </E>
    <E key="$biome_watchtower" value="1" >
    </E>
    <E key="$biome_winter" value="1" >
    </E>
  </biomes_visited>
</Stats>
