<Stats deaths="1" kills="79" player_kills="0" player_projectile_count="0" >
  <death_map>
    <E key="necromancer_shop | $damage_explosion" value="1" >
    </E>
  </death_map>
  <kill_map>
    <E key="bat" value="5" >
    </E>
    <E key="bigfirebug" value="2" >
    </E>
    <E key="blob" value="1" >
    </E>
    <E key="essence_eater" value="1" >
    </E>
    <E key="firebug" value="6" >
    </E>
    <E key="fish" value="1" >
    </E>
    <E key="giant" value="2" >
    </E>
    <E key="glitter_bomb" value="3" >
    </E>
    <E key="goblin_bomb" value="1" >
    </E>
    <E key="iceskull" value="2" >
    </E>
    <E key="longleg" value="1" >
    </E>
    <E key="miner" value="3" >
    </E>
    <E key="miner_weak" value="1" >
    </E>
    <E key="miniblob" value="8" >
    </E>
    <E key="pebble_physics" value="2" >
    </E>
    <E key="rat" value="12" >
    </E>
    <E key="scavenger_grenade" value="3" >
    </E>
    <E key="scavenger_smg" value="1" >
    </E>
    <E key="shotgunner" value="7" >
    </E>
    <E key="shotgunner_weak" value="3" >
    </E>
    <E key="slimeshooter" value="3" >
    </E>
    <E key="slimeshooter_weak" value="1" >
    </E>
    <E key="sniper" value="1" >
    </E>
    <E key="tentacler_small" value="1" >
    </E>
    <E key="zombie" value="3" >
    </E>
    <E key="zombie_weak" value="5" >
    </E>
  </kill_map>
</Stats>
