<Stats BUILD_NAME="Noita-Build-Aug 12 2024-21:48:01" >
  <stats biomes_visited_with_wands="3" damage_taken="9.22059" dead="1" death_count="0" death_pos.x="829.03" death_pos.y="2410.9" enemies_killed="10" gold="311" gold_all="311" gold_infinite="0" healed="0" heart_containers="0" hp="100" items="7" kicks="3" killed_by=" | explosion" killed_by_extra="" places_visited="3" playtime="572.65" playtime_str="0:09:32" projectiles_shot="223" streaks="0" teleports="0" wands_edited="0" world_seed="590801369" >
  </stats>
  <biome_baseline biomes_visited_with_wands="2" damage_taken="3.615" dead="0" death_count="0" death_pos.x="0" death_pos.y="0" enemies_killed="6" gold="146" gold_all="146" gold_infinite="0" healed="0" heart_containers="0" hp="100" items="6" kicks="3" killed_by="" killed_by_extra="" places_visited="2" playtime="413.133" playtime_str="0:06:53" projectiles_shot="81" streaks="0" teleports="0" wands_edited="0" world_seed="590801369" >
  </biome_baseline>
  <item_map>
  </item_map>
  <biomes_visited>
    <E key="$biome_coalmine" value="1" >
    </E>
    <E key="$biome_excavationsite" value="1" >
    </E>
    <E key="$biome_holymountain" value="1" >
    </E>
  </biomes_visited>
</Stats>
