<Stats BUILD_NAME="Noita-Build-Aug 12 2024-21:48:01" >
  <stats biomes_visited_with_wands="5" damage_taken="1.505" dead="1" death_count="0" death_pos.x="-16214.5" death_pos.y="-6347.58" enemies_killed="1" gold="216" gold_all="571" gold_infinite="0" healed="0" heart_containers="0" hp="100" items="2" kicks="1" killed_by=" | explosion" killed_by_extra="" places_visited="5" playtime="908.933" playtime_str="0:15:08" projectiles_shot="1589" streaks="0" teleports="0" wands_edited="0" world_seed="936906238" >
  </stats>
  <biome_baseline biomes_visited_with_wands="0" damage_taken="0" dead="0" death_count="0" death_pos.x="0" death_pos.y="0" enemies_killed="0" gold="0" gold_all="0" gold_infinite="0" healed="0" heart_containers="0" hp="100" items="0" kicks="0" killed_by="" killed_by_extra="" places_visited="0" playtime="0" playtime_str="" projectiles_shot="0" streaks="0" teleports="0" wands_edited="0" world_seed="0" >
  </biome_baseline>
  <item_map>
  </item_map>
  <biomes_visited>
    <E key="$biome_clouds" value="1" >
    </E>
    <E key="$biome_desert" value="1" >
    </E>
    <E key="$biome_lake" value="1" >
    </E>
    <E key="$biome_winter" value="1" >
    </E>
    <E key="???" value="1" >
    </E>
  </biomes_visited>
</Stats>
