<Stats BUILD_NAME="Noita-Build-Aug 12 2024-21:48:01" >
  <stats biomes_visited_with_wands="4" damage_taken="13.5412" dead="1" death_count="0" death_pos.x="1634.58" death_pos.y="3456.85" enemies_killed="26" gold="597" gold_all="717" gold_infinite="0" healed="0" heart_containers="0" hp="100" items="8" kicks="4" killed_by=" | explosion" killed_by_extra="" places_visited="4" playtime="1051.68" playtime_str="0:17:31" projectiles_shot="644" streaks="0" teleports="0" wands_edited="4" world_seed="40828956" >
  </stats>
  <biome_baseline biomes_visited_with_wands="3" damage_taken="5.72846" dead="0" death_count="0" death_pos.x="0" death_pos.y="0" enemies_killed="21" gold="547" gold_all="667" gold_infinite="0" healed="0" heart_containers="0" hp="100" items="7" kicks="4" killed_by="" killed_by_extra="" places_visited="3" playtime="916.333" playtime_str="0:15:16" projectiles_shot="415" streaks="0" teleports="0" wands_edited="4" world_seed="40828956" >
  </biome_baseline>
  <item_map>
  </item_map>
  <biomes_visited>
    <E key="$biome_coalmine" value="1" >
    </E>
    <E key="$biome_excavationsite" value="1" >
    </E>
    <E key="$biome_holymountain" value="1" >
    </E>
    <E key="$biome_snowcave" value="1" >
    </E>
  </biomes_visited>
</Stats>
