<Stats deaths="1" kills="17" player_kills="0" player_projectile_count="0" >
  <death_map>
    <E key="NULL | damage from material: acid" value="1" >
    </E>
  </death_map>
  <kill_map>
    <E key="dripping_water" value="1" >
    </E>
    <E key="giantshooter_weak" value="1" >
    </E>
    <E key="longleg" value="4" >
    </E>
    <E key="miner_weak" value="2" >
    </E>
    <E key="shotgunner_weak" value="2" >
    </E>
    <E key="slimeshooter_weak" value="1" >
    </E>
    <E key="zombie_weak" value="6" >
    </E>
  </kill_map>
</Stats>
