<Stats deaths="1" kills="33" player_kills="0" player_projectile_count="0" >
  <death_map>
    <E key="NULL | $damage_projectile" value="1" >
    </E>
  </death_map>
  <kill_map>
    <E key="acidshooter_weak" value="1" >
    </E>
    <E key="bat" value="4" >
    </E>
    <E key="iceskull" value="1" >
    </E>
    <E key="longleg" value="1" >
    </E>
    <E key="miner" value="1" >
    </E>
    <E key="miner_weak" value="2" >
    </E>
    <E key="rat" value="1" >
    </E>
    <E key="scavenger_grenade" value="7" >
    </E>
    <E key="scavenger_smg" value="5" >
    </E>
    <E key="shotgunner" value="2" >
    </E>
    <E key="slimeshooter" value="4" >
    </E>
    <E key="slimeshooter_weak" value="1" >
    </E>
    <E key="tank" value="1" >
    </E>
    <E key="zombie_weak" value="2" >
    </E>
  </kill_map>
</Stats>
