<Stats deaths="1" kills="9" player_kills="0" player_projectile_count="0" >
  <death_map>
    <E key="scavenger_smg | $damage_projectile" value="1" >
    </E>
  </death_map>
  <kill_map>
    <E key="bat" value="1" >
    </E>
    <E key="firebug" value="2" >
    </E>
    <E key="miner" value="2" >
    </E>
    <E key="pebble_physics" value="1" >
    </E>
    <E key="scavenger_grenade" value="1" >
    </E>
    <E key="shotgunner" value="1" >
    </E>
    <E key="worm_tiny" value="1" >
    </E>
  </kill_map>
</Stats>
