<Stats deaths="1" kills="44" player_kills="0" player_projectile_count="0" >
  <death_map>
    <E key="NULL | damage from material: acid" value="1" >
    </E>
  </death_map>
  <kill_map>
    <E key="bat" value="4" >
    </E>
    <E key="bigfirebug" value="1" >
    </E>
    <E key="frog" value="4" >
    </E>
    <E key="goblin_bomb" value="1" >
    </E>
    <E key="longleg" value="6" >
    </E>
    <E key="miner" value="2" >
    </E>
    <E key="miner_weak" value="7" >
    </E>
    <E key="playerghost" value="1" >
    </E>
    <E key="rat" value="1" >
    </E>
    <E key="shotgunner" value="7" >
    </E>
    <E key="slimeshooter" value="4" >
    </E>
    <E key="slimeshooter_weak" value="1" >
    </E>
    <E key="slimespirit" value="1" >
    </E>
    <E key="tentacler_small" value="1" >
    </E>
    <E key="zombie" value="1" >
    </E>
    <E key="zombie_weak" value="2" >
    </E>
  </kill_map>
</Stats>
